scope,record_id,estimator_name,metric_name,value,stratum_json,metadata_json
per_series,openneuro_ds002691_sub-001_task-internalattention_E1_seg-0001,DFA,parameter_variant_sensitivity,0.0,"{""channel"": ""E1"", ""condition"": ""continuous_window"", ""segment_id"": ""seg-0001"", ""series_index"": 0, ""session"": ""n/a"", ""source_kind"": ""csv_series_index"", ""source_path"": ""C:/Users/davia/biomedical_engineering/benchmarking/lrdbench/configs/suites/data/openneuro_ds002691_pilot/csv/openneuro_ds002691_sub-001_task-internalattention_E1_seg-0001.csv"", ""subject"": ""sub-001""}","{""base_estimator_name"": ""DFA"", ""center"": 0.9999, ""n_variants"": 2, ""stratum_key"": [[""channel"", ""E1""], [""condition"", ""continuous_window""], [""segment_id"", ""seg-0001""], [""series_index"", 0], [""session"", ""n/a""], [""source_kind"", ""csv_series_index""], [""source_path"", ""C:/Users/davia/biomedical_engineering/benchmarking/lrdbench/configs/suites/data/openneuro_ds002691_pilot/csv/openneuro_ds002691_sub-001_task-internalattention_E1_seg-0001.csv""], [""subject"", ""sub-001""]], ""variant_estimator_names"": [""DFA::short_scales"", ""DFA::balanced_scales""], ""variant_names"": [""short_scales"", ""balanced_scales""]}"
per_series,openneuro_ds002691_sub-001_task-internalattention_E1_seg-0001,DFA,max_variant_drift,0.0,"{""channel"": ""E1"", ""condition"": ""continuous_window"", ""segment_id"": ""seg-0001"", ""series_index"": 0, ""session"": ""n/a"", ""source_kind"": ""csv_series_index"", ""source_path"": ""C:/Users/davia/biomedical_engineering/benchmarking/lrdbench/configs/suites/data/openneuro_ds002691_pilot/csv/openneuro_ds002691_sub-001_task-internalattention_E1_seg-0001.csv"", ""subject"": ""sub-001""}","{""base_estimator_name"": ""DFA"", ""n_variants"": 2, ""stratum_key"": [[""channel"", ""E1""], [""condition"", ""continuous_window""], [""segment_id"", ""seg-0001""], [""series_index"", 0], [""session"", ""n/a""], [""source_kind"", ""csv_series_index""], [""source_path"", ""C:/Users/davia/biomedical_engineering/benchmarking/lrdbench/configs/suites/data/openneuro_ds002691_pilot/csv/openneuro_ds002691_sub-001_task-internalattention_E1_seg-0001.csv""], [""subject"", ""sub-001""]], ""variant_estimator_names"": [""DFA::short_scales"", ""DFA::balanced_scales""], ""variant_names"": [""short_scales"", ""balanced_scales""]}"
per_series,openneuro_ds002691_sub-001_task-internalattention_E1_seg-0001,DMA,parameter_variant_sensitivity,0.064438,"{""channel"": ""E1"", ""condition"": ""continuous_window"", ""segment_id"": ""seg-0001"", ""series_index"": 0, ""session"": ""n/a"", ""source_kind"": ""csv_series_index"", ""source_path"": ""C:/Users/davia/biomedical_engineering/benchmarking/lrdbench/configs/suites/data/openneuro_ds002691_pilot/csv/openneuro_ds002691_sub-001_task-internalattention_E1_seg-0001.csv"", ""subject"": ""sub-001""}","{""base_estimator_name"": ""DMA"", ""center"": 0.7378497869875407, ""n_variants"": 2, ""stratum_key"": [[""channel"", ""E1""], [""condition"", ""continuous_window""], [""segment_id"", ""seg-0001""], [""series_index"", 0], [""session"", ""n/a""], [""source_kind"", ""csv_series_index""], [""source_path"", ""C:/Users/davia/biomedical_engineering/benchmarking/lrdbench/configs/suites/data/openneuro_ds002691_pilot/csv/openneuro_ds002691_sub-001_task-internalattention_E1_seg-0001.csv""], [""subject"", ""sub-001""]], ""variant_estimator_names"": [""DMA::short_windows"", ""DMA::balanced_windows""], ""variant_names"": [""short_windows"", ""balanced_windows""]}"
per_series,openneuro_ds002691_sub-001_task-internalattention_E1_seg-0001,DMA,max_variant_drift,0.128876,"{""channel"": ""E1"", ""condition"": ""continuous_window"", ""segment_id"": ""seg-0001"", ""series_index"": 0, ""session"": ""n/a"", ""source_kind"": ""csv_series_index"", ""source_path"": ""C:/Users/davia/biomedical_engineering/benchmarking/lrdbench/configs/suites/data/openneuro_ds002691_pilot/csv/openneuro_ds002691_sub-001_task-internalattention_E1_seg-0001.csv"", ""subject"": ""sub-001""}","{""base_estimator_name"": ""DMA"", ""n_variants"": 2, ""stratum_key"": [[""channel"", ""E1""], [""condition"", ""continuous_window""], [""segment_id"", ""seg-0001""], [""series_index"", 0], [""session"", ""n/a""], [""source_kind"", ""csv_series_index""], [""source_path"", ""C:/Users/davia/biomedical_engineering/benchmarking/lrdbench/configs/suites/data/openneuro_ds002691_pilot/csv/openneuro_ds002691_sub-001_task-internalattention_E1_seg-0001.csv""], [""subject"", ""sub-001""]], ""variant_estimator_names"": [""DMA::short_windows"", ""DMA::balanced_windows""], ""variant_names"": [""short_windows"", ""balanced_windows""]}"
per_series,openneuro_ds002691_sub-001_task-internalattention_E1_seg-0001,WaveletOLS,parameter_variant_sensitivity,0.02867,"{""channel"": ""E1"", ""condition"": ""continuous_window"", ""segment_id"": ""seg-0001"", ""series_index"": 0, ""session"": ""n/a"", ""source_kind"": ""csv_series_index"", ""source_path"": ""C:/Users/davia/biomedical_engineering/benchmarking/lrdbench/configs/suites/data/openneuro_ds002691_pilot/csv/openneuro_ds002691_sub-001_task-internalattention_E1_seg-0001.csv"", ""subject"": ""sub-001""}","{""base_estimator_name"": ""WaveletOLS"", ""center"": 0.28010000435909965, ""n_variants"": 2, ""stratum_key"": [[""channel"", ""E1""], [""condition"", ""continuous_window""], [""segment_id"", ""seg-0001""], [""series_index"", 0], [""session"", ""n/a""], [""source_kind"", ""csv_series_index""], [""source_path"", ""C:/Users/davia/biomedical_engineering/benchmarking/lrdbench/configs/suites/data/openneuro_ds002691_pilot/csv/openneuro_ds002691_sub-001_task-internalattention_E1_seg-0001.csv""], [""subject"", ""sub-001""]], ""variant_estimator_names"": [""WaveletOLS::broad_band"", ""WaveletOLS::conservative_band""], ""variant_names"": [""broad_band"", ""conservative_band""]}"
per_series,openneuro_ds002691_sub-001_task-internalattention_E1_seg-0001,WaveletOLS,max_variant_drift,0.05734,"{""channel"": ""E1"", ""condition"": ""continuous_window"", ""segment_id"": ""seg-0001"", ""series_index"": 0, ""session"": ""n/a"", ""source_kind"": ""csv_series_index"", ""source_path"": ""C:/Users/davia/biomedical_engineering/benchmarking/lrdbench/configs/suites/data/openneuro_ds002691_pilot/csv/openneuro_ds002691_sub-001_task-internalattention_E1_seg-0001.csv"", ""subject"": ""sub-001""}","{""base_estimator_name"": ""WaveletOLS"", ""n_variants"": 2, ""stratum_key"": [[""channel"", ""E1""], [""condition"", ""continuous_window""], [""segment_id"", ""seg-0001""], [""series_index"", 0], [""session"", ""n/a""], [""source_kind"", ""csv_series_index""], [""source_path"", ""C:/Users/davia/biomedical_engineering/benchmarking/lrdbench/configs/suites/data/openneuro_ds002691_pilot/csv/openneuro_ds002691_sub-001_task-internalattention_E1_seg-0001.csv""], [""subject"", ""sub-001""]], ""variant_estimator_names"": [""WaveletOLS::broad_band"", ""WaveletOLS::conservative_band""], ""variant_names"": [""broad_band"", ""conservative_band""]}"
per_series,openneuro_ds002691_sub-001_task-internalattention_E8_seg-0001,DFA,parameter_variant_sensitivity,0.052926,"{""channel"": ""E8"", ""condition"": ""continuous_window"", ""segment_id"": ""seg-0001"", ""series_index"": 1, ""session"": ""n/a"", ""source_kind"": ""csv_series_index"", ""source_path"": ""C:/Users/davia/biomedical_engineering/benchmarking/lrdbench/configs/suites/data/openneuro_ds002691_pilot/csv/openneuro_ds002691_sub-001_task-internalattention_E8_seg-0001.csv"", ""subject"": ""sub-001""}","{""base_estimator_name"": ""DFA"", ""center"": 0.746808094355085, ""n_variants"": 2, ""stratum_key"": [[""channel"", ""E8""], [""condition"", ""continuous_window""], [""segment_id"", ""seg-0001""], [""series_index"", 1], [""session"", ""n/a""], [""source_kind"", ""csv_series_index""], [""source_path"", ""C:/Users/davia/biomedical_engineering/benchmarking/lrdbench/configs/suites/data/openneuro_ds002691_pilot/csv/openneuro_ds002691_sub-001_task-internalattention_E8_seg-0001.csv""], [""subject"", ""sub-001""]], ""variant_estimator_names"": [""DFA::short_scales"", ""DFA::balanced_scales""], ""variant_names"": [""short_scales"", ""balanced_scales""]}"
per_series,openneuro_ds002691_sub-001_task-internalattention_E8_seg-0001,DFA,max_variant_drift,0.105852,"{""channel"": ""E8"", ""condition"": ""continuous_window"", ""segment_id"": ""seg-0001"", ""series_index"": 1, ""session"": ""n/a"", ""source_kind"": ""csv_series_index"", ""source_path"": ""C:/Users/davia/biomedical_engineering/benchmarking/lrdbench/configs/suites/data/openneuro_ds002691_pilot/csv/openneuro_ds002691_sub-001_task-internalattention_E8_seg-0001.csv"", ""subject"": ""sub-001""}","{""base_estimator_name"": ""DFA"", ""n_variants"": 2, ""stratum_key"": [[""channel"", ""E8""], [""condition"", ""continuous_window""], [""segment_id"", ""seg-0001""], [""series_index"", 1], [""session"", ""n/a""], [""source_kind"", ""csv_series_index""], [""source_path"", ""C:/Users/davia/biomedical_engineering/benchmarking/lrdbench/configs/suites/data/openneuro_ds002691_pilot/csv/openneuro_ds002691_sub-001_task-internalattention_E8_seg-0001.csv""], [""subject"", ""sub-001""]], ""variant_estimator_names"": [""DFA::short_scales"", ""DFA::balanced_scales""], ""variant_names"": [""short_scales"", ""balanced_scales""]}"
per_series,openneuro_ds002691_sub-001_task-internalattention_E8_seg-0001,DMA,parameter_variant_sensitivity,0.007856,"{""channel"": ""E8"", ""condition"": ""continuous_window"", ""segment_id"": ""seg-0001"", ""series_index"": 1, ""session"": ""n/a"", ""source_kind"": ""csv_series_index"", ""source_path"": ""C:/Users/davia/biomedical_engineering/benchmarking/lrdbench/configs/suites/data/openneuro_ds002691_pilot/csv/openneuro_ds002691_sub-001_task-internalattention_E8_seg-0001.csv"", ""subject"": ""sub-001""}","{""base_estimator_name"": ""DMA"", ""center"": 0.9885706932876475, ""n_variants"": 2, ""stratum_key"": [[""channel"", ""E8""], [""condition"", ""continuous_window""], [""segment_id"", ""seg-0001""], [""series_index"", 1], [""session"", ""n/a""], [""source_kind"", ""csv_series_index""], [""source_path"", ""C:/Users/davia/biomedical_engineering/benchmarking/lrdbench/configs/suites/data/openneuro_ds002691_pilot/csv/openneuro_ds002691_sub-001_task-internalattention_E8_seg-0001.csv""], [""subject"", ""sub-001""]], ""variant_estimator_names"": [""DMA::short_windows"", ""DMA::balanced_windows""], ""variant_names"": [""short_windows"", ""balanced_windows""]}"
per_series,openneuro_ds002691_sub-001_task-internalattention_E8_seg-0001,DMA,max_variant_drift,0.015713,"{""channel"": ""E8"", ""condition"": ""continuous_window"", ""segment_id"": ""seg-0001"", ""series_index"": 1, ""session"": ""n/a"", ""source_kind"": ""csv_series_index"", ""source_path"": ""C:/Users/davia/biomedical_engineering/benchmarking/lrdbench/configs/suites/data/openneuro_ds002691_pilot/csv/openneuro_ds002691_sub-001_task-internalattention_E8_seg-0001.csv"", ""subject"": ""sub-001""}","{""base_estimator_name"": ""DMA"", ""n_variants"": 2, ""stratum_key"": [[""channel"", ""E8""], [""condition"", ""continuous_window""], [""segment_id"", ""seg-0001""], [""series_index"", 1], [""session"", ""n/a""], [""source_kind"", ""csv_series_index""], [""source_path"", ""C:/Users/davia/biomedical_engineering/benchmarking/lrdbench/configs/suites/data/openneuro_ds002691_pilot/csv/openneuro_ds002691_sub-001_task-internalattention_E8_seg-0001.csv""], [""subject"", ""sub-001""]], ""variant_estimator_names"": [""DMA::short_windows"", ""DMA::balanced_windows""], ""variant_names"": [""short_windows"", ""balanced_windows""]}"
per_series,openneuro_ds002691_sub-001_task-internalattention_E8_seg-0001,WaveletOLS,parameter_variant_sensitivity,0.086891,"{""channel"": ""E8"", ""condition"": ""continuous_window"", ""segment_id"": ""seg-0001"", ""series_index"": 1, ""session"": ""n/a"", ""source_kind"": ""csv_series_index"", ""source_path"": ""C:/Users/davia/biomedical_engineering/benchmarking/lrdbench/configs/suites/data/openneuro_ds002691_pilot/csv/openneuro_ds002691_sub-001_task-internalattention_E8_seg-0001.csv"", ""subject"": ""sub-001""}","{""base_estimator_name"": ""WaveletOLS"", ""center"": 0.5304333984581937, ""n_variants"": 2, ""stratum_key"": [[""channel"", ""E8""], [""condition"", ""continuous_window""], [""segment_id"", ""seg-0001""], [""series_index"", 1], [""session"", ""n/a""], [""source_kind"", ""csv_series_index""], [""source_path"", ""C:/Users/davia/biomedical_engineering/benchmarking/lrdbench/configs/suites/data/openneuro_ds002691_pilot/csv/openneuro_ds002691_sub-001_task-internalattention_E8_seg-0001.csv""], [""subject"", ""sub-001""]], ""variant_estimator_names"": [""WaveletOLS::broad_band"", ""WaveletOLS::conservative_band""], ""variant_names"": [""broad_band"", ""conservative_band""]}"
per_series,openneuro_ds002691_sub-001_task-internalattention_E8_seg-0001,WaveletOLS,max_variant_drift,0.173782,"{""channel"": ""E8"", ""condition"": ""continuous_window"", ""segment_id"": ""seg-0001"", ""series_index"": 1, ""session"": ""n/a"", ""source_kind"": ""csv_series_index"", ""source_path"": ""C:/Users/davia/biomedical_engineering/benchmarking/lrdbench/configs/suites/data/openneuro_ds002691_pilot/csv/openneuro_ds002691_sub-001_task-internalattention_E8_seg-0001.csv"", ""subject"": ""sub-001""}","{""base_estimator_name"": ""WaveletOLS"", ""n_variants"": 2, ""stratum_key"": [[""channel"", ""E8""], [""condition"", ""continuous_window""], [""segment_id"", ""seg-0001""], [""series_index"", 1], [""session"", ""n/a""], [""source_kind"", ""csv_series_index""], [""source_path"", ""C:/Users/davia/biomedical_engineering/benchmarking/lrdbench/configs/suites/data/openneuro_ds002691_pilot/csv/openneuro_ds002691_sub-001_task-internalattention_E8_seg-0001.csv""], [""subject"", ""sub-001""]], ""variant_estimator_names"": [""WaveletOLS::broad_band"", ""WaveletOLS::conservative_band""], ""variant_names"": [""broad_band"", ""conservative_band""]}"
per_series,openneuro_ds002691_sub-001_task-internalattention_E16_seg-0001,DFA,parameter_variant_sensitivity,0.02268,"{""channel"": ""E16"", ""condition"": ""continuous_window"", ""segment_id"": ""seg-0001"", ""series_index"": 2, ""session"": ""n/a"", ""source_kind"": ""csv_series_index"", ""source_path"": ""C:/Users/davia/biomedical_engineering/benchmarking/lrdbench/configs/suites/data/openneuro_ds002691_pilot/csv/openneuro_ds002691_sub-001_task-internalattention_E16_seg-0001.csv"", ""subject"": ""sub-001""}","{""base_estimator_name"": ""DFA"", ""center"": 0.7130444081442864, ""n_variants"": 2, ""stratum_key"": [[""channel"", ""E16""], [""condition"", ""continuous_window""], [""segment_id"", ""seg-0001""], [""series_index"", 2], [""session"", ""n/a""], [""source_kind"", ""csv_series_index""], [""source_path"", ""C:/Users/davia/biomedical_engineering/benchmarking/lrdbench/configs/suites/data/openneuro_ds002691_pilot/csv/openneuro_ds002691_sub-001_task-internalattention_E16_seg-0001.csv""], [""subject"", ""sub-001""]], ""variant_estimator_names"": [""DFA::short_scales"", ""DFA::balanced_scales""], ""variant_names"": [""short_scales"", ""balanced_scales""]}"
per_series,openneuro_ds002691_sub-001_task-internalattention_E16_seg-0001,DFA,max_variant_drift,0.04536,"{""channel"": ""E16"", ""condition"": ""continuous_window"", ""segment_id"": ""seg-0001"", ""series_index"": 2, ""session"": ""n/a"", ""source_kind"": ""csv_series_index"", ""source_path"": ""C:/Users/davia/biomedical_engineering/benchmarking/lrdbench/configs/suites/data/openneuro_ds002691_pilot/csv/openneuro_ds002691_sub-001_task-internalattention_E16_seg-0001.csv"", ""subject"": ""sub-001""}","{""base_estimator_name"": ""DFA"", ""n_variants"": 2, ""stratum_key"": [[""channel"", ""E16""], [""condition"", ""continuous_window""], [""segment_id"", ""seg-0001""], [""series_index"", 2], [""session"", ""n/a""], [""source_kind"", ""csv_series_index""], [""source_path"", ""C:/Users/davia/biomedical_engineering/benchmarking/lrdbench/configs/suites/data/openneuro_ds002691_pilot/csv/openneuro_ds002691_sub-001_task-internalattention_E16_seg-0001.csv""], [""subject"", ""sub-001""]], ""variant_estimator_names"": [""DFA::short_scales"", ""DFA::balanced_scales""], ""variant_names"": [""short_scales"", ""balanced_scales""]}"
per_series,openneuro_ds002691_sub-001_task-internalattention_E16_seg-0001,DMA,parameter_variant_sensitivity,0.018255,"{""channel"": ""E16"", ""condition"": ""continuous_window"", ""segment_id"": ""seg-0001"", ""series_index"": 2, ""session"": ""n/a"", ""source_kind"": ""csv_series_index"", ""source_path"": ""C:/Users/davia/biomedical_engineering/benchmarking/lrdbench/configs/suites/data/openneuro_ds002691_pilot/csv/openneuro_ds002691_sub-001_task-internalattention_E16_seg-0001.csv"", ""subject"": ""sub-001""}","{""base_estimator_name"": ""DMA"", ""center"": 0.8932995373196889, ""n_variants"": 2, ""stratum_key"": [[""channel"", ""E16""], [""condition"", ""continuous_window""], [""segment_id"", ""seg-0001""], [""series_index"", 2], [""session"", ""n/a""], [""source_kind"", ""csv_series_index""], [""source_path"", ""C:/Users/davia/biomedical_engineering/benchmarking/lrdbench/configs/suites/data/openneuro_ds002691_pilot/csv/openneuro_ds002691_sub-001_task-internalattention_E16_seg-0001.csv""], [""subject"", ""sub-001""]], ""variant_estimator_names"": [""DMA::short_windows"", ""DMA::balanced_windows""], ""variant_names"": [""short_windows"", ""balanced_windows""]}"
per_series,openneuro_ds002691_sub-001_task-internalattention_E16_seg-0001,DMA,max_variant_drift,0.03651,"{""channel"": ""E16"", ""condition"": ""continuous_window"", ""segment_id"": ""seg-0001"", ""series_index"": 2, ""session"": ""n/a"", ""source_kind"": ""csv_series_index"", ""source_path"": ""C:/Users/davia/biomedical_engineering/benchmarking/lrdbench/configs/suites/data/openneuro_ds002691_pilot/csv/openneuro_ds002691_sub-001_task-internalattention_E16_seg-0001.csv"", ""subject"": ""sub-001""}","{""base_estimator_name"": ""DMA"", ""n_variants"": 2, ""stratum_key"": [[""channel"", ""E16""], [""condition"", ""continuous_window""], [""segment_id"", ""seg-0001""], [""series_index"", 2], [""session"", ""n/a""], [""source_kind"", ""csv_series_index""], [""source_path"", ""C:/Users/davia/biomedical_engineering/benchmarking/lrdbench/configs/suites/data/openneuro_ds002691_pilot/csv/openneuro_ds002691_sub-001_task-internalattention_E16_seg-0001.csv""], [""subject"", ""sub-001""]], ""variant_estimator_names"": [""DMA::short_windows"", ""DMA::balanced_windows""], ""variant_names"": [""short_windows"", ""balanced_windows""]}"
per_series,openneuro_ds002691_sub-001_task-internalattention_E16_seg-0001,WaveletOLS,parameter_variant_sensitivity,0.081347,"{""channel"": ""E16"", ""condition"": ""continuous_window"", ""segment_id"": ""seg-0001"", ""series_index"": 2, ""session"": ""n/a"", ""source_kind"": ""csv_series_index"", ""source_path"": ""C:/Users/davia/biomedical_engineering/benchmarking/lrdbench/configs/suites/data/openneuro_ds002691_pilot/csv/openneuro_ds002691_sub-001_task-internalattention_E16_seg-0001.csv"", ""subject"": ""sub-001""}","{""base_estimator_name"": ""WaveletOLS"", ""center"": 0.5743304446636106, ""n_variants"": 2, ""stratum_key"": [[""channel"", ""E16""], [""condition"", ""continuous_window""], [""segment_id"", ""seg-0001""], [""series_index"", 2], [""session"", ""n/a""], [""source_kind"", ""csv_series_index""], [""source_path"", ""C:/Users/davia/biomedical_engineering/benchmarking/lrdbench/configs/suites/data/openneuro_ds002691_pilot/csv/openneuro_ds002691_sub-001_task-internalattention_E16_seg-0001.csv""], [""subject"", ""sub-001""]], ""variant_estimator_names"": [""WaveletOLS::broad_band"", ""WaveletOLS::conservative_band""], ""variant_names"": [""broad_band"", ""conservative_band""]}"
per_series,openneuro_ds002691_sub-001_task-internalattention_E16_seg-0001,WaveletOLS,max_variant_drift,0.162694,"{""channel"": ""E16"", ""condition"": ""continuous_window"", ""segment_id"": ""seg-0001"", ""series_index"": 2, ""session"": ""n/a"", ""source_kind"": ""csv_series_index"", ""source_path"": ""C:/Users/davia/biomedical_engineering/benchmarking/lrdbench/configs/suites/data/openneuro_ds002691_pilot/csv/openneuro_ds002691_sub-001_task-internalattention_E16_seg-0001.csv"", ""subject"": ""sub-001""}","{""base_estimator_name"": ""WaveletOLS"", ""n_variants"": 2, ""stratum_key"": [[""channel"", ""E16""], [""condition"", ""continuous_window""], [""segment_id"", ""seg-0001""], [""series_index"", 2], [""session"", ""n/a""], [""source_kind"", ""csv_series_index""], [""source_path"", ""C:/Users/davia/biomedical_engineering/benchmarking/lrdbench/configs/suites/data/openneuro_ds002691_pilot/csv/openneuro_ds002691_sub-001_task-internalattention_E16_seg-0001.csv""], [""subject"", ""sub-001""]], ""variant_estimator_names"": [""WaveletOLS::broad_band"", ""WaveletOLS::conservative_band""], ""variant_names"": [""broad_band"", ""conservative_band""]}"
per_series,openneuro_ds002691_sub-001_task-internalattention_E24_seg-0001,DFA,parameter_variant_sensitivity,0.00491,"{""channel"": ""E24"", ""condition"": ""continuous_window"", ""segment_id"": ""seg-0001"", ""series_index"": 3, ""session"": ""n/a"", ""source_kind"": ""csv_series_index"", ""source_path"": ""C:/Users/davia/biomedical_engineering/benchmarking/lrdbench/configs/suites/data/openneuro_ds002691_pilot/csv/openneuro_ds002691_sub-001_task-internalattention_E24_seg-0001.csv"", ""subject"": ""sub-001""}","{""base_estimator_name"": ""DFA"", ""center"": 0.8255653738584589, ""n_variants"": 2, ""stratum_key"": [[""channel"", ""E24""], [""condition"", ""continuous_window""], [""segment_id"", ""seg-0001""], [""series_index"", 3], [""session"", ""n/a""], [""source_kind"", ""csv_series_index""], [""source_path"", ""C:/Users/davia/biomedical_engineering/benchmarking/lrdbench/configs/suites/data/openneuro_ds002691_pilot/csv/openneuro_ds002691_sub-001_task-internalattention_E24_seg-0001.csv""], [""subject"", ""sub-001""]], ""variant_estimator_names"": [""DFA::short_scales"", ""DFA::balanced_scales""], ""variant_names"": [""short_scales"", ""balanced_scales""]}"
per_series,openneuro_ds002691_sub-001_task-internalattention_E24_seg-0001,DFA,max_variant_drift,0.009821,"{""channel"": ""E24"", ""condition"": ""continuous_window"", ""segment_id"": ""seg-0001"", ""series_index"": 3, ""session"": ""n/a"", ""source_kind"": ""csv_series_index"", ""source_path"": ""C:/Users/davia/biomedical_engineering/benchmarking/lrdbench/configs/suites/data/openneuro_ds002691_pilot/csv/openneuro_ds002691_sub-001_task-internalattention_E24_seg-0001.csv"", ""subject"": ""sub-001""}","{""base_estimator_name"": ""DFA"", ""n_variants"": 2, ""stratum_key"": [[""channel"", ""E24""], [""condition"", ""continuous_window""], [""segment_id"", ""seg-0001""], [""series_index"", 3], [""session"", ""n/a""], [""source_kind"", ""csv_series_index""], [""source_path"", ""C:/Users/davia/biomedical_engineering/benchmarking/lrdbench/configs/suites/data/openneuro_ds002691_pilot/csv/openneuro_ds002691_sub-001_task-internalattention_E24_seg-0001.csv""], [""subject"", ""sub-001""]], ""variant_estimator_names"": [""DFA::short_scales"", ""DFA::balanced_scales""], ""variant_names"": [""short_scales"", ""balanced_scales""]}"
per_series,openneuro_ds002691_sub-001_task-internalattention_E24_seg-0001,DMA,parameter_variant_sensitivity,0.030437,"{""channel"": ""E24"", ""condition"": ""continuous_window"", ""segment_id"": ""seg-0001"", ""series_index"": 3, ""session"": ""n/a"", ""source_kind"": ""csv_series_index"", ""source_path"": ""C:/Users/davia/biomedical_engineering/benchmarking/lrdbench/configs/suites/data/openneuro_ds002691_pilot/csv/openneuro_ds002691_sub-001_task-internalattention_E24_seg-0001.csv"", ""subject"": ""sub-001""}","{""base_estimator_name"": ""DMA"", ""center"": 0.8991018546241829, ""n_variants"": 2, ""stratum_key"": [[""channel"", ""E24""], [""condition"", ""continuous_window""], [""segment_id"", ""seg-0001""], [""series_index"", 3], [""session"", ""n/a""], [""source_kind"", ""csv_series_index""], [""source_path"", ""C:/Users/davia/biomedical_engineering/benchmarking/lrdbench/configs/suites/data/openneuro_ds002691_pilot/csv/openneuro_ds002691_sub-001_task-internalattention_E24_seg-0001.csv""], [""subject"", ""sub-001""]], ""variant_estimator_names"": [""DMA::short_windows"", ""DMA::balanced_windows""], ""variant_names"": [""short_windows"", ""balanced_windows""]}"
per_series,openneuro_ds002691_sub-001_task-internalattention_E24_seg-0001,DMA,max_variant_drift,0.060875,"{""channel"": ""E24"", ""condition"": ""continuous_window"", ""segment_id"": ""seg-0001"", ""series_index"": 3, ""session"": ""n/a"", ""source_kind"": ""csv_series_index"", ""source_path"": ""C:/Users/davia/biomedical_engineering/benchmarking/lrdbench/configs/suites/data/openneuro_ds002691_pilot/csv/openneuro_ds002691_sub-001_task-internalattention_E24_seg-0001.csv"", ""subject"": ""sub-001""}","{""base_estimator_name"": ""DMA"", ""n_variants"": 2, ""stratum_key"": [[""channel"", ""E24""], [""condition"", ""continuous_window""], [""segment_id"", ""seg-0001""], [""series_index"", 3], [""session"", ""n/a""], [""source_kind"", ""csv_series_index""], [""source_path"", ""C:/Users/davia/biomedical_engineering/benchmarking/lrdbench/configs/suites/data/openneuro_ds002691_pilot/csv/openneuro_ds002691_sub-001_task-internalattention_E24_seg-0001.csv""], [""subject"", ""sub-001""]], ""variant_estimator_names"": [""DMA::short_windows"", ""DMA::balanced_windows""], ""variant_names"": [""short_windows"", ""balanced_windows""]}"
per_series,openneuro_ds002691_sub-001_task-internalattention_E24_seg-0001,WaveletOLS,parameter_variant_sensitivity,0.048503,"{""channel"": ""E24"", ""condition"": ""continuous_window"", ""segment_id"": ""seg-0001"", ""series_index"": 3, ""session"": ""n/a"", ""source_kind"": ""csv_series_index"", ""source_path"": ""C:/Users/davia/biomedical_engineering/benchmarking/lrdbench/configs/suites/data/openneuro_ds002691_pilot/csv/openneuro_ds002691_sub-001_task-internalattention_E24_seg-0001.csv"", ""subject"": ""sub-001""}","{""base_estimator_name"": ""WaveletOLS"", ""center"": 0.4971174239770058, ""n_variants"": 2, ""stratum_key"": [[""channel"", ""E24""], [""condition"", ""continuous_window""], [""segment_id"", ""seg-0001""], [""series_index"", 3], [""session"", ""n/a""], [""source_kind"", ""csv_series_index""], [""source_path"", ""C:/Users/davia/biomedical_engineering/benchmarking/lrdbench/configs/suites/data/openneuro_ds002691_pilot/csv/openneuro_ds002691_sub-001_task-internalattention_E24_seg-0001.csv""], [""subject"", ""sub-001""]], ""variant_estimator_names"": [""WaveletOLS::broad_band"", ""WaveletOLS::conservative_band""], ""variant_names"": [""broad_band"", ""conservative_band""]}"
per_series,openneuro_ds002691_sub-001_task-internalattention_E24_seg-0001,WaveletOLS,max_variant_drift,0.097006,"{""channel"": ""E24"", ""condition"": ""continuous_window"", ""segment_id"": ""seg-0001"", ""series_index"": 3, ""session"": ""n/a"", ""source_kind"": ""csv_series_index"", ""source_path"": ""C:/Users/davia/biomedical_engineering/benchmarking/lrdbench/configs/suites/data/openneuro_ds002691_pilot/csv/openneuro_ds002691_sub-001_task-internalattention_E24_seg-0001.csv"", ""subject"": ""sub-001""}","{""base_estimator_name"": ""WaveletOLS"", ""n_variants"": 2, ""stratum_key"": [[""channel"", ""E24""], [""condition"", ""continuous_window""], [""segment_id"", ""seg-0001""], [""series_index"", 3], [""session"", ""n/a""], [""source_kind"", ""csv_series_index""], [""source_path"", ""C:/Users/davia/biomedical_engineering/benchmarking/lrdbench/configs/suites/data/openneuro_ds002691_pilot/csv/openneuro_ds002691_sub-001_task-internalattention_E24_seg-0001.csv""], [""subject"", ""sub-001""]], ""variant_estimator_names"": [""WaveletOLS::broad_band"", ""WaveletOLS::conservative_band""], ""variant_names"": [""broad_band"", ""conservative_band""]}"
per_series,openneuro_ds002691_sub-002_task-internalattention_E1_seg-0001,DFA,parameter_variant_sensitivity,0.0,"{""channel"": ""E1"", ""condition"": ""continuous_window"", ""segment_id"": ""seg-0001"", ""series_index"": 4, ""session"": ""n/a"", ""source_kind"": ""csv_series_index"", ""source_path"": ""C:/Users/davia/biomedical_engineering/benchmarking/lrdbench/configs/suites/data/openneuro_ds002691_pilot/csv/openneuro_ds002691_sub-002_task-internalattention_E1_seg-0001.csv"", ""subject"": ""sub-002""}","{""base_estimator_name"": ""DFA"", ""center"": 0.9999, ""n_variants"": 2, ""stratum_key"": [[""channel"", ""E1""], [""condition"", ""continuous_window""], [""segment_id"", ""seg-0001""], [""series_index"", 4], [""session"", ""n/a""], [""source_kind"", ""csv_series_index""], [""source_path"", ""C:/Users/davia/biomedical_engineering/benchmarking/lrdbench/configs/suites/data/openneuro_ds002691_pilot/csv/openneuro_ds002691_sub-002_task-internalattention_E1_seg-0001.csv""], [""subject"", ""sub-002""]], ""variant_estimator_names"": [""DFA::short_scales"", ""DFA::balanced_scales""], ""variant_names"": [""short_scales"", ""balanced_scales""]}"
per_series,openneuro_ds002691_sub-002_task-internalattention_E1_seg-0001,DFA,max_variant_drift,0.0,"{""channel"": ""E1"", ""condition"": ""continuous_window"", ""segment_id"": ""seg-0001"", ""series_index"": 4, ""session"": ""n/a"", ""source_kind"": ""csv_series_index"", ""source_path"": ""C:/Users/davia/biomedical_engineering/benchmarking/lrdbench/configs/suites/data/openneuro_ds002691_pilot/csv/openneuro_ds002691_sub-002_task-internalattention_E1_seg-0001.csv"", ""subject"": ""sub-002""}","{""base_estimator_name"": ""DFA"", ""n_variants"": 2, ""stratum_key"": [[""channel"", ""E1""], [""condition"", ""continuous_window""], [""segment_id"", ""seg-0001""], [""series_index"", 4], [""session"", ""n/a""], [""source_kind"", ""csv_series_index""], [""source_path"", ""C:/Users/davia/biomedical_engineering/benchmarking/lrdbench/configs/suites/data/openneuro_ds002691_pilot/csv/openneuro_ds002691_sub-002_task-internalattention_E1_seg-0001.csv""], [""subject"", ""sub-002""]], ""variant_estimator_names"": [""DFA::short_scales"", ""DFA::balanced_scales""], ""variant_names"": [""short_scales"", ""balanced_scales""]}"
per_series,openneuro_ds002691_sub-002_task-internalattention_E1_seg-0001,DMA,parameter_variant_sensitivity,0.020394,"{""channel"": ""E1"", ""condition"": ""continuous_window"", ""segment_id"": ""seg-0001"", ""series_index"": 4, ""session"": ""n/a"", ""source_kind"": ""csv_series_index"", ""source_path"": ""C:/Users/davia/biomedical_engineering/benchmarking/lrdbench/configs/suites/data/openneuro_ds002691_pilot/csv/openneuro_ds002691_sub-002_task-internalattention_E1_seg-0001.csv"", ""subject"": ""sub-002""}","{""base_estimator_name"": ""DMA"", ""center"": 0.9606379045917701, ""n_variants"": 2, ""stratum_key"": [[""channel"", ""E1""], [""condition"", ""continuous_window""], [""segment_id"", ""seg-0001""], [""series_index"", 4], [""session"", ""n/a""], [""source_kind"", ""csv_series_index""], [""source_path"", ""C:/Users/davia/biomedical_engineering/benchmarking/lrdbench/configs/suites/data/openneuro_ds002691_pilot/csv/openneuro_ds002691_sub-002_task-internalattention_E1_seg-0001.csv""], [""subject"", ""sub-002""]], ""variant_estimator_names"": [""DMA::short_windows"", ""DMA::balanced_windows""], ""variant_names"": [""short_windows"", ""balanced_windows""]}"
per_series,openneuro_ds002691_sub-002_task-internalattention_E1_seg-0001,DMA,max_variant_drift,0.040788,"{""channel"": ""E1"", ""condition"": ""continuous_window"", ""segment_id"": ""seg-0001"", ""series_index"": 4, ""session"": ""n/a"", ""source_kind"": ""csv_series_index"", ""source_path"": ""C:/Users/davia/biomedical_engineering/benchmarking/lrdbench/configs/suites/data/openneuro_ds002691_pilot/csv/openneuro_ds002691_sub-002_task-internalattention_E1_seg-0001.csv"", ""subject"": ""sub-002""}","{""base_estimator_name"": ""DMA"", ""n_variants"": 2, ""stratum_key"": [[""channel"", ""E1""], [""condition"", ""continuous_window""], [""segment_id"", ""seg-0001""], [""series_index"", 4], [""session"", ""n/a""], [""source_kind"", ""csv_series_index""], [""source_path"", ""C:/Users/davia/biomedical_engineering/benchmarking/lrdbench/configs/suites/data/openneuro_ds002691_pilot/csv/openneuro_ds002691_sub-002_task-internalattention_E1_seg-0001.csv""], [""subject"", ""sub-002""]], ""variant_estimator_names"": [""DMA::short_windows"", ""DMA::balanced_windows""], ""variant_names"": [""short_windows"", ""balanced_windows""]}"
per_series,openneuro_ds002691_sub-002_task-internalattention_E1_seg-0001,WaveletOLS,parameter_variant_sensitivity,0.017184,"{""channel"": ""E1"", ""condition"": ""continuous_window"", ""segment_id"": ""seg-0001"", ""series_index"": 4, ""session"": ""n/a"", ""source_kind"": ""csv_series_index"", ""source_path"": ""C:/Users/davia/biomedical_engineering/benchmarking/lrdbench/configs/suites/data/openneuro_ds002691_pilot/csv/openneuro_ds002691_sub-002_task-internalattention_E1_seg-0001.csv"", ""subject"": ""sub-002""}","{""base_estimator_name"": ""WaveletOLS"", ""center"": 0.16667849091536746, ""n_variants"": 2, ""stratum_key"": [[""channel"", ""E1""], [""condition"", ""continuous_window""], [""segment_id"", ""seg-0001""], [""series_index"", 4], [""session"", ""n/a""], [""source_kind"", ""csv_series_index""], [""source_path"", ""C:/Users/davia/biomedical_engineering/benchmarking/lrdbench/configs/suites/data/openneuro_ds002691_pilot/csv/openneuro_ds002691_sub-002_task-internalattention_E1_seg-0001.csv""], [""subject"", ""sub-002""]], ""variant_estimator_names"": [""WaveletOLS::broad_band"", ""WaveletOLS::conservative_band""], ""variant_names"": [""broad_band"", ""conservative_band""]}"
per_series,openneuro_ds002691_sub-002_task-internalattention_E1_seg-0001,WaveletOLS,max_variant_drift,0.034368,"{""channel"": ""E1"", ""condition"": ""continuous_window"", ""segment_id"": ""seg-0001"", ""series_index"": 4, ""session"": ""n/a"", ""source_kind"": ""csv_series_index"", ""source_path"": ""C:/Users/davia/biomedical_engineering/benchmarking/lrdbench/configs/suites/data/openneuro_ds002691_pilot/csv/openneuro_ds002691_sub-002_task-internalattention_E1_seg-0001.csv"", ""subject"": ""sub-002""}","{""base_estimator_name"": ""WaveletOLS"", ""n_variants"": 2, ""stratum_key"": [[""channel"", ""E1""], [""condition"", ""continuous_window""], [""segment_id"", ""seg-0001""], [""series_index"", 4], [""session"", ""n/a""], [""source_kind"", ""csv_series_index""], [""source_path"", ""C:/Users/davia/biomedical_engineering/benchmarking/lrdbench/configs/suites/data/openneuro_ds002691_pilot/csv/openneuro_ds002691_sub-002_task-internalattention_E1_seg-0001.csv""], [""subject"", ""sub-002""]], ""variant_estimator_names"": [""WaveletOLS::broad_band"", ""WaveletOLS::conservative_band""], ""variant_names"": [""broad_band"", ""conservative_band""]}"
per_series,openneuro_ds002691_sub-002_task-internalattention_E8_seg-0001,DFA,parameter_variant_sensitivity,0.093378,"{""channel"": ""E8"", ""condition"": ""continuous_window"", ""segment_id"": ""seg-0001"", ""series_index"": 5, ""session"": ""n/a"", ""source_kind"": ""csv_series_index"", ""source_path"": ""C:/Users/davia/biomedical_engineering/benchmarking/lrdbench/configs/suites/data/openneuro_ds002691_pilot/csv/openneuro_ds002691_sub-002_task-internalattention_E8_seg-0001.csv"", ""subject"": ""sub-002""}","{""base_estimator_name"": ""DFA"", ""center"": 0.7888612920600908, ""n_variants"": 2, ""stratum_key"": [[""channel"", ""E8""], [""condition"", ""continuous_window""], [""segment_id"", ""seg-0001""], [""series_index"", 5], [""session"", ""n/a""], [""source_kind"", ""csv_series_index""], [""source_path"", ""C:/Users/davia/biomedical_engineering/benchmarking/lrdbench/configs/suites/data/openneuro_ds002691_pilot/csv/openneuro_ds002691_sub-002_task-internalattention_E8_seg-0001.csv""], [""subject"", ""sub-002""]], ""variant_estimator_names"": [""DFA::short_scales"", ""DFA::balanced_scales""], ""variant_names"": [""short_scales"", ""balanced_scales""]}"
per_series,openneuro_ds002691_sub-002_task-internalattention_E8_seg-0001,DFA,max_variant_drift,0.186755,"{""channel"": ""E8"", ""condition"": ""continuous_window"", ""segment_id"": ""seg-0001"", ""series_index"": 5, ""session"": ""n/a"", ""source_kind"": ""csv_series_index"", ""source_path"": ""C:/Users/davia/biomedical_engineering/benchmarking/lrdbench/configs/suites/data/openneuro_ds002691_pilot/csv/openneuro_ds002691_sub-002_task-internalattention_E8_seg-0001.csv"", ""subject"": ""sub-002""}","{""base_estimator_name"": ""DFA"", ""n_variants"": 2, ""stratum_key"": [[""channel"", ""E8""], [""condition"", ""continuous_window""], [""segment_id"", ""seg-0001""], [""series_index"", 5], [""session"", ""n/a""], [""source_kind"", ""csv_series_index""], [""source_path"", ""C:/Users/davia/biomedical_engineering/benchmarking/lrdbench/configs/suites/data/openneuro_ds002691_pilot/csv/openneuro_ds002691_sub-002_task-internalattention_E8_seg-0001.csv""], [""subject"", ""sub-002""]], ""variant_estimator_names"": [""DFA::short_scales"", ""DFA::balanced_scales""], ""variant_names"": [""short_scales"", ""balanced_scales""]}"
per_series,openneuro_ds002691_sub-002_task-internalattention_E8_seg-0001,DMA,parameter_variant_sensitivity,0.011386,"{""channel"": ""E8"", ""condition"": ""continuous_window"", ""segment_id"": ""seg-0001"", ""series_index"": 5, ""session"": ""n/a"", ""source_kind"": ""csv_series_index"", ""source_path"": ""C:/Users/davia/biomedical_engineering/benchmarking/lrdbench/configs/suites/data/openneuro_ds002691_pilot/csv/openneuro_ds002691_sub-002_task-internalattention_E8_seg-0001.csv"", ""subject"": ""sub-002""}","{""base_estimator_name"": ""DMA"", ""center"": 0.9263142602627955, ""n_variants"": 2, ""stratum_key"": [[""channel"", ""E8""], [""condition"", ""continuous_window""], [""segment_id"", ""seg-0001""], [""series_index"", 5], [""session"", ""n/a""], [""source_kind"", ""csv_series_index""], [""source_path"", ""C:/Users/davia/biomedical_engineering/benchmarking/lrdbench/configs/suites/data/openneuro_ds002691_pilot/csv/openneuro_ds002691_sub-002_task-internalattention_E8_seg-0001.csv""], [""subject"", ""sub-002""]], ""variant_estimator_names"": [""DMA::short_windows"", ""DMA::balanced_windows""], ""variant_names"": [""short_windows"", ""balanced_windows""]}"
per_series,openneuro_ds002691_sub-002_task-internalattention_E8_seg-0001,DMA,max_variant_drift,0.022771,"{""channel"": ""E8"", ""condition"": ""continuous_window"", ""segment_id"": ""seg-0001"", ""series_index"": 5, ""session"": ""n/a"", ""source_kind"": ""csv_series_index"", ""source_path"": ""C:/Users/davia/biomedical_engineering/benchmarking/lrdbench/configs/suites/data/openneuro_ds002691_pilot/csv/openneuro_ds002691_sub-002_task-internalattention_E8_seg-0001.csv"", ""subject"": ""sub-002""}","{""base_estimator_name"": ""DMA"", ""n_variants"": 2, ""stratum_key"": [[""channel"", ""E8""], [""condition"", ""continuous_window""], [""segment_id"", ""seg-0001""], [""series_index"", 5], [""session"", ""n/a""], [""source_kind"", ""csv_series_index""], [""source_path"", ""C:/Users/davia/biomedical_engineering/benchmarking/lrdbench/configs/suites/data/openneuro_ds002691_pilot/csv/openneuro_ds002691_sub-002_task-internalattention_E8_seg-0001.csv""], [""subject"", ""sub-002""]], ""variant_estimator_names"": [""DMA::short_windows"", ""DMA::balanced_windows""], ""variant_names"": [""short_windows"", ""balanced_windows""]}"
per_series,openneuro_ds002691_sub-002_task-internalattention_E8_seg-0001,WaveletOLS,parameter_variant_sensitivity,0.043666,"{""channel"": ""E8"", ""condition"": ""continuous_window"", ""segment_id"": ""seg-0001"", ""series_index"": 5, ""session"": ""n/a"", ""source_kind"": ""csv_series_index"", ""source_path"": ""C:/Users/davia/biomedical_engineering/benchmarking/lrdbench/configs/suites/data/openneuro_ds002691_pilot/csv/openneuro_ds002691_sub-002_task-internalattention_E8_seg-0001.csv"", ""subject"": ""sub-002""}","{""base_estimator_name"": ""WaveletOLS"", ""center"": 0.6578988828167036, ""n_variants"": 2, ""stratum_key"": [[""channel"", ""E8""], [""condition"", ""continuous_window""], [""segment_id"", ""seg-0001""], [""series_index"", 5], [""session"", ""n/a""], [""source_kind"", ""csv_series_index""], [""source_path"", ""C:/Users/davia/biomedical_engineering/benchmarking/lrdbench/configs/suites/data/openneuro_ds002691_pilot/csv/openneuro_ds002691_sub-002_task-internalattention_E8_seg-0001.csv""], [""subject"", ""sub-002""]], ""variant_estimator_names"": [""WaveletOLS::broad_band"", ""WaveletOLS::conservative_band""], ""variant_names"": [""broad_band"", ""conservative_band""]}"
per_series,openneuro_ds002691_sub-002_task-internalattention_E8_seg-0001,WaveletOLS,max_variant_drift,0.087333,"{""channel"": ""E8"", ""condition"": ""continuous_window"", ""segment_id"": ""seg-0001"", ""series_index"": 5, ""session"": ""n/a"", ""source_kind"": ""csv_series_index"", ""source_path"": ""C:/Users/davia/biomedical_engineering/benchmarking/lrdbench/configs/suites/data/openneuro_ds002691_pilot/csv/openneuro_ds002691_sub-002_task-internalattention_E8_seg-0001.csv"", ""subject"": ""sub-002""}","{""base_estimator_name"": ""WaveletOLS"", ""n_variants"": 2, ""stratum_key"": [[""channel"", ""E8""], [""condition"", ""continuous_window""], [""segment_id"", ""seg-0001""], [""series_index"", 5], [""session"", ""n/a""], [""source_kind"", ""csv_series_index""], [""source_path"", ""C:/Users/davia/biomedical_engineering/benchmarking/lrdbench/configs/suites/data/openneuro_ds002691_pilot/csv/openneuro_ds002691_sub-002_task-internalattention_E8_seg-0001.csv""], [""subject"", ""sub-002""]], ""variant_estimator_names"": [""WaveletOLS::broad_band"", ""WaveletOLS::conservative_band""], ""variant_names"": [""broad_band"", ""conservative_band""]}"
per_series,openneuro_ds002691_sub-002_task-internalattention_E16_seg-0001,DFA,parameter_variant_sensitivity,0.074567,"{""channel"": ""E16"", ""condition"": ""continuous_window"", ""segment_id"": ""seg-0001"", ""series_index"": 6, ""session"": ""n/a"", ""source_kind"": ""csv_series_index"", ""source_path"": ""C:/Users/davia/biomedical_engineering/benchmarking/lrdbench/configs/suites/data/openneuro_ds002691_pilot/csv/openneuro_ds002691_sub-002_task-internalattention_E16_seg-0001.csv"", ""subject"": ""sub-002""}","{""base_estimator_name"": ""DFA"", ""center"": 0.7234321553357581, ""n_variants"": 2, ""stratum_key"": [[""channel"", ""E16""], [""condition"", ""continuous_window""], [""segment_id"", ""seg-0001""], [""series_index"", 6], [""session"", ""n/a""], [""source_kind"", ""csv_series_index""], [""source_path"", ""C:/Users/davia/biomedical_engineering/benchmarking/lrdbench/configs/suites/data/openneuro_ds002691_pilot/csv/openneuro_ds002691_sub-002_task-internalattention_E16_seg-0001.csv""], [""subject"", ""sub-002""]], ""variant_estimator_names"": [""DFA::short_scales"", ""DFA::balanced_scales""], ""variant_names"": [""short_scales"", ""balanced_scales""]}"
per_series,openneuro_ds002691_sub-002_task-internalattention_E16_seg-0001,DFA,max_variant_drift,0.149135,"{""channel"": ""E16"", ""condition"": ""continuous_window"", ""segment_id"": ""seg-0001"", ""series_index"": 6, ""session"": ""n/a"", ""source_kind"": ""csv_series_index"", ""source_path"": ""C:/Users/davia/biomedical_engineering/benchmarking/lrdbench/configs/suites/data/openneuro_ds002691_pilot/csv/openneuro_ds002691_sub-002_task-internalattention_E16_seg-0001.csv"", ""subject"": ""sub-002""}","{""base_estimator_name"": ""DFA"", ""n_variants"": 2, ""stratum_key"": [[""channel"", ""E16""], [""condition"", ""continuous_window""], [""segment_id"", ""seg-0001""], [""series_index"", 6], [""session"", ""n/a""], [""source_kind"", ""csv_series_index""], [""source_path"", ""C:/Users/davia/biomedical_engineering/benchmarking/lrdbench/configs/suites/data/openneuro_ds002691_pilot/csv/openneuro_ds002691_sub-002_task-internalattention_E16_seg-0001.csv""], [""subject"", ""sub-002""]], ""variant_estimator_names"": [""DFA::short_scales"", ""DFA::balanced_scales""], ""variant_names"": [""short_scales"", ""balanced_scales""]}"
per_series,openneuro_ds002691_sub-002_task-internalattention_E16_seg-0001,DMA,parameter_variant_sensitivity,0.036889,"{""channel"": ""E16"", ""condition"": ""continuous_window"", ""segment_id"": ""seg-0001"", ""series_index"": 6, ""session"": ""n/a"", ""source_kind"": ""csv_series_index"", ""source_path"": ""C:/Users/davia/biomedical_engineering/benchmarking/lrdbench/configs/suites/data/openneuro_ds002691_pilot/csv/openneuro_ds002691_sub-002_task-internalattention_E16_seg-0001.csv"", ""subject"": ""sub-002""}","{""base_estimator_name"": ""DMA"", ""center"": 0.8855234113684034, ""n_variants"": 2, ""stratum_key"": [[""channel"", ""E16""], [""condition"", ""continuous_window""], [""segment_id"", ""seg-0001""], [""series_index"", 6], [""session"", ""n/a""], [""source_kind"", ""csv_series_index""], [""source_path"", ""C:/Users/davia/biomedical_engineering/benchmarking/lrdbench/configs/suites/data/openneuro_ds002691_pilot/csv/openneuro_ds002691_sub-002_task-internalattention_E16_seg-0001.csv""], [""subject"", ""sub-002""]], ""variant_estimator_names"": [""DMA::short_windows"", ""DMA::balanced_windows""], ""variant_names"": [""short_windows"", ""balanced_windows""]}"
per_series,openneuro_ds002691_sub-002_task-internalattention_E16_seg-0001,DMA,max_variant_drift,0.073779,"{""channel"": ""E16"", ""condition"": ""continuous_window"", ""segment_id"": ""seg-0001"", ""series_index"": 6, ""session"": ""n/a"", ""source_kind"": ""csv_series_index"", ""source_path"": ""C:/Users/davia/biomedical_engineering/benchmarking/lrdbench/configs/suites/data/openneuro_ds002691_pilot/csv/openneuro_ds002691_sub-002_task-internalattention_E16_seg-0001.csv"", ""subject"": ""sub-002""}","{""base_estimator_name"": ""DMA"", ""n_variants"": 2, ""stratum_key"": [[""channel"", ""E16""], [""condition"", ""continuous_window""], [""segment_id"", ""seg-0001""], [""series_index"", 6], [""session"", ""n/a""], [""source_kind"", ""csv_series_index""], [""source_path"", ""C:/Users/davia/biomedical_engineering/benchmarking/lrdbench/configs/suites/data/openneuro_ds002691_pilot/csv/openneuro_ds002691_sub-002_task-internalattention_E16_seg-0001.csv""], [""subject"", ""sub-002""]], ""variant_estimator_names"": [""DMA::short_windows"", ""DMA::balanced_windows""], ""variant_names"": [""short_windows"", ""balanced_windows""]}"
per_series,openneuro_ds002691_sub-002_task-internalattention_E16_seg-0001,WaveletOLS,parameter_variant_sensitivity,0.003115,"{""channel"": ""E16"", ""condition"": ""continuous_window"", ""segment_id"": ""seg-0001"", ""series_index"": 6, ""session"": ""n/a"", ""source_kind"": ""csv_series_index"", ""source_path"": ""C:/Users/davia/biomedical_engineering/benchmarking/lrdbench/configs/suites/data/openneuro_ds002691_pilot/csv/openneuro_ds002691_sub-002_task-internalattention_E16_seg-0001.csv"", ""subject"": ""sub-002""}","{""base_estimator_name"": ""WaveletOLS"", ""center"": 0.5914804377743306, ""n_variants"": 2, ""stratum_key"": [[""channel"", ""E16""], [""condition"", ""continuous_window""], [""segment_id"", ""seg-0001""], [""series_index"", 6], [""session"", ""n/a""], [""source_kind"", ""csv_series_index""], [""source_path"", ""C:/Users/davia/biomedical_engineering/benchmarking/lrdbench/configs/suites/data/openneuro_ds002691_pilot/csv/openneuro_ds002691_sub-002_task-internalattention_E16_seg-0001.csv""], [""subject"", ""sub-002""]], ""variant_estimator_names"": [""WaveletOLS::broad_band"", ""WaveletOLS::conservative_band""], ""variant_names"": [""broad_band"", ""conservative_band""]}"
per_series,openneuro_ds002691_sub-002_task-internalattention_E16_seg-0001,WaveletOLS,max_variant_drift,0.00623,"{""channel"": ""E16"", ""condition"": ""continuous_window"", ""segment_id"": ""seg-0001"", ""series_index"": 6, ""session"": ""n/a"", ""source_kind"": ""csv_series_index"", ""source_path"": ""C:/Users/davia/biomedical_engineering/benchmarking/lrdbench/configs/suites/data/openneuro_ds002691_pilot/csv/openneuro_ds002691_sub-002_task-internalattention_E16_seg-0001.csv"", ""subject"": ""sub-002""}","{""base_estimator_name"": ""WaveletOLS"", ""n_variants"": 2, ""stratum_key"": [[""channel"", ""E16""], [""condition"", ""continuous_window""], [""segment_id"", ""seg-0001""], [""series_index"", 6], [""session"", ""n/a""], [""source_kind"", ""csv_series_index""], [""source_path"", ""C:/Users/davia/biomedical_engineering/benchmarking/lrdbench/configs/suites/data/openneuro_ds002691_pilot/csv/openneuro_ds002691_sub-002_task-internalattention_E16_seg-0001.csv""], [""subject"", ""sub-002""]], ""variant_estimator_names"": [""WaveletOLS::broad_band"", ""WaveletOLS::conservative_band""], ""variant_names"": [""broad_band"", ""conservative_band""]}"
per_series,openneuro_ds002691_sub-002_task-internalattention_E24_seg-0001,DFA,parameter_variant_sensitivity,0.079059,"{""channel"": ""E24"", ""condition"": ""continuous_window"", ""segment_id"": ""seg-0001"", ""series_index"": 7, ""session"": ""n/a"", ""source_kind"": ""csv_series_index"", ""source_path"": ""C:/Users/davia/biomedical_engineering/benchmarking/lrdbench/configs/suites/data/openneuro_ds002691_pilot/csv/openneuro_ds002691_sub-002_task-internalattention_E24_seg-0001.csv"", ""subject"": ""sub-002""}","{""base_estimator_name"": ""DFA"", ""center"": 0.9208414145486037, ""n_variants"": 2, ""stratum_key"": [[""channel"", ""E24""], [""condition"", ""continuous_window""], [""segment_id"", ""seg-0001""], [""series_index"", 7], [""session"", ""n/a""], [""source_kind"", ""csv_series_index""], [""source_path"", ""C:/Users/davia/biomedical_engineering/benchmarking/lrdbench/configs/suites/data/openneuro_ds002691_pilot/csv/openneuro_ds002691_sub-002_task-internalattention_E24_seg-0001.csv""], [""subject"", ""sub-002""]], ""variant_estimator_names"": [""DFA::short_scales"", ""DFA::balanced_scales""], ""variant_names"": [""short_scales"", ""balanced_scales""]}"
per_series,openneuro_ds002691_sub-002_task-internalattention_E24_seg-0001,DFA,max_variant_drift,0.158117,"{""channel"": ""E24"", ""condition"": ""continuous_window"", ""segment_id"": ""seg-0001"", ""series_index"": 7, ""session"": ""n/a"", ""source_kind"": ""csv_series_index"", ""source_path"": ""C:/Users/davia/biomedical_engineering/benchmarking/lrdbench/configs/suites/data/openneuro_ds002691_pilot/csv/openneuro_ds002691_sub-002_task-internalattention_E24_seg-0001.csv"", ""subject"": ""sub-002""}","{""base_estimator_name"": ""DFA"", ""n_variants"": 2, ""stratum_key"": [[""channel"", ""E24""], [""condition"", ""continuous_window""], [""segment_id"", ""seg-0001""], [""series_index"", 7], [""session"", ""n/a""], [""source_kind"", ""csv_series_index""], [""source_path"", ""C:/Users/davia/biomedical_engineering/benchmarking/lrdbench/configs/suites/data/openneuro_ds002691_pilot/csv/openneuro_ds002691_sub-002_task-internalattention_E24_seg-0001.csv""], [""subject"", ""sub-002""]], ""variant_estimator_names"": [""DFA::short_scales"", ""DFA::balanced_scales""], ""variant_names"": [""short_scales"", ""balanced_scales""]}"
per_series,openneuro_ds002691_sub-002_task-internalattention_E24_seg-0001,DMA,parameter_variant_sensitivity,0.040847,"{""channel"": ""E24"", ""condition"": ""continuous_window"", ""segment_id"": ""seg-0001"", ""series_index"": 7, ""session"": ""n/a"", ""source_kind"": ""csv_series_index"", ""source_path"": ""C:/Users/davia/biomedical_engineering/benchmarking/lrdbench/configs/suites/data/openneuro_ds002691_pilot/csv/openneuro_ds002691_sub-002_task-internalattention_E24_seg-0001.csv"", ""subject"": ""sub-002""}","{""base_estimator_name"": ""DMA"", ""center"": 0.8653668488575363, ""n_variants"": 2, ""stratum_key"": [[""channel"", ""E24""], [""condition"", ""continuous_window""], [""segment_id"", ""seg-0001""], [""series_index"", 7], [""session"", ""n/a""], [""source_kind"", ""csv_series_index""], [""source_path"", ""C:/Users/davia/biomedical_engineering/benchmarking/lrdbench/configs/suites/data/openneuro_ds002691_pilot/csv/openneuro_ds002691_sub-002_task-internalattention_E24_seg-0001.csv""], [""subject"", ""sub-002""]], ""variant_estimator_names"": [""DMA::short_windows"", ""DMA::balanced_windows""], ""variant_names"": [""short_windows"", ""balanced_windows""]}"
per_series,openneuro_ds002691_sub-002_task-internalattention_E24_seg-0001,DMA,max_variant_drift,0.081693,"{""channel"": ""E24"", ""condition"": ""continuous_window"", ""segment_id"": ""seg-0001"", ""series_index"": 7, ""session"": ""n/a"", ""source_kind"": ""csv_series_index"", ""source_path"": ""C:/Users/davia/biomedical_engineering/benchmarking/lrdbench/configs/suites/data/openneuro_ds002691_pilot/csv/openneuro_ds002691_sub-002_task-internalattention_E24_seg-0001.csv"", ""subject"": ""sub-002""}","{""base_estimator_name"": ""DMA"", ""n_variants"": 2, ""stratum_key"": [[""channel"", ""E24""], [""condition"", ""continuous_window""], [""segment_id"", ""seg-0001""], [""series_index"", 7], [""session"", ""n/a""], [""source_kind"", ""csv_series_index""], [""source_path"", ""C:/Users/davia/biomedical_engineering/benchmarking/lrdbench/configs/suites/data/openneuro_ds002691_pilot/csv/openneuro_ds002691_sub-002_task-internalattention_E24_seg-0001.csv""], [""subject"", ""sub-002""]], ""variant_estimator_names"": [""DMA::short_windows"", ""DMA::balanced_windows""], ""variant_names"": [""short_windows"", ""balanced_windows""]}"
per_series,openneuro_ds002691_sub-002_task-internalattention_E24_seg-0001,WaveletOLS,parameter_variant_sensitivity,0.061075,"{""channel"": ""E24"", ""condition"": ""continuous_window"", ""segment_id"": ""seg-0001"", ""series_index"": 7, ""session"": ""n/a"", ""source_kind"": ""csv_series_index"", ""source_path"": ""C:/Users/davia/biomedical_engineering/benchmarking/lrdbench/configs/suites/data/openneuro_ds002691_pilot/csv/openneuro_ds002691_sub-002_task-internalattention_E24_seg-0001.csv"", ""subject"": ""sub-002""}","{""base_estimator_name"": ""WaveletOLS"", ""center"": 0.6281675128417595, ""n_variants"": 2, ""stratum_key"": [[""channel"", ""E24""], [""condition"", ""continuous_window""], [""segment_id"", ""seg-0001""], [""series_index"", 7], [""session"", ""n/a""], [""source_kind"", ""csv_series_index""], [""source_path"", ""C:/Users/davia/biomedical_engineering/benchmarking/lrdbench/configs/suites/data/openneuro_ds002691_pilot/csv/openneuro_ds002691_sub-002_task-internalattention_E24_seg-0001.csv""], [""subject"", ""sub-002""]], ""variant_estimator_names"": [""WaveletOLS::broad_band"", ""WaveletOLS::conservative_band""], ""variant_names"": [""broad_band"", ""conservative_band""]}"
per_series,openneuro_ds002691_sub-002_task-internalattention_E24_seg-0001,WaveletOLS,max_variant_drift,0.12215,"{""channel"": ""E24"", ""condition"": ""continuous_window"", ""segment_id"": ""seg-0001"", ""series_index"": 7, ""session"": ""n/a"", ""source_kind"": ""csv_series_index"", ""source_path"": ""C:/Users/davia/biomedical_engineering/benchmarking/lrdbench/configs/suites/data/openneuro_ds002691_pilot/csv/openneuro_ds002691_sub-002_task-internalattention_E24_seg-0001.csv"", ""subject"": ""sub-002""}","{""base_estimator_name"": ""WaveletOLS"", ""n_variants"": 2, ""stratum_key"": [[""channel"", ""E24""], [""condition"", ""continuous_window""], [""segment_id"", ""seg-0001""], [""series_index"", 7], [""session"", ""n/a""], [""source_kind"", ""csv_series_index""], [""source_path"", ""C:/Users/davia/biomedical_engineering/benchmarking/lrdbench/configs/suites/data/openneuro_ds002691_pilot/csv/openneuro_ds002691_sub-002_task-internalattention_E24_seg-0001.csv""], [""subject"", ""sub-002""]], ""variant_estimator_names"": [""WaveletOLS::broad_band"", ""WaveletOLS::conservative_band""], ""variant_names"": [""broad_band"", ""conservative_band""]}"
per_series,openneuro_ds002691_sub-003_task-internalattention_E1_seg-0001,DFA,parameter_variant_sensitivity,0.0,"{""channel"": ""E1"", ""condition"": ""continuous_window"", ""segment_id"": ""seg-0001"", ""series_index"": 8, ""session"": ""n/a"", ""source_kind"": ""csv_series_index"", ""source_path"": ""C:/Users/davia/biomedical_engineering/benchmarking/lrdbench/configs/suites/data/openneuro_ds002691_pilot/csv/openneuro_ds002691_sub-003_task-internalattention_E1_seg-0001.csv"", ""subject"": ""sub-003""}","{""base_estimator_name"": ""DFA"", ""center"": 0.9999, ""n_variants"": 2, ""stratum_key"": [[""channel"", ""E1""], [""condition"", ""continuous_window""], [""segment_id"", ""seg-0001""], [""series_index"", 8], [""session"", ""n/a""], [""source_kind"", ""csv_series_index""], [""source_path"", ""C:/Users/davia/biomedical_engineering/benchmarking/lrdbench/configs/suites/data/openneuro_ds002691_pilot/csv/openneuro_ds002691_sub-003_task-internalattention_E1_seg-0001.csv""], [""subject"", ""sub-003""]], ""variant_estimator_names"": [""DFA::short_scales"", ""DFA::balanced_scales""], ""variant_names"": [""short_scales"", ""balanced_scales""]}"
per_series,openneuro_ds002691_sub-003_task-internalattention_E1_seg-0001,DFA,max_variant_drift,0.0,"{""channel"": ""E1"", ""condition"": ""continuous_window"", ""segment_id"": ""seg-0001"", ""series_index"": 8, ""session"": ""n/a"", ""source_kind"": ""csv_series_index"", ""source_path"": ""C:/Users/davia/biomedical_engineering/benchmarking/lrdbench/configs/suites/data/openneuro_ds002691_pilot/csv/openneuro_ds002691_sub-003_task-internalattention_E1_seg-0001.csv"", ""subject"": ""sub-003""}","{""base_estimator_name"": ""DFA"", ""n_variants"": 2, ""stratum_key"": [[""channel"", ""E1""], [""condition"", ""continuous_window""], [""segment_id"", ""seg-0001""], [""series_index"", 8], [""session"", ""n/a""], [""source_kind"", ""csv_series_index""], [""source_path"", ""C:/Users/davia/biomedical_engineering/benchmarking/lrdbench/configs/suites/data/openneuro_ds002691_pilot/csv/openneuro_ds002691_sub-003_task-internalattention_E1_seg-0001.csv""], [""subject"", ""sub-003""]], ""variant_estimator_names"": [""DFA::short_scales"", ""DFA::balanced_scales""], ""variant_names"": [""short_scales"", ""balanced_scales""]}"
per_series,openneuro_ds002691_sub-003_task-internalattention_E1_seg-0001,DMA,parameter_variant_sensitivity,0.034962,"{""channel"": ""E1"", ""condition"": ""continuous_window"", ""segment_id"": ""seg-0001"", ""series_index"": 8, ""session"": ""n/a"", ""source_kind"": ""csv_series_index"", ""source_path"": ""C:/Users/davia/biomedical_engineering/benchmarking/lrdbench/configs/suites/data/openneuro_ds002691_pilot/csv/openneuro_ds002691_sub-003_task-internalattention_E1_seg-0001.csv"", ""subject"": ""sub-003""}","{""base_estimator_name"": ""DMA"", ""center"": 0.9289168726371402, ""n_variants"": 2, ""stratum_key"": [[""channel"", ""E1""], [""condition"", ""continuous_window""], [""segment_id"", ""seg-0001""], [""series_index"", 8], [""session"", ""n/a""], [""source_kind"", ""csv_series_index""], [""source_path"", ""C:/Users/davia/biomedical_engineering/benchmarking/lrdbench/configs/suites/data/openneuro_ds002691_pilot/csv/openneuro_ds002691_sub-003_task-internalattention_E1_seg-0001.csv""], [""subject"", ""sub-003""]], ""variant_estimator_names"": [""DMA::short_windows"", ""DMA::balanced_windows""], ""variant_names"": [""short_windows"", ""balanced_windows""]}"
per_series,openneuro_ds002691_sub-003_task-internalattention_E1_seg-0001,DMA,max_variant_drift,0.069923,"{""channel"": ""E1"", ""condition"": ""continuous_window"", ""segment_id"": ""seg-0001"", ""series_index"": 8, ""session"": ""n/a"", ""source_kind"": ""csv_series_index"", ""source_path"": ""C:/Users/davia/biomedical_engineering/benchmarking/lrdbench/configs/suites/data/openneuro_ds002691_pilot/csv/openneuro_ds002691_sub-003_task-internalattention_E1_seg-0001.csv"", ""subject"": ""sub-003""}","{""base_estimator_name"": ""DMA"", ""n_variants"": 2, ""stratum_key"": [[""channel"", ""E1""], [""condition"", ""continuous_window""], [""segment_id"", ""seg-0001""], [""series_index"", 8], [""session"", ""n/a""], [""source_kind"", ""csv_series_index""], [""source_path"", ""C:/Users/davia/biomedical_engineering/benchmarking/lrdbench/configs/suites/data/openneuro_ds002691_pilot/csv/openneuro_ds002691_sub-003_task-internalattention_E1_seg-0001.csv""], [""subject"", ""sub-003""]], ""variant_estimator_names"": [""DMA::short_windows"", ""DMA::balanced_windows""], ""variant_names"": [""short_windows"", ""balanced_windows""]}"
per_series,openneuro_ds002691_sub-003_task-internalattention_E1_seg-0001,WaveletOLS,parameter_variant_sensitivity,0.0,"{""channel"": ""E1"", ""condition"": ""continuous_window"", ""segment_id"": ""seg-0001"", ""series_index"": 8, ""session"": ""n/a"", ""source_kind"": ""csv_series_index"", ""source_path"": ""C:/Users/davia/biomedical_engineering/benchmarking/lrdbench/configs/suites/data/openneuro_ds002691_pilot/csv/openneuro_ds002691_sub-003_task-internalattention_E1_seg-0001.csv"", ""subject"": ""sub-003""}","{""base_estimator_name"": ""WaveletOLS"", ""center"": 0.0001, ""n_variants"": 2, ""stratum_key"": [[""channel"", ""E1""], [""condition"", ""continuous_window""], [""segment_id"", ""seg-0001""], [""series_index"", 8], [""session"", ""n/a""], [""source_kind"", ""csv_series_index""], [""source_path"", ""C:/Users/davia/biomedical_engineering/benchmarking/lrdbench/configs/suites/data/openneuro_ds002691_pilot/csv/openneuro_ds002691_sub-003_task-internalattention_E1_seg-0001.csv""], [""subject"", ""sub-003""]], ""variant_estimator_names"": [""WaveletOLS::broad_band"", ""WaveletOLS::conservative_band""], ""variant_names"": [""broad_band"", ""conservative_band""]}"
per_series,openneuro_ds002691_sub-003_task-internalattention_E1_seg-0001,WaveletOLS,max_variant_drift,0.0,"{""channel"": ""E1"", ""condition"": ""continuous_window"", ""segment_id"": ""seg-0001"", ""series_index"": 8, ""session"": ""n/a"", ""source_kind"": ""csv_series_index"", ""source_path"": ""C:/Users/davia/biomedical_engineering/benchmarking/lrdbench/configs/suites/data/openneuro_ds002691_pilot/csv/openneuro_ds002691_sub-003_task-internalattention_E1_seg-0001.csv"", ""subject"": ""sub-003""}","{""base_estimator_name"": ""WaveletOLS"", ""n_variants"": 2, ""stratum_key"": [[""channel"", ""E1""], [""condition"", ""continuous_window""], [""segment_id"", ""seg-0001""], [""series_index"", 8], [""session"", ""n/a""], [""source_kind"", ""csv_series_index""], [""source_path"", ""C:/Users/davia/biomedical_engineering/benchmarking/lrdbench/configs/suites/data/openneuro_ds002691_pilot/csv/openneuro_ds002691_sub-003_task-internalattention_E1_seg-0001.csv""], [""subject"", ""sub-003""]], ""variant_estimator_names"": [""WaveletOLS::broad_band"", ""WaveletOLS::conservative_band""], ""variant_names"": [""broad_band"", ""conservative_band""]}"
per_series,openneuro_ds002691_sub-003_task-internalattention_E8_seg-0001,DFA,parameter_variant_sensitivity,0.0,"{""channel"": ""E8"", ""condition"": ""continuous_window"", ""segment_id"": ""seg-0001"", ""series_index"": 9, ""session"": ""n/a"", ""source_kind"": ""csv_series_index"", ""source_path"": ""C:/Users/davia/biomedical_engineering/benchmarking/lrdbench/configs/suites/data/openneuro_ds002691_pilot/csv/openneuro_ds002691_sub-003_task-internalattention_E8_seg-0001.csv"", ""subject"": ""sub-003""}","{""base_estimator_name"": ""DFA"", ""center"": 0.9999, ""n_variants"": 2, ""stratum_key"": [[""channel"", ""E8""], [""condition"", ""continuous_window""], [""segment_id"", ""seg-0001""], [""series_index"", 9], [""session"", ""n/a""], [""source_kind"", ""csv_series_index""], [""source_path"", ""C:/Users/davia/biomedical_engineering/benchmarking/lrdbench/configs/suites/data/openneuro_ds002691_pilot/csv/openneuro_ds002691_sub-003_task-internalattention_E8_seg-0001.csv""], [""subject"", ""sub-003""]], ""variant_estimator_names"": [""DFA::short_scales"", ""DFA::balanced_scales""], ""variant_names"": [""short_scales"", ""balanced_scales""]}"
per_series,openneuro_ds002691_sub-003_task-internalattention_E8_seg-0001,DFA,max_variant_drift,0.0,"{""channel"": ""E8"", ""condition"": ""continuous_window"", ""segment_id"": ""seg-0001"", ""series_index"": 9, ""session"": ""n/a"", ""source_kind"": ""csv_series_index"", ""source_path"": ""C:/Users/davia/biomedical_engineering/benchmarking/lrdbench/configs/suites/data/openneuro_ds002691_pilot/csv/openneuro_ds002691_sub-003_task-internalattention_E8_seg-0001.csv"", ""subject"": ""sub-003""}","{""base_estimator_name"": ""DFA"", ""n_variants"": 2, ""stratum_key"": [[""channel"", ""E8""], [""condition"", ""continuous_window""], [""segment_id"", ""seg-0001""], [""series_index"", 9], [""session"", ""n/a""], [""source_kind"", ""csv_series_index""], [""source_path"", ""C:/Users/davia/biomedical_engineering/benchmarking/lrdbench/configs/suites/data/openneuro_ds002691_pilot/csv/openneuro_ds002691_sub-003_task-internalattention_E8_seg-0001.csv""], [""subject"", ""sub-003""]], ""variant_estimator_names"": [""DFA::short_scales"", ""DFA::balanced_scales""], ""variant_names"": [""short_scales"", ""balanced_scales""]}"
per_series,openneuro_ds002691_sub-003_task-internalattention_E8_seg-0001,DMA,parameter_variant_sensitivity,0.00989,"{""channel"": ""E8"", ""condition"": ""continuous_window"", ""segment_id"": ""seg-0001"", ""series_index"": 9, ""session"": ""n/a"", ""source_kind"": ""csv_series_index"", ""source_path"": ""C:/Users/davia/biomedical_engineering/benchmarking/lrdbench/configs/suites/data/openneuro_ds002691_pilot/csv/openneuro_ds002691_sub-003_task-internalattention_E8_seg-0001.csv"", ""subject"": ""sub-003""}","{""base_estimator_name"": ""DMA"", ""center"": 0.9900097693439546, ""n_variants"": 2, ""stratum_key"": [[""channel"", ""E8""], [""condition"", ""continuous_window""], [""segment_id"", ""seg-0001""], [""series_index"", 9], [""session"", ""n/a""], [""source_kind"", ""csv_series_index""], [""source_path"", ""C:/Users/davia/biomedical_engineering/benchmarking/lrdbench/configs/suites/data/openneuro_ds002691_pilot/csv/openneuro_ds002691_sub-003_task-internalattention_E8_seg-0001.csv""], [""subject"", ""sub-003""]], ""variant_estimator_names"": [""DMA::short_windows"", ""DMA::balanced_windows""], ""variant_names"": [""short_windows"", ""balanced_windows""]}"
per_series,openneuro_ds002691_sub-003_task-internalattention_E8_seg-0001,DMA,max_variant_drift,0.01978,"{""channel"": ""E8"", ""condition"": ""continuous_window"", ""segment_id"": ""seg-0001"", ""series_index"": 9, ""session"": ""n/a"", ""source_kind"": ""csv_series_index"", ""source_path"": ""C:/Users/davia/biomedical_engineering/benchmarking/lrdbench/configs/suites/data/openneuro_ds002691_pilot/csv/openneuro_ds002691_sub-003_task-internalattention_E8_seg-0001.csv"", ""subject"": ""sub-003""}","{""base_estimator_name"": ""DMA"", ""n_variants"": 2, ""stratum_key"": [[""channel"", ""E8""], [""condition"", ""continuous_window""], [""segment_id"", ""seg-0001""], [""series_index"", 9], [""session"", ""n/a""], [""source_kind"", ""csv_series_index""], [""source_path"", ""C:/Users/davia/biomedical_engineering/benchmarking/lrdbench/configs/suites/data/openneuro_ds002691_pilot/csv/openneuro_ds002691_sub-003_task-internalattention_E8_seg-0001.csv""], [""subject"", ""sub-003""]], ""variant_estimator_names"": [""DMA::short_windows"", ""DMA::balanced_windows""], ""variant_names"": [""short_windows"", ""balanced_windows""]}"
per_series,openneuro_ds002691_sub-003_task-internalattention_E8_seg-0001,WaveletOLS,parameter_variant_sensitivity,0.054737,"{""channel"": ""E8"", ""condition"": ""continuous_window"", ""segment_id"": ""seg-0001"", ""series_index"": 9, ""session"": ""n/a"", ""source_kind"": ""csv_series_index"", ""source_path"": ""C:/Users/davia/biomedical_engineering/benchmarking/lrdbench/configs/suites/data/openneuro_ds002691_pilot/csv/openneuro_ds002691_sub-003_task-internalattention_E8_seg-0001.csv"", ""subject"": ""sub-003""}","{""base_estimator_name"": ""WaveletOLS"", ""center"": 0.3510934066681867, ""n_variants"": 2, ""stratum_key"": [[""channel"", ""E8""], [""condition"", ""continuous_window""], [""segment_id"", ""seg-0001""], [""series_index"", 9], [""session"", ""n/a""], [""source_kind"", ""csv_series_index""], [""source_path"", ""C:/Users/davia/biomedical_engineering/benchmarking/lrdbench/configs/suites/data/openneuro_ds002691_pilot/csv/openneuro_ds002691_sub-003_task-internalattention_E8_seg-0001.csv""], [""subject"", ""sub-003""]], ""variant_estimator_names"": [""WaveletOLS::broad_band"", ""WaveletOLS::conservative_band""], ""variant_names"": [""broad_band"", ""conservative_band""]}"
per_series,openneuro_ds002691_sub-003_task-internalattention_E8_seg-0001,WaveletOLS,max_variant_drift,0.109473,"{""channel"": ""E8"", ""condition"": ""continuous_window"", ""segment_id"": ""seg-0001"", ""series_index"": 9, ""session"": ""n/a"", ""source_kind"": ""csv_series_index"", ""source_path"": ""C:/Users/davia/biomedical_engineering/benchmarking/lrdbench/configs/suites/data/openneuro_ds002691_pilot/csv/openneuro_ds002691_sub-003_task-internalattention_E8_seg-0001.csv"", ""subject"": ""sub-003""}","{""base_estimator_name"": ""WaveletOLS"", ""n_variants"": 2, ""stratum_key"": [[""channel"", ""E8""], [""condition"", ""continuous_window""], [""segment_id"", ""seg-0001""], [""series_index"", 9], [""session"", ""n/a""], [""source_kind"", ""csv_series_index""], [""source_path"", ""C:/Users/davia/biomedical_engineering/benchmarking/lrdbench/configs/suites/data/openneuro_ds002691_pilot/csv/openneuro_ds002691_sub-003_task-internalattention_E8_seg-0001.csv""], [""subject"", ""sub-003""]], ""variant_estimator_names"": [""WaveletOLS::broad_band"", ""WaveletOLS::conservative_band""], ""variant_names"": [""broad_band"", ""conservative_band""]}"
per_series,openneuro_ds002691_sub-003_task-internalattention_E16_seg-0001,DFA,parameter_variant_sensitivity,0.0,"{""channel"": ""E16"", ""condition"": ""continuous_window"", ""segment_id"": ""seg-0001"", ""series_index"": 10, ""session"": ""n/a"", ""source_kind"": ""csv_series_index"", ""source_path"": ""C:/Users/davia/biomedical_engineering/benchmarking/lrdbench/configs/suites/data/openneuro_ds002691_pilot/csv/openneuro_ds002691_sub-003_task-internalattention_E16_seg-0001.csv"", ""subject"": ""sub-003""}","{""base_estimator_name"": ""DFA"", ""center"": 0.9999, ""n_variants"": 2, ""stratum_key"": [[""channel"", ""E16""], [""condition"", ""continuous_window""], [""segment_id"", ""seg-0001""], [""series_index"", 10], [""session"", ""n/a""], [""source_kind"", ""csv_series_index""], [""source_path"", ""C:/Users/davia/biomedical_engineering/benchmarking/lrdbench/configs/suites/data/openneuro_ds002691_pilot/csv/openneuro_ds002691_sub-003_task-internalattention_E16_seg-0001.csv""], [""subject"", ""sub-003""]], ""variant_estimator_names"": [""DFA::short_scales"", ""DFA::balanced_scales""], ""variant_names"": [""short_scales"", ""balanced_scales""]}"
per_series,openneuro_ds002691_sub-003_task-internalattention_E16_seg-0001,DFA,max_variant_drift,0.0,"{""channel"": ""E16"", ""condition"": ""continuous_window"", ""segment_id"": ""seg-0001"", ""series_index"": 10, ""session"": ""n/a"", ""source_kind"": ""csv_series_index"", ""source_path"": ""C:/Users/davia/biomedical_engineering/benchmarking/lrdbench/configs/suites/data/openneuro_ds002691_pilot/csv/openneuro_ds002691_sub-003_task-internalattention_E16_seg-0001.csv"", ""subject"": ""sub-003""}","{""base_estimator_name"": ""DFA"", ""n_variants"": 2, ""stratum_key"": [[""channel"", ""E16""], [""condition"", ""continuous_window""], [""segment_id"", ""seg-0001""], [""series_index"", 10], [""session"", ""n/a""], [""source_kind"", ""csv_series_index""], [""source_path"", ""C:/Users/davia/biomedical_engineering/benchmarking/lrdbench/configs/suites/data/openneuro_ds002691_pilot/csv/openneuro_ds002691_sub-003_task-internalattention_E16_seg-0001.csv""], [""subject"", ""sub-003""]], ""variant_estimator_names"": [""DFA::short_scales"", ""DFA::balanced_scales""], ""variant_names"": [""short_scales"", ""balanced_scales""]}"
per_series,openneuro_ds002691_sub-003_task-internalattention_E16_seg-0001,DMA,parameter_variant_sensitivity,0.026442,"{""channel"": ""E16"", ""condition"": ""continuous_window"", ""segment_id"": ""seg-0001"", ""series_index"": 10, ""session"": ""n/a"", ""source_kind"": ""csv_series_index"", ""source_path"": ""C:/Users/davia/biomedical_engineering/benchmarking/lrdbench/configs/suites/data/openneuro_ds002691_pilot/csv/openneuro_ds002691_sub-003_task-internalattention_E16_seg-0001.csv"", ""subject"": ""sub-003""}","{""base_estimator_name"": ""DMA"", ""center"": 0.9321295244450922, ""n_variants"": 2, ""stratum_key"": [[""channel"", ""E16""], [""condition"", ""continuous_window""], [""segment_id"", ""seg-0001""], [""series_index"", 10], [""session"", ""n/a""], [""source_kind"", ""csv_series_index""], [""source_path"", ""C:/Users/davia/biomedical_engineering/benchmarking/lrdbench/configs/suites/data/openneuro_ds002691_pilot/csv/openneuro_ds002691_sub-003_task-internalattention_E16_seg-0001.csv""], [""subject"", ""sub-003""]], ""variant_estimator_names"": [""DMA::short_windows"", ""DMA::balanced_windows""], ""variant_names"": [""short_windows"", ""balanced_windows""]}"
per_series,openneuro_ds002691_sub-003_task-internalattention_E16_seg-0001,DMA,max_variant_drift,0.052884,"{""channel"": ""E16"", ""condition"": ""continuous_window"", ""segment_id"": ""seg-0001"", ""series_index"": 10, ""session"": ""n/a"", ""source_kind"": ""csv_series_index"", ""source_path"": ""C:/Users/davia/biomedical_engineering/benchmarking/lrdbench/configs/suites/data/openneuro_ds002691_pilot/csv/openneuro_ds002691_sub-003_task-internalattention_E16_seg-0001.csv"", ""subject"": ""sub-003""}","{""base_estimator_name"": ""DMA"", ""n_variants"": 2, ""stratum_key"": [[""channel"", ""E16""], [""condition"", ""continuous_window""], [""segment_id"", ""seg-0001""], [""series_index"", 10], [""session"", ""n/a""], [""source_kind"", ""csv_series_index""], [""source_path"", ""C:/Users/davia/biomedical_engineering/benchmarking/lrdbench/configs/suites/data/openneuro_ds002691_pilot/csv/openneuro_ds002691_sub-003_task-internalattention_E16_seg-0001.csv""], [""subject"", ""sub-003""]], ""variant_estimator_names"": [""DMA::short_windows"", ""DMA::balanced_windows""], ""variant_names"": [""short_windows"", ""balanced_windows""]}"
per_series,openneuro_ds002691_sub-003_task-internalattention_E16_seg-0001,WaveletOLS,parameter_variant_sensitivity,0.117776,"{""channel"": ""E16"", ""condition"": ""continuous_window"", ""segment_id"": ""seg-0001"", ""series_index"": 10, ""session"": ""n/a"", ""source_kind"": ""csv_series_index"", ""source_path"": ""C:/Users/davia/biomedical_engineering/benchmarking/lrdbench/configs/suites/data/openneuro_ds002691_pilot/csv/openneuro_ds002691_sub-003_task-internalattention_E16_seg-0001.csv"", ""subject"": ""sub-003""}","{""base_estimator_name"": ""WaveletOLS"", ""center"": 0.2122990483098524, ""n_variants"": 2, ""stratum_key"": [[""channel"", ""E16""], [""condition"", ""continuous_window""], [""segment_id"", ""seg-0001""], [""series_index"", 10], [""session"", ""n/a""], [""source_kind"", ""csv_series_index""], [""source_path"", ""C:/Users/davia/biomedical_engineering/benchmarking/lrdbench/configs/suites/data/openneuro_ds002691_pilot/csv/openneuro_ds002691_sub-003_task-internalattention_E16_seg-0001.csv""], [""subject"", ""sub-003""]], ""variant_estimator_names"": [""WaveletOLS::broad_band"", ""WaveletOLS::conservative_band""], ""variant_names"": [""broad_band"", ""conservative_band""]}"
per_series,openneuro_ds002691_sub-003_task-internalattention_E16_seg-0001,WaveletOLS,max_variant_drift,0.235553,"{""channel"": ""E16"", ""condition"": ""continuous_window"", ""segment_id"": ""seg-0001"", ""series_index"": 10, ""session"": ""n/a"", ""source_kind"": ""csv_series_index"", ""source_path"": ""C:/Users/davia/biomedical_engineering/benchmarking/lrdbench/configs/suites/data/openneuro_ds002691_pilot/csv/openneuro_ds002691_sub-003_task-internalattention_E16_seg-0001.csv"", ""subject"": ""sub-003""}","{""base_estimator_name"": ""WaveletOLS"", ""n_variants"": 2, ""stratum_key"": [[""channel"", ""E16""], [""condition"", ""continuous_window""], [""segment_id"", ""seg-0001""], [""series_index"", 10], [""session"", ""n/a""], [""source_kind"", ""csv_series_index""], [""source_path"", ""C:/Users/davia/biomedical_engineering/benchmarking/lrdbench/configs/suites/data/openneuro_ds002691_pilot/csv/openneuro_ds002691_sub-003_task-internalattention_E16_seg-0001.csv""], [""subject"", ""sub-003""]], ""variant_estimator_names"": [""WaveletOLS::broad_band"", ""WaveletOLS::conservative_band""], ""variant_names"": [""broad_band"", ""conservative_band""]}"
per_series,openneuro_ds002691_sub-003_task-internalattention_E24_seg-0001,DFA,parameter_variant_sensitivity,0.0,"{""channel"": ""E24"", ""condition"": ""continuous_window"", ""segment_id"": ""seg-0001"", ""series_index"": 11, ""session"": ""n/a"", ""source_kind"": ""csv_series_index"", ""source_path"": ""C:/Users/davia/biomedical_engineering/benchmarking/lrdbench/configs/suites/data/openneuro_ds002691_pilot/csv/openneuro_ds002691_sub-003_task-internalattention_E24_seg-0001.csv"", ""subject"": ""sub-003""}","{""base_estimator_name"": ""DFA"", ""center"": 0.9999, ""n_variants"": 2, ""stratum_key"": [[""channel"", ""E24""], [""condition"", ""continuous_window""], [""segment_id"", ""seg-0001""], [""series_index"", 11], [""session"", ""n/a""], [""source_kind"", ""csv_series_index""], [""source_path"", ""C:/Users/davia/biomedical_engineering/benchmarking/lrdbench/configs/suites/data/openneuro_ds002691_pilot/csv/openneuro_ds002691_sub-003_task-internalattention_E24_seg-0001.csv""], [""subject"", ""sub-003""]], ""variant_estimator_names"": [""DFA::short_scales"", ""DFA::balanced_scales""], ""variant_names"": [""short_scales"", ""balanced_scales""]}"
per_series,openneuro_ds002691_sub-003_task-internalattention_E24_seg-0001,DFA,max_variant_drift,0.0,"{""channel"": ""E24"", ""condition"": ""continuous_window"", ""segment_id"": ""seg-0001"", ""series_index"": 11, ""session"": ""n/a"", ""source_kind"": ""csv_series_index"", ""source_path"": ""C:/Users/davia/biomedical_engineering/benchmarking/lrdbench/configs/suites/data/openneuro_ds002691_pilot/csv/openneuro_ds002691_sub-003_task-internalattention_E24_seg-0001.csv"", ""subject"": ""sub-003""}","{""base_estimator_name"": ""DFA"", ""n_variants"": 2, ""stratum_key"": [[""channel"", ""E24""], [""condition"", ""continuous_window""], [""segment_id"", ""seg-0001""], [""series_index"", 11], [""session"", ""n/a""], [""source_kind"", ""csv_series_index""], [""source_path"", ""C:/Users/davia/biomedical_engineering/benchmarking/lrdbench/configs/suites/data/openneuro_ds002691_pilot/csv/openneuro_ds002691_sub-003_task-internalattention_E24_seg-0001.csv""], [""subject"", ""sub-003""]], ""variant_estimator_names"": [""DFA::short_scales"", ""DFA::balanced_scales""], ""variant_names"": [""short_scales"", ""balanced_scales""]}"
per_series,openneuro_ds002691_sub-003_task-internalattention_E24_seg-0001,DMA,parameter_variant_sensitivity,0.045977,"{""channel"": ""E24"", ""condition"": ""continuous_window"", ""segment_id"": ""seg-0001"", ""series_index"": 11, ""session"": ""n/a"", ""source_kind"": ""csv_series_index"", ""source_path"": ""C:/Users/davia/biomedical_engineering/benchmarking/lrdbench/configs/suites/data/openneuro_ds002691_pilot/csv/openneuro_ds002691_sub-003_task-internalattention_E24_seg-0001.csv"", ""subject"": ""sub-003""}","{""base_estimator_name"": ""DMA"", ""center"": 0.8566764546404733, ""n_variants"": 2, ""stratum_key"": [[""channel"", ""E24""], [""condition"", ""continuous_window""], [""segment_id"", ""seg-0001""], [""series_index"", 11], [""session"", ""n/a""], [""source_kind"", ""csv_series_index""], [""source_path"", ""C:/Users/davia/biomedical_engineering/benchmarking/lrdbench/configs/suites/data/openneuro_ds002691_pilot/csv/openneuro_ds002691_sub-003_task-internalattention_E24_seg-0001.csv""], [""subject"", ""sub-003""]], ""variant_estimator_names"": [""DMA::short_windows"", ""DMA::balanced_windows""], ""variant_names"": [""short_windows"", ""balanced_windows""]}"
per_series,openneuro_ds002691_sub-003_task-internalattention_E24_seg-0001,DMA,max_variant_drift,0.091954,"{""channel"": ""E24"", ""condition"": ""continuous_window"", ""segment_id"": ""seg-0001"", ""series_index"": 11, ""session"": ""n/a"", ""source_kind"": ""csv_series_index"", ""source_path"": ""C:/Users/davia/biomedical_engineering/benchmarking/lrdbench/configs/suites/data/openneuro_ds002691_pilot/csv/openneuro_ds002691_sub-003_task-internalattention_E24_seg-0001.csv"", ""subject"": ""sub-003""}","{""base_estimator_name"": ""DMA"", ""n_variants"": 2, ""stratum_key"": [[""channel"", ""E24""], [""condition"", ""continuous_window""], [""segment_id"", ""seg-0001""], [""series_index"", 11], [""session"", ""n/a""], [""source_kind"", ""csv_series_index""], [""source_path"", ""C:/Users/davia/biomedical_engineering/benchmarking/lrdbench/configs/suites/data/openneuro_ds002691_pilot/csv/openneuro_ds002691_sub-003_task-internalattention_E24_seg-0001.csv""], [""subject"", ""sub-003""]], ""variant_estimator_names"": [""DMA::short_windows"", ""DMA::balanced_windows""], ""variant_names"": [""short_windows"", ""balanced_windows""]}"
per_series,openneuro_ds002691_sub-003_task-internalattention_E24_seg-0001,WaveletOLS,parameter_variant_sensitivity,0.150058,"{""channel"": ""E24"", ""condition"": ""continuous_window"", ""segment_id"": ""seg-0001"", ""series_index"": 11, ""session"": ""n/a"", ""source_kind"": ""csv_series_index"", ""source_path"": ""C:/Users/davia/biomedical_engineering/benchmarking/lrdbench/configs/suites/data/openneuro_ds002691_pilot/csv/openneuro_ds002691_sub-003_task-internalattention_E24_seg-0001.csv"", ""subject"": ""sub-003""}","{""base_estimator_name"": ""WaveletOLS"", ""center"": 0.2629947154310953, ""n_variants"": 2, ""stratum_key"": [[""channel"", ""E24""], [""condition"", ""continuous_window""], [""segment_id"", ""seg-0001""], [""series_index"", 11], [""session"", ""n/a""], [""source_kind"", ""csv_series_index""], [""source_path"", ""C:/Users/davia/biomedical_engineering/benchmarking/lrdbench/configs/suites/data/openneuro_ds002691_pilot/csv/openneuro_ds002691_sub-003_task-internalattention_E24_seg-0001.csv""], [""subject"", ""sub-003""]], ""variant_estimator_names"": [""WaveletOLS::broad_band"", ""WaveletOLS::conservative_band""], ""variant_names"": [""broad_band"", ""conservative_band""]}"
per_series,openneuro_ds002691_sub-003_task-internalattention_E24_seg-0001,WaveletOLS,max_variant_drift,0.300117,"{""channel"": ""E24"", ""condition"": ""continuous_window"", ""segment_id"": ""seg-0001"", ""series_index"": 11, ""session"": ""n/a"", ""source_kind"": ""csv_series_index"", ""source_path"": ""C:/Users/davia/biomedical_engineering/benchmarking/lrdbench/configs/suites/data/openneuro_ds002691_pilot/csv/openneuro_ds002691_sub-003_task-internalattention_E24_seg-0001.csv"", ""subject"": ""sub-003""}","{""base_estimator_name"": ""WaveletOLS"", ""n_variants"": 2, ""stratum_key"": [[""channel"", ""E24""], [""condition"", ""continuous_window""], [""segment_id"", ""seg-0001""], [""series_index"", 11], [""session"", ""n/a""], [""source_kind"", ""csv_series_index""], [""source_path"", ""C:/Users/davia/biomedical_engineering/benchmarking/lrdbench/configs/suites/data/openneuro_ds002691_pilot/csv/openneuro_ds002691_sub-003_task-internalattention_E24_seg-0001.csv""], [""subject"", ""sub-003""]], ""variant_estimator_names"": [""WaveletOLS::broad_band"", ""WaveletOLS::conservative_band""], ""variant_names"": [""broad_band"", ""conservative_band""]}"
per_series,openneuro_ds002691_sub-004_task-internalattention_E1_seg-0001,DFA,parameter_variant_sensitivity,0.0,"{""channel"": ""E1"", ""condition"": ""continuous_window"", ""segment_id"": ""seg-0001"", ""series_index"": 12, ""session"": ""n/a"", ""source_kind"": ""csv_series_index"", ""source_path"": ""C:/Users/davia/biomedical_engineering/benchmarking/lrdbench/configs/suites/data/openneuro_ds002691_pilot/csv/openneuro_ds002691_sub-004_task-internalattention_E1_seg-0001.csv"", ""subject"": ""sub-004""}","{""base_estimator_name"": ""DFA"", ""center"": 0.9999, ""n_variants"": 2, ""stratum_key"": [[""channel"", ""E1""], [""condition"", ""continuous_window""], [""segment_id"", ""seg-0001""], [""series_index"", 12], [""session"", ""n/a""], [""source_kind"", ""csv_series_index""], [""source_path"", ""C:/Users/davia/biomedical_engineering/benchmarking/lrdbench/configs/suites/data/openneuro_ds002691_pilot/csv/openneuro_ds002691_sub-004_task-internalattention_E1_seg-0001.csv""], [""subject"", ""sub-004""]], ""variant_estimator_names"": [""DFA::short_scales"", ""DFA::balanced_scales""], ""variant_names"": [""short_scales"", ""balanced_scales""]}"
per_series,openneuro_ds002691_sub-004_task-internalattention_E1_seg-0001,DFA,max_variant_drift,0.0,"{""channel"": ""E1"", ""condition"": ""continuous_window"", ""segment_id"": ""seg-0001"", ""series_index"": 12, ""session"": ""n/a"", ""source_kind"": ""csv_series_index"", ""source_path"": ""C:/Users/davia/biomedical_engineering/benchmarking/lrdbench/configs/suites/data/openneuro_ds002691_pilot/csv/openneuro_ds002691_sub-004_task-internalattention_E1_seg-0001.csv"", ""subject"": ""sub-004""}","{""base_estimator_name"": ""DFA"", ""n_variants"": 2, ""stratum_key"": [[""channel"", ""E1""], [""condition"", ""continuous_window""], [""segment_id"", ""seg-0001""], [""series_index"", 12], [""session"", ""n/a""], [""source_kind"", ""csv_series_index""], [""source_path"", ""C:/Users/davia/biomedical_engineering/benchmarking/lrdbench/configs/suites/data/openneuro_ds002691_pilot/csv/openneuro_ds002691_sub-004_task-internalattention_E1_seg-0001.csv""], [""subject"", ""sub-004""]], ""variant_estimator_names"": [""DFA::short_scales"", ""DFA::balanced_scales""], ""variant_names"": [""short_scales"", ""balanced_scales""]}"
per_series,openneuro_ds002691_sub-004_task-internalattention_E1_seg-0001,DMA,parameter_variant_sensitivity,0.049574,"{""channel"": ""E1"", ""condition"": ""continuous_window"", ""segment_id"": ""seg-0001"", ""series_index"": 12, ""session"": ""n/a"", ""source_kind"": ""csv_series_index"", ""source_path"": ""C:/Users/davia/biomedical_engineering/benchmarking/lrdbench/configs/suites/data/openneuro_ds002691_pilot/csv/openneuro_ds002691_sub-004_task-internalattention_E1_seg-0001.csv"", ""subject"": ""sub-004""}","{""base_estimator_name"": ""DMA"", ""center"": 0.9026372300121914, ""n_variants"": 2, ""stratum_key"": [[""channel"", ""E1""], [""condition"", ""continuous_window""], [""segment_id"", ""seg-0001""], [""series_index"", 12], [""session"", ""n/a""], [""source_kind"", ""csv_series_index""], [""source_path"", ""C:/Users/davia/biomedical_engineering/benchmarking/lrdbench/configs/suites/data/openneuro_ds002691_pilot/csv/openneuro_ds002691_sub-004_task-internalattention_E1_seg-0001.csv""], [""subject"", ""sub-004""]], ""variant_estimator_names"": [""DMA::short_windows"", ""DMA::balanced_windows""], ""variant_names"": [""short_windows"", ""balanced_windows""]}"
per_series,openneuro_ds002691_sub-004_task-internalattention_E1_seg-0001,DMA,max_variant_drift,0.099148,"{""channel"": ""E1"", ""condition"": ""continuous_window"", ""segment_id"": ""seg-0001"", ""series_index"": 12, ""session"": ""n/a"", ""source_kind"": ""csv_series_index"", ""source_path"": ""C:/Users/davia/biomedical_engineering/benchmarking/lrdbench/configs/suites/data/openneuro_ds002691_pilot/csv/openneuro_ds002691_sub-004_task-internalattention_E1_seg-0001.csv"", ""subject"": ""sub-004""}","{""base_estimator_name"": ""DMA"", ""n_variants"": 2, ""stratum_key"": [[""channel"", ""E1""], [""condition"", ""continuous_window""], [""segment_id"", ""seg-0001""], [""series_index"", 12], [""session"", ""n/a""], [""source_kind"", ""csv_series_index""], [""source_path"", ""C:/Users/davia/biomedical_engineering/benchmarking/lrdbench/configs/suites/data/openneuro_ds002691_pilot/csv/openneuro_ds002691_sub-004_task-internalattention_E1_seg-0001.csv""], [""subject"", ""sub-004""]], ""variant_estimator_names"": [""DMA::short_windows"", ""DMA::balanced_windows""], ""variant_names"": [""short_windows"", ""balanced_windows""]}"
per_series,openneuro_ds002691_sub-004_task-internalattention_E1_seg-0001,WaveletOLS,parameter_variant_sensitivity,0.102835,"{""channel"": ""E1"", ""condition"": ""continuous_window"", ""segment_id"": ""seg-0001"", ""series_index"": 12, ""session"": ""n/a"", ""source_kind"": ""csv_series_index"", ""source_path"": ""C:/Users/davia/biomedical_engineering/benchmarking/lrdbench/configs/suites/data/openneuro_ds002691_pilot/csv/openneuro_ds002691_sub-004_task-internalattention_E1_seg-0001.csv"", ""subject"": ""sub-004""}","{""base_estimator_name"": ""WaveletOLS"", ""center"": 0.3948225812564662, ""n_variants"": 2, ""stratum_key"": [[""channel"", ""E1""], [""condition"", ""continuous_window""], [""segment_id"", ""seg-0001""], [""series_index"", 12], [""session"", ""n/a""], [""source_kind"", ""csv_series_index""], [""source_path"", ""C:/Users/davia/biomedical_engineering/benchmarking/lrdbench/configs/suites/data/openneuro_ds002691_pilot/csv/openneuro_ds002691_sub-004_task-internalattention_E1_seg-0001.csv""], [""subject"", ""sub-004""]], ""variant_estimator_names"": [""WaveletOLS::broad_band"", ""WaveletOLS::conservative_band""], ""variant_names"": [""broad_band"", ""conservative_band""]}"
per_series,openneuro_ds002691_sub-004_task-internalattention_E1_seg-0001,WaveletOLS,max_variant_drift,0.205671,"{""channel"": ""E1"", ""condition"": ""continuous_window"", ""segment_id"": ""seg-0001"", ""series_index"": 12, ""session"": ""n/a"", ""source_kind"": ""csv_series_index"", ""source_path"": ""C:/Users/davia/biomedical_engineering/benchmarking/lrdbench/configs/suites/data/openneuro_ds002691_pilot/csv/openneuro_ds002691_sub-004_task-internalattention_E1_seg-0001.csv"", ""subject"": ""sub-004""}","{""base_estimator_name"": ""WaveletOLS"", ""n_variants"": 2, ""stratum_key"": [[""channel"", ""E1""], [""condition"", ""continuous_window""], [""segment_id"", ""seg-0001""], [""series_index"", 12], [""session"", ""n/a""], [""source_kind"", ""csv_series_index""], [""source_path"", ""C:/Users/davia/biomedical_engineering/benchmarking/lrdbench/configs/suites/data/openneuro_ds002691_pilot/csv/openneuro_ds002691_sub-004_task-internalattention_E1_seg-0001.csv""], [""subject"", ""sub-004""]], ""variant_estimator_names"": [""WaveletOLS::broad_band"", ""WaveletOLS::conservative_band""], ""variant_names"": [""broad_band"", ""conservative_band""]}"
per_series,openneuro_ds002691_sub-004_task-internalattention_E8_seg-0001,DFA,parameter_variant_sensitivity,0.041015,"{""channel"": ""E8"", ""condition"": ""continuous_window"", ""segment_id"": ""seg-0001"", ""series_index"": 13, ""session"": ""n/a"", ""source_kind"": ""csv_series_index"", ""source_path"": ""C:/Users/davia/biomedical_engineering/benchmarking/lrdbench/configs/suites/data/openneuro_ds002691_pilot/csv/openneuro_ds002691_sub-004_task-internalattention_E8_seg-0001.csv"", ""subject"": ""sub-004""}","{""base_estimator_name"": ""DFA"", ""center"": 0.8168127112297922, ""n_variants"": 2, ""stratum_key"": [[""channel"", ""E8""], [""condition"", ""continuous_window""], [""segment_id"", ""seg-0001""], [""series_index"", 13], [""session"", ""n/a""], [""source_kind"", ""csv_series_index""], [""source_path"", ""C:/Users/davia/biomedical_engineering/benchmarking/lrdbench/configs/suites/data/openneuro_ds002691_pilot/csv/openneuro_ds002691_sub-004_task-internalattention_E8_seg-0001.csv""], [""subject"", ""sub-004""]], ""variant_estimator_names"": [""DFA::short_scales"", ""DFA::balanced_scales""], ""variant_names"": [""short_scales"", ""balanced_scales""]}"
per_series,openneuro_ds002691_sub-004_task-internalattention_E8_seg-0001,DFA,max_variant_drift,0.08203,"{""channel"": ""E8"", ""condition"": ""continuous_window"", ""segment_id"": ""seg-0001"", ""series_index"": 13, ""session"": ""n/a"", ""source_kind"": ""csv_series_index"", ""source_path"": ""C:/Users/davia/biomedical_engineering/benchmarking/lrdbench/configs/suites/data/openneuro_ds002691_pilot/csv/openneuro_ds002691_sub-004_task-internalattention_E8_seg-0001.csv"", ""subject"": ""sub-004""}","{""base_estimator_name"": ""DFA"", ""n_variants"": 2, ""stratum_key"": [[""channel"", ""E8""], [""condition"", ""continuous_window""], [""segment_id"", ""seg-0001""], [""series_index"", 13], [""session"", ""n/a""], [""source_kind"", ""csv_series_index""], [""source_path"", ""C:/Users/davia/biomedical_engineering/benchmarking/lrdbench/configs/suites/data/openneuro_ds002691_pilot/csv/openneuro_ds002691_sub-004_task-internalattention_E8_seg-0001.csv""], [""subject"", ""sub-004""]], ""variant_estimator_names"": [""DFA::short_scales"", ""DFA::balanced_scales""], ""variant_names"": [""short_scales"", ""balanced_scales""]}"
