record_id,cell,n,stream,method,candidate,treatment,draws,point,ci_low,ci_high,nominal,available,unavailable_reason,pool
AR1_0.95_n512_r0,AR1_0.95_n512,512,a,GPH::narrow_band,cbc_raw_percentile,raw,1999,1.3630238135382646,0.7958992796353931,1.3243479728262053,0.95,True,,cbc
AR1_0.95_n512_r0,AR1_0.95_n512,512,a,GPH::narrow_band,cbc_raw_percentile,raw,3999,1.3630238135382646,0.7948828994584176,1.3211775991725943,0.95,True,,cbc
AR1_0.95_n512_r0,AR1_0.95_n512,512,a,GPH::narrow_band,cbc_raw_basic,raw,1999,1.3630238135382646,1.401699654250324,1.9301483474411363,0.95,True,,cbc
AR1_0.95_n512_r0,AR1_0.95_n512,512,a,GPH::narrow_band,cbc_raw_basic,raw,3999,1.3630238135382646,1.404870027903935,1.9311647276181116,0.95,True,,cbc
AR1_0.95_n512_r0,AR1_0.95_n512,512,a,Higuchi,cbc_raw_percentile,raw,1999,0.917567244034462,0.7983601422082576,0.9399890468800368,0.95,True,,cbc
AR1_0.95_n512_r0,AR1_0.95_n512,512,a,Higuchi,cbc_raw_percentile,raw,3999,0.917567244034462,0.7976875609087414,0.9396167037432617,0.95,True,,cbc
AR1_0.95_n512_r0,AR1_0.95_n512,512,a,Higuchi,cbc_raw_basic,raw,1999,0.917567244034462,0.8951454411888872,1.0367743458606664,0.95,True,,cbc
AR1_0.95_n512_r0,AR1_0.95_n512,512,a,Higuchi,cbc_raw_basic,raw,3999,0.917567244034462,0.8955177843256623,1.0374469271601825,0.95,True,,cbc
AR1_0.95_n512_r0,AR1_0.95_n512,512,a,GHE,cbc_raw_percentile,raw,1999,0.8855748102971731,0.7460920517861547,0.9251428748087316,0.95,True,,cbc
AR1_0.95_n512_r0,AR1_0.95_n512,512,a,GHE,cbc_raw_percentile,raw,3999,0.8855748102971731,0.746007318066702,0.9253220979009602,0.95,True,,cbc
AR1_0.95_n512_r0,AR1_0.95_n512,512,a,GHE,cbc_raw_basic,raw,1999,0.8855748102971731,0.8460067457856146,1.0250575688081915,0.95,True,,cbc
AR1_0.95_n512_r0,AR1_0.95_n512,512,a,GHE,cbc_raw_basic,raw,3999,0.8855748102971731,0.845827522693386,1.0251423025276443,0.95,True,,cbc
AR1_0.95_n512_r0,AR1_0.95_n512,512,a,GPH::narrow_band,cbc_centered_percentile,centered,1999,1.3630238135382646,0.7958992796353931,1.3243479728262053,0.95,True,,cbc
AR1_0.95_n512_r0,AR1_0.95_n512,512,a,GPH::narrow_band,cbc_centered_percentile,centered,3999,1.3630238135382646,0.7948828994584177,1.3211775991725943,0.95,True,,cbc
AR1_0.95_n512_r0,AR1_0.95_n512,512,a,GPH::narrow_band,cbc_centered_basic,centered,1999,1.3630238135382646,1.401699654250324,1.9301483474411363,0.95,True,,cbc
AR1_0.95_n512_r0,AR1_0.95_n512,512,a,GPH::narrow_band,cbc_centered_basic,centered,3999,1.3630238135382646,1.404870027903935,1.9311647276181114,0.95,True,,cbc
AR1_0.95_n512_r0,AR1_0.95_n512,512,a,Higuchi,cbc_centered_percentile,centered,1999,0.9000939134612418,0.7791220657566029,0.9215421371084713,0.95,True,,cbc
AR1_0.95_n512_r0,AR1_0.95_n512,512,a,Higuchi,cbc_centered_percentile,centered,3999,0.9000939134612418,0.7780890388467243,0.9218863055080555,0.95,True,,cbc
AR1_0.95_n512_r0,AR1_0.95_n512,512,a,Higuchi,cbc_centered_basic,centered,1999,0.9000939134612418,0.8786456898140123,1.0210657611658807,0.95,True,,cbc
AR1_0.95_n512_r0,AR1_0.95_n512,512,a,Higuchi,cbc_centered_basic,centered,3999,0.9000939134612418,0.8783015214144281,1.0220987880757593,0.95,True,,cbc
AR1_0.95_n512_r0,AR1_0.95_n512,512,a,GHE,cbc_centered_percentile,centered,1999,0.8742142971335696,0.7262432571686389,0.9015780725347328,0.95,True,,cbc
AR1_0.95_n512_r0,AR1_0.95_n512,512,a,GHE,cbc_centered_percentile,centered,3999,0.8742142971335696,0.725930470617836,0.9018911347729779,0.95,True,,cbc
AR1_0.95_n512_r0,AR1_0.95_n512,512,a,GHE,cbc_centered_basic,centered,1999,0.8742142971335696,0.8468505217324064,1.0221853370985001,0.95,True,,cbc
AR1_0.95_n512_r0,AR1_0.95_n512,512,a,GHE,cbc_centered_basic,centered,3999,0.8742142971335696,0.8465374594941613,1.0224981236493031,0.95,True,,cbc
AR1_0.95_n512_r0,AR1_0.95_n512,512,a,GPH::narrow_band,unknown_fgn_centered_basic,centered,1999,1.3630238135382646,1.0980330896019985,1.6210006219829645,0.95,True,,fgn
AR1_0.95_n512_r0,AR1_0.95_n512,512,a,GPH::narrow_band,unknown_fgn_centered_basic,centered,3999,1.3630238135382646,1.0914750804127933,1.6289409386649898,0.95,True,,fgn
AR1_0.95_n512_r0,AR1_0.95_n512,512,a,Higuchi,unknown_fgn_centered_basic,centered,1999,0.9000939134612418,0.9401286980984108,1.1374296738458618,0.95,True,,fgn
AR1_0.95_n512_r0,AR1_0.95_n512,512,a,Higuchi,unknown_fgn_centered_basic,centered,3999,0.9000939134612418,0.9408071505408186,1.1390225527770692,0.95,True,,fgn
AR1_0.95_n512_r0,AR1_0.95_n512,512,a,GHE,unknown_fgn_centered_basic,centered,1999,0.8742142971335696,0.9170539788429363,1.1377231001092682,0.95,True,,fgn
AR1_0.95_n512_r0,AR1_0.95_n512,512,a,GHE,unknown_fgn_centered_basic,centered,3999,0.8742142971335696,0.9174949519131695,1.1382432726845875,0.95,True,,fgn
AR1_0.95_n512_r0,AR1_0.95_n512,512,a,GPH::narrow_band,gph_normal_raw,raw,1999,1.3630238135382646,1.0987611140884845,1.6272865129880447,0.95,True,,
AR1_0.95_n512_r0,AR1_0.95_n512,512,a,GPH::narrow_band,gph_normal_raw,raw,3999,1.3630238135382646,1.0987611140884845,1.6272865129880447,0.95,True,,
AR1_0.95_n512_r0,AR1_0.95_n512,512,b,GPH::narrow_band,cbc_raw_percentile,raw,1999,1.3630238135382646,0.7805187541175709,1.334625310497005,0.95,True,,cbc
AR1_0.95_n512_r0,AR1_0.95_n512,512,b,GPH::narrow_band,cbc_raw_basic,raw,1999,1.3630238135382646,1.3914223165795243,1.9455288729589584,0.95,True,,cbc
AR1_0.95_n512_r0,AR1_0.95_n512,512,b,Higuchi,cbc_raw_percentile,raw,1999,0.917567244034462,0.7998798696248294,0.9416817994509796,0.95,True,,cbc
AR1_0.95_n512_r0,AR1_0.95_n512,512,b,Higuchi,cbc_raw_basic,raw,1999,0.917567244034462,0.8934526886179444,1.0352546184440947,0.95,True,,cbc
AR1_0.95_n512_r0,AR1_0.95_n512,512,b,GHE,cbc_raw_percentile,raw,1999,0.8855748102971731,0.7426161704879789,0.9288266449429788,0.95,True,,cbc
AR1_0.95_n512_r0,AR1_0.95_n512,512,b,GHE,cbc_raw_basic,raw,1999,0.8855748102971731,0.8423229756513674,1.0285334501063672,0.95,True,,cbc
AR1_0.95_n512_r0,AR1_0.95_n512,512,b,GPH::narrow_band,cbc_centered_percentile,centered,1999,1.3630238135382646,0.780518754117571,1.334625310497005,0.95,True,,cbc
AR1_0.95_n512_r0,AR1_0.95_n512,512,b,GPH::narrow_band,cbc_centered_basic,centered,1999,1.3630238135382646,1.3914223165795243,1.9455288729589584,0.95,True,,cbc
AR1_0.95_n512_r0,AR1_0.95_n512,512,b,Higuchi,cbc_centered_percentile,centered,1999,0.9000939134612418,0.7830161214053627,0.9222877411818541,0.95,True,,cbc
AR1_0.95_n512_r0,AR1_0.95_n512,512,b,Higuchi,cbc_centered_basic,centered,1999,0.9000939134612418,0.8779000857406295,1.017171705517121,0.95,True,,cbc
AR1_0.95_n512_r0,AR1_0.95_n512,512,b,GHE,cbc_centered_percentile,centered,1999,0.8742142971335696,0.7240825910889779,0.9018220425172918,0.95,True,,cbc
AR1_0.95_n512_r0,AR1_0.95_n512,512,b,GHE,cbc_centered_basic,centered,1999,0.8742142971335696,0.8466065517498473,1.0243460031781613,0.95,True,,cbc
AR1_0.95_n512_r0,AR1_0.95_n512,512,b,GPH::narrow_band,unknown_fgn_centered_basic,centered,1999,1.3630238135382646,1.0929627933819004,1.6419543449783993,0.95,True,,fgn
AR1_0.95_n512_r0,AR1_0.95_n512,512,b,Higuchi,unknown_fgn_centered_basic,centered,1999,0.9000939134612418,0.9428151732516846,1.1400760732376318,0.95,True,,fgn
AR1_0.95_n512_r0,AR1_0.95_n512,512,b,GHE,unknown_fgn_centered_basic,centered,1999,0.8742142971335696,0.9208610355099599,1.139811618523881,0.95,True,,fgn
AR1_0.95_n512_r0,AR1_0.95_n512,512,b,GPH::narrow_band,gph_normal_raw,raw,1999,1.3630238135382646,1.0987611140884845,1.6272865129880447,0.95,True,,
AR1_0.95_n512_r1,AR1_0.95_n512,512,a,GPH::narrow_band,cbc_raw_percentile,raw,1999,1.2154868425275387,0.7295329857724526,1.2279470954494878,0.95,True,,cbc
AR1_0.95_n512_r1,AR1_0.95_n512,512,a,GPH::narrow_band,cbc_raw_percentile,raw,3999,1.2154868425275387,0.734298711355871,1.2279470954494873,0.95,True,,cbc
AR1_0.95_n512_r1,AR1_0.95_n512,512,a,GPH::narrow_band,cbc_raw_basic,raw,1999,1.2154868425275387,1.2030265896055896,1.7014406992826248,0.95,True,,cbc
AR1_0.95_n512_r1,AR1_0.95_n512,512,a,GPH::narrow_band,cbc_raw_basic,raw,3999,1.2154868425275387,1.20302658960559,1.6966749736992064,0.95,True,,cbc
AR1_0.95_n512_r1,AR1_0.95_n512,512,a,Higuchi,cbc_raw_percentile,raw,1999,0.9160905072289451,0.785543555227657,0.9275754627296853,0.95,True,,cbc
AR1_0.95_n512_r1,AR1_0.95_n512,512,a,Higuchi,cbc_raw_percentile,raw,3999,0.9160905072289451,0.7839668469449664,0.9282115188459759,0.95,True,,cbc
AR1_0.95_n512_r1,AR1_0.95_n512,512,a,Higuchi,cbc_raw_basic,raw,1999,0.9160905072289451,0.904605551728205,1.0466374592302334,0.95,True,,cbc
AR1_0.95_n512_r1,AR1_0.95_n512,512,a,Higuchi,cbc_raw_basic,raw,3999,0.9160905072289451,0.9039694956119144,1.0482141675129237,0.95,True,,cbc
AR1_0.95_n512_r1,AR1_0.95_n512,512,a,GHE,cbc_raw_percentile,raw,1999,0.9042926127295079,0.7417150809031815,0.9130444611440731,0.95,True,,cbc
AR1_0.95_n512_r1,AR1_0.95_n512,512,a,GHE,cbc_raw_percentile,raw,3999,0.9042926127295079,0.7422147311725383,0.914136364870093,0.95,True,,cbc
AR1_0.95_n512_r1,AR1_0.95_n512,512,a,GHE,cbc_raw_basic,raw,1999,0.9042926127295079,0.8955407643149427,1.0668701445558342,0.95,True,,cbc
AR1_0.95_n512_r1,AR1_0.95_n512,512,a,GHE,cbc_raw_basic,raw,3999,0.9042926127295079,0.8944488605889228,1.0663704942864776,0.95,True,,cbc
AR1_0.95_n512_r1,AR1_0.95_n512,512,a,GPH::narrow_band,cbc_centered_percentile,centered,1999,1.2154868425275387,0.7295329857724526,1.2279470954494878,0.95,True,,cbc
AR1_0.95_n512_r1,AR1_0.95_n512,512,a,GPH::narrow_band,cbc_centered_percentile,centered,3999,1.2154868425275387,0.734298711355871,1.2279470954494873,0.95,True,,cbc
AR1_0.95_n512_r1,AR1_0.95_n512,512,a,GPH::narrow_band,cbc_centered_basic,centered,1999,1.2154868425275387,1.2030265896055896,1.7014406992826248,0.95,True,,cbc
AR1_0.95_n512_r1,AR1_0.95_n512,512,a,GPH::narrow_band,cbc_centered_basic,centered,3999,1.2154868425275387,1.20302658960559,1.6966749736992064,0.95,True,,cbc
AR1_0.95_n512_r1,AR1_0.95_n512,512,a,Higuchi,cbc_centered_percentile,centered,1999,0.9292047838295534,0.7767298821593298,0.9171447821760859,0.95,True,,cbc
AR1_0.95_n512_r1,AR1_0.95_n512,512,a,Higuchi,cbc_centered_percentile,centered,3999,0.9292047838295534,0.7751776077923631,0.9173417348211671,0.95,True,,cbc
AR1_0.95_n512_r1,AR1_0.95_n512,512,a,Higuchi,cbc_centered_basic,centered,1999,0.9292047838295534,0.941264785483021,1.081679685499777,0.95,True,,cbc
AR1_0.95_n512_r1,AR1_0.95_n512,512,a,Higuchi,cbc_centered_basic,centered,3999,0.9292047838295534,0.9410678328379397,1.0832319598667437,0.95,True,,cbc
AR1_0.95_n512_r1,AR1_0.95_n512,512,a,GHE,cbc_centered_percentile,centered,1999,0.915083124010959,0.7268354584801334,0.8967629273379872,0.95,True,,cbc
AR1_0.95_n512_r1,AR1_0.95_n512,512,a,GHE,cbc_centered_percentile,centered,3999,0.915083124010959,0.726675127395488,0.8985357903753225,0.95,True,,cbc
AR1_0.95_n512_r1,AR1_0.95_n512,512,a,GHE,cbc_centered_basic,centered,1999,0.915083124010959,0.9334033206839308,1.1033307895417845,0.95,True,,cbc
AR1_0.95_n512_r1,AR1_0.95_n512,512,a,GHE,cbc_centered_basic,centered,3999,0.915083124010959,0.9316304576465956,1.1034911206264302,0.95,True,,cbc
AR1_0.95_n512_r1,AR1_0.95_n512,512,a,GPH::narrow_band,unknown_fgn_centered_basic,centered,1999,1.2154868425275387,0.9568010484351748,1.4743112885895768,0.95,True,,fgn
AR1_0.95_n512_r1,AR1_0.95_n512,512,a,GPH::narrow_band,unknown_fgn_centered_basic,centered,3999,1.2154868425275387,0.9566525980713034,1.4787194692357795,0.95,True,,fgn
AR1_0.95_n512_r1,AR1_0.95_n512,512,a,Higuchi,unknown_fgn_centered_basic,centered,1999,0.9292047838295534,0.9695365497820396,1.1654082800253076,0.95,True,,fgn
AR1_0.95_n512_r1,AR1_0.95_n512,512,a,Higuchi,unknown_fgn_centered_basic,centered,3999,0.9292047838295534,0.9695340463331524,1.1688738317074097,0.95,True,,fgn
AR1_0.95_n512_r1,AR1_0.95_n512,512,a,GHE,unknown_fgn_centered_basic,centered,1999,0.915083124010959,0.957094147409372,1.1745858145135437,0.95,True,,fgn
AR1_0.95_n512_r1,AR1_0.95_n512,512,a,GHE,unknown_fgn_centered_basic,centered,3999,0.915083124010959,0.9570968771262569,1.179143492281884,0.95,True,,fgn
AR1_0.95_n512_r1,AR1_0.95_n512,512,a,GPH::narrow_band,gph_normal_raw,raw,1999,1.2154868425275387,0.9512241430777587,1.4797495419773186,0.95,True,,
AR1_0.95_n512_r1,AR1_0.95_n512,512,a,GPH::narrow_band,gph_normal_raw,raw,3999,1.2154868425275387,0.9512241430777587,1.4797495419773186,0.95,True,,
AR1_0.95_n512_r1,AR1_0.95_n512,512,b,GPH::narrow_band,cbc_raw_percentile,raw,1999,1.2154868425275387,0.7183751478280818,1.2359618999530964,0.95,True,,cbc
AR1_0.95_n512_r1,AR1_0.95_n512,512,b,GPH::narrow_band,cbc_raw_basic,raw,1999,1.2154868425275387,1.195011785101981,1.7125985372269956,0.95,True,,cbc
AR1_0.95_n512_r1,AR1_0.95_n512,512,b,Higuchi,cbc_raw_percentile,raw,1999,0.9160905072289451,0.7856862269416238,0.9222763775627529,0.95,True,,cbc
AR1_0.95_n512_r1,AR1_0.95_n512,512,b,Higuchi,cbc_raw_basic,raw,1999,0.9160905072289451,0.9099046368951373,1.0464947875162665,0.95,True,,cbc
AR1_0.95_n512_r1,AR1_0.95_n512,512,b,GHE,cbc_raw_percentile,raw,1999,0.9042926127295079,0.7467802838538355,0.9080560257685056,0.95,True,,cbc
AR1_0.95_n512_r1,AR1_0.95_n512,512,b,GHE,cbc_raw_basic,raw,1999,0.9042926127295079,0.9005291996905102,1.0618049416051802,0.95,True,,cbc
AR1_0.95_n512_r1,AR1_0.95_n512,512,b,GPH::narrow_band,cbc_centered_percentile,centered,1999,1.2154868425275387,0.7183751478280818,1.2359618999530961,0.95,True,,cbc
AR1_0.95_n512_r1,AR1_0.95_n512,512,b,GPH::narrow_band,cbc_centered_basic,centered,1999,1.2154868425275387,1.1950117851019812,1.7125985372269956,0.95,True,,cbc
AR1_0.95_n512_r1,AR1_0.95_n512,512,b,Higuchi,cbc_centered_percentile,centered,1999,0.9292047838295534,0.7765782372400687,0.913557249610641,0.95,True,,cbc
AR1_0.95_n512_r1,AR1_0.95_n512,512,b,Higuchi,cbc_centered_basic,centered,1999,0.9292047838295534,0.9448523180484658,1.0818313304190381,0.95,True,,cbc
AR1_0.95_n512_r1,AR1_0.95_n512,512,b,GHE,cbc_centered_percentile,centered,1999,0.915083124010959,0.7282819096209177,0.8930631167343527,0.95,True,,cbc
AR1_0.95_n512_r1,AR1_0.95_n512,512,b,GHE,cbc_centered_basic,centered,1999,0.915083124010959,0.9371031312875654,1.1018843384010004,0.95,True,,cbc
AR1_0.95_n512_r1,AR1_0.95_n512,512,b,GPH::narrow_band,unknown_fgn_centered_basic,centered,1999,1.2154868425275387,0.9384055580396078,1.493224389122071,0.95,True,,fgn
AR1_0.95_n512_r1,AR1_0.95_n512,512,b,Higuchi,unknown_fgn_centered_basic,centered,1999,0.9292047838295534,0.9710388703721791,1.1704012235250447,0.95,True,,fgn
AR1_0.95_n512_r1,AR1_0.95_n512,512,b,GHE,unknown_fgn_centered_basic,centered,1999,0.915083124010959,0.9589994852596966,1.1827606860103357,0.95,True,,fgn
AR1_0.95_n512_r1,AR1_0.95_n512,512,b,GPH::narrow_band,gph_normal_raw,raw,1999,1.2154868425275387,0.9512241430777587,1.4797495419773186,0.95,True,,
AR1_0.95_n1024_r0,AR1_0.95_n1024,1024,a,GPH::narrow_band,cbc_raw_percentile,raw,1999,1.1807296828145613,0.6641956850695748,1.1485345511118157,0.95,True,,cbc
AR1_0.95_n1024_r0,AR1_0.95_n1024,1024,a,GPH::narrow_band,cbc_raw_percentile,raw,3999,1.1807296828145613,0.6698061041740931,1.1481841117370506,0.95,True,,cbc
AR1_0.95_n1024_r0,AR1_0.95_n1024,1024,a,GPH::narrow_band,cbc_raw_basic,raw,1999,1.1807296828145613,1.2129248145173068,1.6972636805595478,0.95,True,,cbc
AR1_0.95_n1024_r0,AR1_0.95_n1024,1024,a,GPH::narrow_band,cbc_raw_basic,raw,3999,1.1807296828145613,1.213275253892072,1.6916532614550293,0.95,True,,cbc
AR1_0.95_n1024_r0,AR1_0.95_n1024,1024,a,Higuchi,cbc_raw_percentile,raw,1999,0.9391514123743967,0.8780228779668109,0.9513789226928446,0.95,True,,cbc
AR1_0.95_n1024_r0,AR1_0.95_n1024,1024,a,Higuchi,cbc_raw_percentile,raw,3999,0.9391514123743967,0.8794433855392251,0.950748866835664,0.95,True,,cbc
AR1_0.95_n1024_r0,AR1_0.95_n1024,1024,a,Higuchi,cbc_raw_basic,raw,1999,0.9391514123743967,0.9269239020559488,1.0002799467819825,0.95,True,,cbc
AR1_0.95_n1024_r0,AR1_0.95_n1024,1024,a,Higuchi,cbc_raw_basic,raw,3999,0.9391514123743967,0.9275539579131294,0.9988594392095683,0.95,True,,cbc
AR1_0.95_n1024_r0,AR1_0.95_n1024,1024,a,GHE,cbc_raw_percentile,raw,1999,0.8498970675156341,0.7819797451664713,0.9244963956280808,0.95,True,,cbc
AR1_0.95_n1024_r0,AR1_0.95_n1024,1024,a,GHE,cbc_raw_percentile,raw,3999,0.8498970675156341,0.7820818114767727,0.9246982489663078,0.95,True,,cbc
AR1_0.95_n1024_r0,AR1_0.95_n1024,1024,a,GHE,cbc_raw_basic,raw,1999,0.8498970675156341,0.7752977394031874,0.9178143898647969,0.95,True,,cbc
AR1_0.95_n1024_r0,AR1_0.95_n1024,1024,a,GHE,cbc_raw_basic,raw,3999,0.8498970675156341,0.7750958860649604,0.9177123235544955,0.95,True,,cbc
AR1_0.95_n1024_r0,AR1_0.95_n1024,1024,a,GPH::narrow_band,cbc_centered_percentile,centered,1999,1.1807296828145613,0.6641956850695748,1.1485345511118157,0.95,True,,cbc
AR1_0.95_n1024_r0,AR1_0.95_n1024,1024,a,GPH::narrow_band,cbc_centered_percentile,centered,3999,1.1807296828145613,0.6698061041740931,1.1481841117370506,0.95,True,,cbc
AR1_0.95_n1024_r0,AR1_0.95_n1024,1024,a,GPH::narrow_band,cbc_centered_basic,centered,1999,1.1807296828145613,1.2129248145173068,1.6972636805595478,0.95,True,,cbc
AR1_0.95_n1024_r0,AR1_0.95_n1024,1024,a,GPH::narrow_band,cbc_centered_basic,centered,3999,1.1807296828145613,1.213275253892072,1.6916532614550293,0.95,True,,cbc
AR1_0.95_n1024_r0,AR1_0.95_n1024,1024,a,Higuchi,cbc_centered_percentile,centered,1999,0.9303438224059972,0.8535367154400814,0.941528986361006,0.95,True,,cbc
AR1_0.95_n1024_r0,AR1_0.95_n1024,1024,a,Higuchi,cbc_centered_percentile,centered,3999,0.9303438224059972,0.8535367154400814,0.9396944114810193,0.95,True,,cbc
AR1_0.95_n1024_r0,AR1_0.95_n1024,1024,a,Higuchi,cbc_centered_basic,centered,1999,0.9303438224059972,0.9191586584509884,1.007150929371913,0.95,True,,cbc
AR1_0.95_n1024_r0,AR1_0.95_n1024,1024,a,Higuchi,cbc_centered_basic,centered,3999,0.9303438224059972,0.9209932333309752,1.007150929371913,0.95,True,,cbc
AR1_0.95_n1024_r0,AR1_0.95_n1024,1024,a,GHE,cbc_centered_percentile,centered,1999,0.8369251694520699,0.7525067522547028,0.8927840636220711,0.95,True,,cbc
AR1_0.95_n1024_r0,AR1_0.95_n1024,1024,a,GHE,cbc_centered_percentile,centered,3999,0.8369251694520699,0.753423342067938,0.892299505296099,0.95,True,,cbc
AR1_0.95_n1024_r0,AR1_0.95_n1024,1024,a,GHE,cbc_centered_basic,centered,1999,0.8369251694520699,0.7810662752820686,0.9213435866494369,0.95,True,,cbc
AR1_0.95_n1024_r0,AR1_0.95_n1024,1024,a,GHE,cbc_centered_basic,centered,3999,0.8369251694520699,0.7815508336080407,0.9204269968362017,0.95,True,,cbc
AR1_0.95_n1024_r0,AR1_0.95_n1024,1024,a,GPH::narrow_band,unknown_fgn_centered_basic,centered,1999,1.1807296828145613,0.9249074252692668,1.4397623494861609,0.95,True,,fgn
AR1_0.95_n1024_r0,AR1_0.95_n1024,1024,a,GPH::narrow_band,unknown_fgn_centered_basic,centered,3999,1.1807296828145613,0.9192447542480768,1.444208081268448,0.95,True,,fgn
AR1_0.95_n1024_r0,AR1_0.95_n1024,1024,a,Higuchi,unknown_fgn_centered_basic,centered,1999,0.9303438224059972,0.9726184095032051,1.1089431294821437,0.95,True,,fgn
AR1_0.95_n1024_r0,AR1_0.95_n1024,1024,a,Higuchi,unknown_fgn_centered_basic,centered,3999,0.9303438224059972,0.9719975112526585,1.1109363368886593,0.95,True,,fgn
AR1_0.95_n1024_r0,AR1_0.95_n1024,1024,a,GHE,unknown_fgn_centered_basic,centered,1999,0.8369251694520699,0.8832018568515679,1.06502827134845,0.95,True,,fgn
AR1_0.95_n1024_r0,AR1_0.95_n1024,1024,a,GHE,unknown_fgn_centered_basic,centered,3999,0.8369251694520699,0.8825158067832013,1.0702063775843973,0.95,True,,fgn
AR1_0.95_n1024_r0,AR1_0.95_n1024,1024,a,GPH::narrow_band,gph_normal_raw,raw,1999,1.1807296828145613,0.9168427164922741,1.4446166491368484,0.95,True,,
AR1_0.95_n1024_r0,AR1_0.95_n1024,1024,a,GPH::narrow_band,gph_normal_raw,raw,3999,1.1807296828145613,0.9168427164922741,1.4446166491368484,0.95,True,,
AR1_0.95_n1024_r0,AR1_0.95_n1024,1024,b,GPH::narrow_band,cbc_raw_percentile,raw,1999,1.1807296828145613,0.6681150802368556,1.1490819721918606,0.95,True,,cbc
AR1_0.95_n1024_r0,AR1_0.95_n1024,1024,b,GPH::narrow_band,cbc_raw_basic,raw,1999,1.1807296828145613,1.212377393437262,1.693344285392267,0.95,True,,cbc
AR1_0.95_n1024_r0,AR1_0.95_n1024,1024,b,Higuchi,cbc_raw_percentile,raw,1999,0.9391514123743967,0.8788754095706406,0.9510531537190511,0.95,True,,cbc
AR1_0.95_n1024_r0,AR1_0.95_n1024,1024,b,Higuchi,cbc_raw_basic,raw,1999,0.9391514123743967,0.9272496710297423,0.9994274151781528,0.95,True,,cbc
AR1_0.95_n1024_r0,AR1_0.95_n1024,1024,b,GHE,cbc_raw_percentile,raw,1999,0.8498970675156341,0.7818652703949854,0.9261229119961194,0.95,True,,cbc
AR1_0.95_n1024_r0,AR1_0.95_n1024,1024,b,GHE,cbc_raw_basic,raw,1999,0.8498970675156341,0.7736712230351488,0.9179288646362828,0.95,True,,cbc
AR1_0.95_n1024_r0,AR1_0.95_n1024,1024,b,GPH::narrow_band,cbc_centered_percentile,centered,1999,1.1807296828145613,0.6681150802368556,1.1490819721918606,0.95,True,,cbc
AR1_0.95_n1024_r0,AR1_0.95_n1024,1024,b,GPH::narrow_band,cbc_centered_basic,centered,1999,1.1807296828145613,1.212377393437262,1.693344285392267,0.95,True,,cbc
AR1_0.95_n1024_r0,AR1_0.95_n1024,1024,b,Higuchi,cbc_centered_percentile,centered,1999,0.9303438224059972,0.854994473276245,0.9404101603604845,0.95,True,,cbc
AR1_0.95_n1024_r0,AR1_0.95_n1024,1024,b,Higuchi,cbc_centered_basic,centered,1999,0.9303438224059972,0.9202774844515099,1.0056931715357496,0.95,True,,cbc
AR1_0.95_n1024_r0,AR1_0.95_n1024,1024,b,GHE,cbc_centered_percentile,centered,1999,0.8369251694520699,0.7464763083071095,0.8897264015752745,0.95,True,,cbc
AR1_0.95_n1024_r0,AR1_0.95_n1024,1024,b,GHE,cbc_centered_basic,centered,1999,0.8369251694520699,0.7841239373288652,0.9273740305970302,0.95,True,,cbc
AR1_0.95_n1024_r0,AR1_0.95_n1024,1024,b,GPH::narrow_band,unknown_fgn_centered_basic,centered,1999,1.1807296828145613,0.8953233168484209,1.448799997574918,0.95,True,,fgn
AR1_0.95_n1024_r0,AR1_0.95_n1024,1024,b,Higuchi,unknown_fgn_centered_basic,centered,1999,0.9303438224059972,0.9673124179827214,1.1148584392726908,0.95,True,,fgn
AR1_0.95_n1024_r0,AR1_0.95_n1024,1024,b,GHE,unknown_fgn_centered_basic,centered,1999,0.8369251694520699,0.8780047415508309,1.069495072174253,0.95,True,,fgn
AR1_0.95_n1024_r0,AR1_0.95_n1024,1024,b,GPH::narrow_band,gph_normal_raw,raw,1999,1.1807296828145613,0.9168427164922741,1.4446166491368484,0.95,True,,
AR1_0.95_n1024_r1,AR1_0.95_n1024,1024,a,GPH::narrow_band,cbc_raw_percentile,raw,1999,0.7483739774730602,0.3854986576297453,0.9524785204028223,0.95,True,,cbc
AR1_0.95_n1024_r1,AR1_0.95_n1024,1024,a,GPH::narrow_band,cbc_raw_percentile,raw,3999,0.7483739774730602,0.3796023618608485,0.9493801702767595,0.95,True,,cbc
AR1_0.95_n1024_r1,AR1_0.95_n1024,1024,a,GPH::narrow_band,cbc_raw_basic,raw,1999,0.7483739774730602,0.5442694345432981,1.1112492973163752,0.95,True,,cbc
AR1_0.95_n1024_r1,AR1_0.95_n1024,1024,a,GPH::narrow_band,cbc_raw_basic,raw,3999,0.7483739774730602,0.547367784669361,1.1171455930852718,0.95,True,,cbc
AR1_0.95_n1024_r1,AR1_0.95_n1024,1024,a,Higuchi,cbc_raw_percentile,raw,1999,0.8846054915830932,0.8215862145268705,0.9057336565527982,0.95,True,,cbc
AR1_0.95_n1024_r1,AR1_0.95_n1024,1024,a,Higuchi,cbc_raw_percentile,raw,3999,0.8846054915830932,0.8203765306654457,0.9069017919217716,0.95,True,,cbc
AR1_0.95_n1024_r1,AR1_0.95_n1024,1024,a,Higuchi,cbc_raw_basic,raw,1999,0.8846054915830932,0.8634773266133882,0.9476247686393159,0.95,True,,cbc
AR1_0.95_n1024_r1,AR1_0.95_n1024,1024,a,Higuchi,cbc_raw_basic,raw,3999,0.8846054915830932,0.8623091912444149,0.9488344525007407,0.95,True,,cbc
AR1_0.95_n1024_r1,AR1_0.95_n1024,1024,a,GHE,cbc_raw_percentile,raw,1999,0.7739370728722331,0.7020789850428637,0.8511848020198334,0.95,True,,cbc
AR1_0.95_n1024_r1,AR1_0.95_n1024,1024,a,GHE,cbc_raw_percentile,raw,3999,0.7739370728722331,0.7020727413384618,0.8526639380019341,0.95,True,,cbc
AR1_0.95_n1024_r1,AR1_0.95_n1024,1024,a,GHE,cbc_raw_basic,raw,1999,0.7739370728722331,0.6966893437246329,0.8457951607016025,0.95,True,,cbc
AR1_0.95_n1024_r1,AR1_0.95_n1024,1024,a,GHE,cbc_raw_basic,raw,3999,0.7739370728722331,0.6952102077425322,0.8458014044060045,0.95,True,,cbc
AR1_0.95_n1024_r1,AR1_0.95_n1024,1024,a,GPH::narrow_band,cbc_centered_percentile,centered,1999,0.7483739774730602,0.38549865762974533,0.9524785204028223,0.95,True,,cbc
AR1_0.95_n1024_r1,AR1_0.95_n1024,1024,a,GPH::narrow_band,cbc_centered_percentile,centered,3999,0.7483739774730602,0.3796023618608485,0.9493801702767595,0.95,True,,cbc
AR1_0.95_n1024_r1,AR1_0.95_n1024,1024,a,GPH::narrow_band,cbc_centered_basic,centered,1999,0.7483739774730602,0.5442694345432981,1.111249297316375,0.95,True,,cbc
AR1_0.95_n1024_r1,AR1_0.95_n1024,1024,a,GPH::narrow_band,cbc_centered_basic,centered,3999,0.7483739774730602,0.547367784669361,1.1171455930852718,0.95,True,,cbc
AR1_0.95_n1024_r1,AR1_0.95_n1024,1024,a,Higuchi,cbc_centered_percentile,centered,1999,0.8772972456330594,0.8028479065016582,0.9031426071178683,0.95,True,,cbc
AR1_0.95_n1024_r1,AR1_0.95_n1024,1024,a,Higuchi,cbc_centered_percentile,centered,3999,0.8772972456330594,0.8008561936014428,0.9030893524477124,0.95,True,,cbc
AR1_0.95_n1024_r1,AR1_0.95_n1024,1024,a,Higuchi,cbc_centered_basic,centered,1999,0.8772972456330594,0.8514518841482506,0.9517465847644607,0.95,True,,cbc
AR1_0.95_n1024_r1,AR1_0.95_n1024,1024,a,Higuchi,cbc_centered_basic,centered,3999,0.8772972456330594,0.8515051388184065,0.9537382976646761,0.95,True,,cbc
AR1_0.95_n1024_r1,AR1_0.95_n1024,1024,a,GHE,cbc_centered_percentile,centered,1999,0.7627931419983665,0.6696587111407509,0.8354133709281748,0.95,True,,cbc
AR1_0.95_n1024_r1,AR1_0.95_n1024,1024,a,GHE,cbc_centered_percentile,centered,3999,0.7627931419983665,0.6680936110361233,0.8349680072492873,0.95,True,,cbc
AR1_0.95_n1024_r1,AR1_0.95_n1024,1024,a,GHE,cbc_centered_basic,centered,1999,0.7627931419983665,0.6901729130685581,0.855927572855982,0.95,True,,cbc
AR1_0.95_n1024_r1,AR1_0.95_n1024,1024,a,GHE,cbc_centered_basic,centered,3999,0.7627931419983665,0.6906182767474456,0.8574926729606096,0.95,True,,cbc
AR1_0.95_n1024_r1,AR1_0.95_n1024,1024,a,GPH::narrow_band,unknown_fgn_centered_basic,centered,1999,0.7483739774730602,0.4768481394514277,1.0173184882181934,0.95,True,,fgn
AR1_0.95_n1024_r1,AR1_0.95_n1024,1024,a,GPH::narrow_band,unknown_fgn_centered_basic,centered,3999,0.7483739774730602,0.4744078700955028,1.0152201492602972,0.95,True,,fgn
AR1_0.95_n1024_r1,AR1_0.95_n1024,1024,a,Higuchi,unknown_fgn_centered_basic,centered,1999,0.8772972456330594,0.9159964351666299,1.0588710940980746,0.95,True,,fgn
AR1_0.95_n1024_r1,AR1_0.95_n1024,1024,a,Higuchi,unknown_fgn_centered_basic,centered,3999,0.8772972456330594,0.9186452747396995,1.0623334802625197,0.95,True,,fgn
AR1_0.95_n1024_r1,AR1_0.95_n1024,1024,a,GHE,unknown_fgn_centered_basic,centered,1999,0.7627931419983665,0.8056692966980941,0.9977506423842339,0.95,True,,fgn
AR1_0.95_n1024_r1,AR1_0.95_n1024,1024,a,GHE,unknown_fgn_centered_basic,centered,3999,0.7627931419983665,0.8082824440504384,0.9997472737388698,0.95,True,,fgn
AR1_0.95_n1024_r1,AR1_0.95_n1024,1024,a,GPH::narrow_band,gph_normal_raw,raw,1999,0.7483739774730602,0.48448701115077314,1.0122609437953474,0.95,True,,
AR1_0.95_n1024_r1,AR1_0.95_n1024,1024,a,GPH::narrow_band,gph_normal_raw,raw,3999,0.7483739774730602,0.48448701115077314,1.0122609437953474,0.95,True,,
AR1_0.95_n1024_r1,AR1_0.95_n1024,1024,b,GPH::narrow_band,cbc_raw_percentile,raw,1999,0.7483739774730602,0.36695089302825157,0.9448521007868896,0.95,True,,cbc
AR1_0.95_n1024_r1,AR1_0.95_n1024,1024,b,GPH::narrow_band,cbc_raw_basic,raw,1999,0.7483739774730602,0.5518958541592308,1.129797061917869,0.95,True,,cbc
AR1_0.95_n1024_r1,AR1_0.95_n1024,1024,b,Higuchi,cbc_raw_percentile,raw,1999,0.8846054915830932,0.8184552207037643,0.9055631822278564,0.95,True,,cbc
AR1_0.95_n1024_r1,AR1_0.95_n1024,1024,b,Higuchi,cbc_raw_basic,raw,1999,0.8846054915830932,0.86364780093833,0.9507557624624221,0.95,True,,cbc
AR1_0.95_n1024_r1,AR1_0.95_n1024,1024,b,GHE,cbc_raw_percentile,raw,1999,0.7739370728722331,0.6964190662155466,0.8526869898797778,0.95,True,,cbc
AR1_0.95_n1024_r1,AR1_0.95_n1024,1024,b,GHE,cbc_raw_basic,raw,1999,0.7739370728722331,0.6951871558646885,0.8514550795289196,0.95,True,,cbc
AR1_0.95_n1024_r1,AR1_0.95_n1024,1024,b,GPH::narrow_band,cbc_centered_percentile,centered,1999,0.7483739774730602,0.36695089302825157,0.9448521007868896,0.95,True,,cbc
AR1_0.95_n1024_r1,AR1_0.95_n1024,1024,b,GPH::narrow_band,cbc_centered_basic,centered,1999,0.7483739774730602,0.5518958541592308,1.129797061917869,0.95,True,,cbc
AR1_0.95_n1024_r1,AR1_0.95_n1024,1024,b,Higuchi,cbc_centered_percentile,centered,1999,0.8772972456330594,0.7984887043291344,0.900067466342203,0.95,True,,cbc
AR1_0.95_n1024_r1,AR1_0.95_n1024,1024,b,Higuchi,cbc_centered_basic,centered,1999,0.8772972456330594,0.8545270249239159,0.9561057869369844,0.95,True,,cbc
AR1_0.95_n1024_r1,AR1_0.95_n1024,1024,b,GHE,cbc_centered_percentile,centered,1999,0.7627931419983665,0.6692008540799899,0.8354506820708689,0.95,True,,cbc
AR1_0.95_n1024_r1,AR1_0.95_n1024,1024,b,GHE,cbc_centered_basic,centered,1999,0.7627931419983665,0.690135601925864,0.856385429916743,0.95,True,,cbc
AR1_0.95_n1024_r1,AR1_0.95_n1024,1024,b,GPH::narrow_band,unknown_fgn_centered_basic,centered,1999,0.7483739774730602,0.4687944670969433,1.0180997001660845,0.95,True,,fgn
AR1_0.95_n1024_r1,AR1_0.95_n1024,1024,b,Higuchi,unknown_fgn_centered_basic,centered,1999,0.8772972456330594,0.9184640470364558,1.0613894290318546,0.95,True,,fgn
AR1_0.95_n1024_r1,AR1_0.95_n1024,1024,b,GHE,unknown_fgn_centered_basic,centered,1999,0.7627931419983665,0.8097181502217756,1.001232447955926,0.95,True,,fgn
AR1_0.95_n1024_r1,AR1_0.95_n1024,1024,b,GPH::narrow_band,gph_normal_raw,raw,1999,0.7483739774730602,0.48448701115077314,1.0122609437953474,0.95,True,,
fGn_0.25_n512_r0,fGn_0.25_n512,512,a,GPH::narrow_band,cbc_raw_percentile,raw,1999,0.36192860690295725,0.12342907146691734,0.6507283052424957,0.95,True,,cbc
fGn_0.25_n512_r0,fGn_0.25_n512,512,a,GPH::narrow_band,cbc_raw_percentile,raw,3999,0.36192860690295725,0.12511351356693956,0.6425220827730009,0.95,True,,cbc
fGn_0.25_n512_r0,fGn_0.25_n512,512,a,GPH::narrow_band,cbc_raw_basic,raw,1999,0.36192860690295725,0.0731289085634188,0.6004281423389972,0.95,True,,cbc
fGn_0.25_n512_r0,fGn_0.25_n512,512,a,GPH::narrow_band,cbc_raw_basic,raw,3999,0.36192860690295725,0.08133513103291357,0.5987437002389749,0.95,True,,cbc
fGn_0.25_n512_r0,fGn_0.25_n512,512,a,Higuchi,cbc_raw_percentile,raw,1999,0.2492972502998827,0.1998826727476083,0.3703383295022563,0.95,True,,cbc
fGn_0.25_n512_r0,fGn_0.25_n512,512,a,Higuchi,cbc_raw_percentile,raw,3999,0.2492972502998827,0.19934621152751403,0.3700352707374644,0.95,True,,cbc
fGn_0.25_n512_r0,fGn_0.25_n512,512,a,Higuchi,cbc_raw_basic,raw,1999,0.2492972502998827,0.1282561710975091,0.2987118278521571,0.95,True,,cbc
fGn_0.25_n512_r0,fGn_0.25_n512,512,a,Higuchi,cbc_raw_basic,raw,3999,0.2492972502998827,0.128559229862301,0.29924828907225137,0.95,True,,cbc
fGn_0.25_n512_r0,fGn_0.25_n512,512,a,GHE,cbc_raw_percentile,raw,1999,0.2800045177134366,0.2091860912442901,0.39291378295848456,0.95,True,,cbc
fGn_0.25_n512_r0,fGn_0.25_n512,512,a,GHE,cbc_raw_percentile,raw,3999,0.2800045177134366,0.20829603059719054,0.3936409142278065,0.95,True,,cbc
fGn_0.25_n512_r0,fGn_0.25_n512,512,a,GHE,cbc_raw_basic,raw,1999,0.2800045177134366,0.16709525246838863,0.3508229441825831,0.95,True,,cbc
fGn_0.25_n512_r0,fGn_0.25_n512,512,a,GHE,cbc_raw_basic,raw,3999,0.2800045177134366,0.1663681211990667,0.35171300482968265,0.95,True,,cbc
fGn_0.25_n512_r0,fGn_0.25_n512,512,a,GPH::narrow_band,cbc_centered_percentile,centered,1999,0.3619286069029572,0.12342907146691734,0.6507283052424957,0.95,True,,cbc
fGn_0.25_n512_r0,fGn_0.25_n512,512,a,GPH::narrow_band,cbc_centered_percentile,centered,3999,0.3619286069029572,0.12511351356693956,0.6425220827730009,0.95,True,,cbc
fGn_0.25_n512_r0,fGn_0.25_n512,512,a,GPH::narrow_band,cbc_centered_basic,centered,1999,0.3619286069029572,0.07312890856341869,0.600428142338997,0.95,True,,cbc
fGn_0.25_n512_r0,fGn_0.25_n512,512,a,GPH::narrow_band,cbc_centered_basic,centered,3999,0.3619286069029572,0.08133513103291345,0.5987437002389748,0.95,True,,cbc
fGn_0.25_n512_r0,fGn_0.25_n512,512,a,Higuchi,cbc_centered_percentile,centered,1999,0.2502766044554938,0.19031095024273575,0.3586917599374638,0.95,True,,cbc
fGn_0.25_n512_r0,fGn_0.25_n512,512,a,Higuchi,cbc_centered_percentile,centered,3999,0.2502766044554938,0.191257830985221,0.36087131029782893,0.95,True,,cbc
fGn_0.25_n512_r0,fGn_0.25_n512,512,a,Higuchi,cbc_centered_basic,centered,1999,0.2502766044554938,0.14186144897352382,0.3102422586682519,0.95,True,,cbc
fGn_0.25_n512_r0,fGn_0.25_n512,512,a,Higuchi,cbc_centered_basic,centered,3999,0.2502766044554938,0.13968189861315872,0.30929537792576667,0.95,True,,cbc
fGn_0.25_n512_r0,fGn_0.25_n512,512,a,GHE,cbc_centered_percentile,centered,1999,0.27979649369969756,0.19553274100267445,0.37873408269375847,0.95,True,,cbc
fGn_0.25_n512_r0,fGn_0.25_n512,512,a,GHE,cbc_centered_percentile,centered,3999,0.27979649369969756,0.19581656447677082,0.378814987548435,0.95,True,,cbc
fGn_0.25_n512_r0,fGn_0.25_n512,512,a,GHE,cbc_centered_basic,centered,1999,0.27979649369969756,0.18085890470563665,0.36406024639672063,0.95,True,,cbc
fGn_0.25_n512_r0,fGn_0.25_n512,512,a,GHE,cbc_centered_basic,centered,3999,0.27979649369969756,0.1807779998509601,0.3637764229226243,0.95,True,,cbc
fGn_0.25_n512_r0,fGn_0.25_n512,512,a,GPH::narrow_band,unknown_fgn_centered_basic,centered,1999,0.3619286069029572,0.11332748097201889,0.6564491619664281,0.95,True,,fgn
fGn_0.25_n512_r0,fGn_0.25_n512,512,a,GPH::narrow_band,unknown_fgn_centered_basic,centered,3999,0.3619286069029572,0.11025261922163954,0.6475070812973976,0.95,True,,fgn
fGn_0.25_n512_r0,fGn_0.25_n512,512,a,Higuchi,unknown_fgn_centered_basic,centered,1999,0.2502766044554938,0.1753087060761887,0.332493309743522,0.95,True,,fgn
fGn_0.25_n512_r0,fGn_0.25_n512,512,a,Higuchi,unknown_fgn_centered_basic,centered,3999,0.2502766044554938,0.1764850998447688,0.33015886397639327,0.95,True,,fgn
fGn_0.25_n512_r0,fGn_0.25_n512,512,a,GHE,unknown_fgn_centered_basic,centered,1999,0.27979649369969756,0.2075178841574143,0.35587705229299244,0.95,True,,fgn
fGn_0.25_n512_r0,fGn_0.25_n512,512,a,GHE,unknown_fgn_centered_basic,centered,3999,0.27979649369969756,0.20751788415741435,0.3560419137150193,0.95,True,,fgn
fGn_0.25_n512_r0,fGn_0.25_n512,512,a,GPH::narrow_band,gph_normal_raw,raw,1999,0.36192860690295725,0.09766590745317727,0.6261913063527372,0.95,True,,
fGn_0.25_n512_r0,fGn_0.25_n512,512,a,GPH::narrow_band,gph_normal_raw,raw,3999,0.36192860690295725,0.09766590745317727,0.6261913063527372,0.95,True,,
fGn_0.25_n512_r0,fGn_0.25_n512,512,b,GPH::narrow_band,cbc_raw_percentile,raw,1999,0.36192860690295725,0.11560081234105897,0.6424798868039174,0.95,True,,cbc
fGn_0.25_n512_r0,fGn_0.25_n512,512,b,GPH::narrow_band,cbc_raw_basic,raw,1999,0.36192860690295725,0.08137732700199707,0.6082564014648555,0.95,True,,cbc
fGn_0.25_n512_r0,fGn_0.25_n512,512,b,Higuchi,cbc_raw_percentile,raw,1999,0.2492972502998827,0.19956835338767814,0.3698694696798545,0.95,True,,cbc
fGn_0.25_n512_r0,fGn_0.25_n512,512,b,Higuchi,cbc_raw_basic,raw,1999,0.2492972502998827,0.1287250309199109,0.29902614721208726,0.95,True,,cbc
fGn_0.25_n512_r0,fGn_0.25_n512,512,b,GHE,cbc_raw_percentile,raw,1999,0.2800045177134366,0.20736643261387955,0.3918538946388721,0.95,True,,cbc
fGn_0.25_n512_r0,fGn_0.25_n512,512,b,GHE,cbc_raw_basic,raw,1999,0.2800045177134366,0.1681551407880011,0.35264260281299364,0.95,True,,cbc
fGn_0.25_n512_r0,fGn_0.25_n512,512,b,GPH::narrow_band,cbc_centered_percentile,centered,1999,0.3619286069029572,0.11560081234105897,0.6424798868039174,0.95,True,,cbc
fGn_0.25_n512_r0,fGn_0.25_n512,512,b,GPH::narrow_band,cbc_centered_basic,centered,1999,0.3619286069029572,0.08137732700199696,0.6082564014648554,0.95,True,,cbc
fGn_0.25_n512_r0,fGn_0.25_n512,512,b,Higuchi,cbc_centered_percentile,centered,1999,0.2502766044554938,0.18930383306668014,0.3576425999301014,0.95,True,,cbc
fGn_0.25_n512_r0,fGn_0.25_n512,512,b,Higuchi,cbc_centered_basic,centered,1999,0.2502766044554938,0.14291060898088626,0.3112493758443075,0.95,True,,cbc
fGn_0.25_n512_r0,fGn_0.25_n512,512,b,GHE,cbc_centered_percentile,centered,1999,0.27979649369969756,0.19282477129829378,0.379282969207444,0.95,True,,cbc
fGn_0.25_n512_r0,fGn_0.25_n512,512,b,GHE,cbc_centered_basic,centered,1999,0.27979649369969756,0.18031001819195114,0.36676821610110133,0.95,True,,cbc
fGn_0.25_n512_r0,fGn_0.25_n512,512,b,GPH::narrow_band,unknown_fgn_centered_basic,centered,1999,0.3619286069029572,0.10995546721541682,0.6342339989275413,0.95,True,,fgn
fGn_0.25_n512_r0,fGn_0.25_n512,512,b,Higuchi,unknown_fgn_centered_basic,centered,1999,0.2502766044554938,0.1741437980581615,0.32758320954819425,0.95,True,,fgn
fGn_0.25_n512_r0,fGn_0.25_n512,512,b,GHE,unknown_fgn_centered_basic,centered,1999,0.27979649369969756,0.20693254687552737,0.3552595455998119,0.95,True,,fgn
fGn_0.25_n512_r0,fGn_0.25_n512,512,b,GPH::narrow_band,gph_normal_raw,raw,1999,0.36192860690295725,0.09766590745317727,0.6261913063527372,0.95,True,,
fGn_0.25_n512_r1,fGn_0.25_n512,512,a,GPH::narrow_band,cbc_raw_percentile,raw,1999,0.3188635957096383,0.08695921632046161,0.5964569962316948,0.95,True,,cbc
fGn_0.25_n512_r1,fGn_0.25_n512,512,a,GPH::narrow_band,cbc_raw_percentile,raw,3999,0.3188635957096383,0.08984433984091542,0.5959039442944195,0.95,True,,cbc
fGn_0.25_n512_r1,fGn_0.25_n512,512,a,GPH::narrow_band,cbc_raw_basic,raw,1999,0.3188635957096383,0.04127019518758179,0.550767975098815,0.95,True,,cbc
fGn_0.25_n512_r1,fGn_0.25_n512,512,a,GPH::narrow_band,cbc_raw_basic,raw,3999,0.3188635957096383,0.04182324712485708,0.5478828515783611,0.95,True,,cbc
fGn_0.25_n512_r1,fGn_0.25_n512,512,a,Higuchi,cbc_raw_percentile,raw,1999,0.24683459943025143,0.22958955846913492,0.4084440284876488,0.95,True,,cbc
fGn_0.25_n512_r1,fGn_0.25_n512,512,a,Higuchi,cbc_raw_percentile,raw,3999,0.24683459943025143,0.22798555884653232,0.40975845000371297,0.95,True,,cbc
fGn_0.25_n512_r1,fGn_0.25_n512,512,a,Higuchi,cbc_raw_basic,raw,1999,0.24683459943025143,0.08522517037285404,0.26407964039136794,0.95,True,,cbc
fGn_0.25_n512_r1,fGn_0.25_n512,512,a,Higuchi,cbc_raw_basic,raw,3999,0.24683459943025143,0.0839107488567899,0.26568364001397055,0.95,True,,cbc
fGn_0.25_n512_r1,fGn_0.25_n512,512,a,GHE,cbc_raw_percentile,raw,1999,0.21603333190430477,0.22956636261810423,0.42326782718955996,0.95,True,,cbc
fGn_0.25_n512_r1,fGn_0.25_n512,512,a,GHE,cbc_raw_percentile,raw,3999,0.21603333190430477,0.22686905010502126,0.42527082795872306,0.95,True,,cbc
fGn_0.25_n512_r1,fGn_0.25_n512,512,a,GHE,cbc_raw_basic,raw,1999,0.21603333190430477,0.008798836619049566,0.2025003011905053,0.95,True,,cbc
fGn_0.25_n512_r1,fGn_0.25_n512,512,a,GHE,cbc_raw_basic,raw,3999,0.21603333190430477,0.006795835849886467,0.20519761370358827,0.95,True,,cbc
fGn_0.25_n512_r1,fGn_0.25_n512,512,a,GPH::narrow_band,cbc_centered_percentile,centered,1999,0.3188635957096382,0.08695921632046187,0.5964569962316948,0.95,True,,cbc
fGn_0.25_n512_r1,fGn_0.25_n512,512,a,GPH::narrow_band,cbc_centered_percentile,centered,3999,0.3188635957096382,0.08984433984091532,0.5959039442944197,0.95,True,,cbc
fGn_0.25_n512_r1,fGn_0.25_n512,512,a,GPH::narrow_band,cbc_centered_basic,centered,1999,0.3188635957096382,0.04127019518758157,0.5507679750988145,0.95,True,,cbc
fGn_0.25_n512_r1,fGn_0.25_n512,512,a,GPH::narrow_band,cbc_centered_basic,centered,3999,0.3188635957096382,0.04182324712485663,0.547882851578361,0.95,True,,cbc
fGn_0.25_n512_r1,fGn_0.25_n512,512,a,Higuchi,cbc_centered_percentile,centered,1999,0.25044920529658055,0.2196296548174916,0.39617028254109365,0.95,True,,cbc
fGn_0.25_n512_r1,fGn_0.25_n512,512,a,Higuchi,cbc_centered_percentile,centered,3999,0.25044920529658055,0.2179607836617519,0.39570775816043297,0.95,True,,cbc
fGn_0.25_n512_r1,fGn_0.25_n512,512,a,Higuchi,cbc_centered_basic,centered,1999,0.25044920529658055,0.10472812805206744,0.28126875577566945,0.95,True,,cbc
fGn_0.25_n512_r1,fGn_0.25_n512,512,a,Higuchi,cbc_centered_basic,centered,3999,0.25044920529658055,0.10519065243272813,0.2829376269314092,0.95,True,,cbc
fGn_0.25_n512_r1,fGn_0.25_n512,512,a,GHE,cbc_centered_percentile,centered,1999,0.22343767715075147,0.2180392866269774,0.40368385064753526,0.95,True,,cbc
fGn_0.25_n512_r1,fGn_0.25_n512,512,a,GHE,cbc_centered_percentile,centered,3999,0.22343767715075147,0.2161329011030128,0.40248546503988525,0.95,True,,cbc
fGn_0.25_n512_r1,fGn_0.25_n512,512,a,GHE,cbc_centered_basic,centered,1999,0.22343767715075147,0.04319150365396768,0.22883606767452552,0.95,True,,cbc
fGn_0.25_n512_r1,fGn_0.25_n512,512,a,GHE,cbc_centered_basic,centered,3999,0.22343767715075147,0.04438988926161769,0.23074245319849013,0.95,True,,cbc
fGn_0.25_n512_r1,fGn_0.25_n512,512,a,GPH::narrow_band,unknown_fgn_centered_basic,centered,1999,0.3188635957096382,0.07674067581591065,0.5993556960817953,0.95,True,,fgn
fGn_0.25_n512_r1,fGn_0.25_n512,512,a,GPH::narrow_band,unknown_fgn_centered_basic,centered,3999,0.3188635957096382,0.0703735867222498,0.606736993375464,0.95,True,,fgn
fGn_0.25_n512_r1,fGn_0.25_n512,512,a,Higuchi,unknown_fgn_centered_basic,centered,1999,0.25044920529658055,0.17447194932674776,0.3250265577782596,0.95,True,,fgn
fGn_0.25_n512_r1,fGn_0.25_n512,512,a,Higuchi,unknown_fgn_centered_basic,centered,3999,0.25044920529658055,0.1744708188766539,0.3252428591924612,0.95,True,,fgn
fGn_0.25_n512_r1,fGn_0.25_n512,512,a,GHE,unknown_fgn_centered_basic,centered,1999,0.22343767715075147,0.15214475896311214,0.29812437865085945,0.95,True,,fgn
fGn_0.25_n512_r1,fGn_0.25_n512,512,a,GHE,unknown_fgn_centered_basic,centered,3999,0.22343767715075147,0.151949580258389,0.30043589989093045,0.95,True,,fgn
fGn_0.25_n512_r1,fGn_0.25_n512,512,a,GPH::narrow_band,gph_normal_raw,raw,1999,0.3188635957096383,0.05460089625985831,0.5831262951594183,0.95,True,,
fGn_0.25_n512_r1,fGn_0.25_n512,512,a,GPH::narrow_band,gph_normal_raw,raw,3999,0.3188635957096383,0.05460089625985831,0.5831262951594183,0.95,True,,
fGn_0.25_n512_r1,fGn_0.25_n512,512,b,GPH::narrow_band,cbc_raw_percentile,raw,1999,0.3188635957096383,0.08876177494587241,0.6217194968433596,0.95,True,,cbc
fGn_0.25_n512_r1,fGn_0.25_n512,512,b,GPH::narrow_band,cbc_raw_basic,raw,1999,0.3188635957096383,0.016007694575916998,0.5489654164734041,0.95,True,,cbc
fGn_0.25_n512_r1,fGn_0.25_n512,512,b,Higuchi,cbc_raw_percentile,raw,1999,0.24683459943025143,0.2220720353361632,0.41255408893290435,0.95,True,,cbc
fGn_0.25_n512_r1,fGn_0.25_n512,512,b,Higuchi,cbc_raw_basic,raw,1999,0.24683459943025143,0.08111510992759852,0.27159716352433966,0.95,True,,cbc
fGn_0.25_n512_r1,fGn_0.25_n512,512,b,GHE,cbc_raw_percentile,raw,1999,0.21603333190430477,0.22861060004154027,0.42723776656931906,0.95,True,,cbc
fGn_0.25_n512_r1,fGn_0.25_n512,512,b,GHE,cbc_raw_basic,raw,1999,0.21603333190430477,0.004828897239290475,0.20345606376706926,0.95,True,,cbc
fGn_0.25_n512_r1,fGn_0.25_n512,512,b,GPH::narrow_band,cbc_centered_percentile,centered,1999,0.3188635957096382,0.08876177494587241,0.6217194968433595,0.95,True,,cbc
fGn_0.25_n512_r1,fGn_0.25_n512,512,b,GPH::narrow_band,cbc_centered_basic,centered,1999,0.3188635957096382,0.016007694575916886,0.5489654164734039,0.95,True,,cbc
fGn_0.25_n512_r1,fGn_0.25_n512,512,b,Higuchi,cbc_centered_percentile,centered,1999,0.25044920529658055,0.21689596305550132,0.3962667647267874,0.95,True,,cbc
fGn_0.25_n512_r1,fGn_0.25_n512,512,b,Higuchi,cbc_centered_basic,centered,1999,0.25044920529658055,0.10463164586637369,0.2840024475376598,0.95,True,,cbc
fGn_0.25_n512_r1,fGn_0.25_n512,512,b,GHE,cbc_centered_percentile,centered,1999,0.22343767715075147,0.2154319360989218,0.40378249184984827,0.95,True,,cbc
fGn_0.25_n512_r1,fGn_0.25_n512,512,b,GHE,cbc_centered_basic,centered,1999,0.22343767715075147,0.04309286245165467,0.23144341820258113,0.95,True,,cbc
fGn_0.25_n512_r1,fGn_0.25_n512,512,b,GPH::narrow_band,unknown_fgn_centered_basic,centered,1999,0.3188635957096382,0.07630789895940304,0.6032659505324478,0.95,True,,fgn
fGn_0.25_n512_r1,fGn_0.25_n512,512,b,Higuchi,unknown_fgn_centered_basic,centered,1999,0.25044920529658055,0.17671075593433788,0.32513057152904185,0.95,True,,fgn
fGn_0.25_n512_r1,fGn_0.25_n512,512,b,GHE,unknown_fgn_centered_basic,centered,1999,0.22343767715075147,0.15167975849915405,0.29948227684446693,0.95,True,,fgn
fGn_0.25_n512_r1,fGn_0.25_n512,512,b,GPH::narrow_band,gph_normal_raw,raw,1999,0.3188635957096383,0.05460089625985831,0.5831262951594183,0.95,True,,
fGn_0.25_n1024_r0,fGn_0.25_n1024,1024,a,GPH::narrow_band,cbc_raw_percentile,raw,1999,0.22339419103468255,0.07205392043995638,0.6258386636993506,0.95,True,,cbc
fGn_0.25_n1024_r0,fGn_0.25_n1024,1024,a,GPH::narrow_band,cbc_raw_percentile,raw,3999,0.22339419103468255,0.06274517192048859,0.6246112522987248,0.95,True,,cbc
fGn_0.25_n1024_r0,fGn_0.25_n1024,1024,a,GPH::narrow_band,cbc_raw_basic,raw,1999,0.22339419103468255,-0.17905028162998549,0.3747344616294087,0.95,True,,cbc
fGn_0.25_n1024_r0,fGn_0.25_n1024,1024,a,GPH::narrow_band,cbc_raw_basic,raw,3999,0.22339419103468255,-0.17782287022935972,0.38404321014887655,0.95,True,,cbc
fGn_0.25_n1024_r0,fGn_0.25_n1024,1024,a,Higuchi,cbc_raw_percentile,raw,1999,0.24758549537235264,0.20428210709179095,0.3521916368944124,0.95,True,,cbc
fGn_0.25_n1024_r0,fGn_0.25_n1024,1024,a,Higuchi,cbc_raw_percentile,raw,3999,0.24758549537235264,0.20441787279459495,0.3514629773450511,0.95,True,,cbc
fGn_0.25_n1024_r0,fGn_0.25_n1024,1024,a,Higuchi,cbc_raw_basic,raw,1999,0.24758549537235264,0.14297935385029287,0.2908888836529143,0.95,True,,cbc
fGn_0.25_n1024_r0,fGn_0.25_n1024,1024,a,Higuchi,cbc_raw_basic,raw,3999,0.24758549537235264,0.14370801339965417,0.29075311795011033,0.95,True,,cbc
fGn_0.25_n1024_r0,fGn_0.25_n1024,1024,a,GHE,cbc_raw_percentile,raw,1999,0.2110670104264814,0.21331086914995817,0.37846455500547993,0.95,True,,cbc
fGn_0.25_n1024_r0,fGn_0.25_n1024,1024,a,GHE,cbc_raw_percentile,raw,3999,0.2110670104264814,0.21346597924043798,0.3783843664972615,0.95,True,,cbc
fGn_0.25_n1024_r0,fGn_0.25_n1024,1024,a,GHE,cbc_raw_basic,raw,1999,0.2110670104264814,0.04366946584748288,0.20882315170300464,0.95,True,,cbc
fGn_0.25_n1024_r0,fGn_0.25_n1024,1024,a,GHE,cbc_raw_basic,raw,3999,0.2110670104264814,0.04374965435570133,0.20866804161252483,0.95,True,,cbc
fGn_0.25_n1024_r0,fGn_0.25_n1024,1024,a,GPH::narrow_band,cbc_centered_percentile,centered,1999,0.22339419103468267,0.0720539204399565,0.6258386636993505,0.95,True,,cbc
fGn_0.25_n1024_r0,fGn_0.25_n1024,1024,a,GPH::narrow_band,cbc_centered_percentile,centered,3999,0.22339419103468267,0.06274517192048848,0.6246112522987247,0.95,True,,cbc
fGn_0.25_n1024_r0,fGn_0.25_n1024,1024,a,GPH::narrow_band,cbc_centered_basic,centered,1999,0.22339419103468267,-0.17905028162998515,0.3747344616294088,0.95,True,,cbc
fGn_0.25_n1024_r0,fGn_0.25_n1024,1024,a,GPH::narrow_band,cbc_centered_basic,centered,3999,0.22339419103468267,-0.1778228702293594,0.3840432101488769,0.95,True,,cbc
fGn_0.25_n1024_r0,fGn_0.25_n1024,1024,a,Higuchi,cbc_centered_percentile,centered,1999,0.24874330107009923,0.20259805702377118,0.34953390977740384,0.95,True,,cbc
fGn_0.25_n1024_r0,fGn_0.25_n1024,1024,a,Higuchi,cbc_centered_percentile,centered,3999,0.24874330107009923,0.20259805702377118,0.34976523561924017,0.95,True,,cbc
fGn_0.25_n1024_r0,fGn_0.25_n1024,1024,a,Higuchi,cbc_centered_basic,centered,1999,0.24874330107009923,0.14795269236279462,0.29488854511642726,0.95,True,,cbc
fGn_0.25_n1024_r0,fGn_0.25_n1024,1024,a,Higuchi,cbc_centered_basic,centered,3999,0.24874330107009923,0.1477213665209583,0.29488854511642726,0.95,True,,cbc
fGn_0.25_n1024_r0,fGn_0.25_n1024,1024,a,GHE,cbc_centered_percentile,centered,1999,0.21650463234968234,0.20548521699606598,0.36741658459670534,0.95,True,,cbc
fGn_0.25_n1024_r0,fGn_0.25_n1024,1024,a,GHE,cbc_centered_percentile,centered,3999,0.21650463234968234,0.20604581137046596,0.36692899353955405,0.95,True,,cbc
fGn_0.25_n1024_r0,fGn_0.25_n1024,1024,a,GHE,cbc_centered_basic,centered,1999,0.21650463234968234,0.06559268010265934,0.2275240477032987,0.95,True,,cbc
fGn_0.25_n1024_r0,fGn_0.25_n1024,1024,a,GHE,cbc_centered_basic,centered,3999,0.21650463234968234,0.06608027115981063,0.22696345332889872,0.95,True,,cbc
fGn_0.25_n1024_r0,fGn_0.25_n1024,1024,a,GPH::narrow_band,unknown_fgn_centered_basic,centered,1999,0.22339419103468267,-0.02926317922416294,0.4954477238431125,0.95,True,,fgn
fGn_0.25_n1024_r0,fGn_0.25_n1024,1024,a,GPH::narrow_band,unknown_fgn_centered_basic,centered,3999,0.22339419103468267,-0.028445060793676646,0.506635908188565,0.95,True,,fgn
fGn_0.25_n1024_r0,fGn_0.25_n1024,1024,a,Higuchi,unknown_fgn_centered_basic,centered,1999,0.24874330107009923,0.1992600820868886,0.30135262033163746,0.95,True,,fgn
fGn_0.25_n1024_r0,fGn_0.25_n1024,1024,a,Higuchi,unknown_fgn_centered_basic,centered,3999,0.24874330107009923,0.1985359542904348,0.30091504134717817,0.95,True,,fgn
fGn_0.25_n1024_r0,fGn_0.25_n1024,1024,a,GHE,unknown_fgn_centered_basic,centered,1999,0.21650463234968234,0.16265565766214152,0.2761076211611295,0.95,True,,fgn
fGn_0.25_n1024_r0,fGn_0.25_n1024,1024,a,GHE,unknown_fgn_centered_basic,centered,3999,0.21650463234968234,0.1610230721669751,0.2768682450416062,0.95,True,,fgn
fGn_0.25_n1024_r0,fGn_0.25_n1024,1024,a,GPH::narrow_band,gph_normal_raw,raw,1999,0.22339419103468255,-0.04049277528760453,0.48728115735696964,0.95,True,,
fGn_0.25_n1024_r0,fGn_0.25_n1024,1024,a,GPH::narrow_band,gph_normal_raw,raw,3999,0.22339419103468255,-0.04049277528760453,0.48728115735696964,0.95,True,,
fGn_0.25_n1024_r0,fGn_0.25_n1024,1024,b,GPH::narrow_band,cbc_raw_percentile,raw,1999,0.22339419103468255,0.0879231705146627,0.6222560821917517,0.95,True,,cbc
fGn_0.25_n1024_r0,fGn_0.25_n1024,1024,b,GPH::narrow_band,cbc_raw_basic,raw,1999,0.22339419103468255,-0.17546770012238655,0.3588652115547024,0.95,True,,cbc
fGn_0.25_n1024_r0,fGn_0.25_n1024,1024,b,Higuchi,cbc_raw_percentile,raw,1999,0.24758549537235264,0.20278232255945583,0.3544738513364409,0.95,True,,cbc
fGn_0.25_n1024_r0,fGn_0.25_n1024,1024,b,Higuchi,cbc_raw_basic,raw,1999,0.24758549537235264,0.1406971394082644,0.29238866818524945,0.95,True,,cbc
fGn_0.25_n1024_r0,fGn_0.25_n1024,1024,b,GHE,cbc_raw_percentile,raw,1999,0.2110670104264814,0.21371026493062062,0.38040791596755846,0.95,True,,cbc
fGn_0.25_n1024_r0,fGn_0.25_n1024,1024,b,GHE,cbc_raw_basic,raw,1999,0.2110670104264814,0.04172610488540435,0.2084237559223422,0.95,True,,cbc
fGn_0.25_n1024_r0,fGn_0.25_n1024,1024,b,GPH::narrow_band,cbc_centered_percentile,centered,1999,0.22339419103468267,0.08792317051466317,0.6222560821917517,0.95,True,,cbc
fGn_0.25_n1024_r0,fGn_0.25_n1024,1024,b,GPH::narrow_band,cbc_centered_basic,centered,1999,0.22339419103468267,-0.17546770012238633,0.3588652115547022,0.95,True,,cbc
fGn_0.25_n1024_r0,fGn_0.25_n1024,1024,b,Higuchi,cbc_centered_percentile,centered,1999,0.24874330107009923,0.20026933464679506,0.35242573530190946,0.95,True,,cbc
fGn_0.25_n1024_r0,fGn_0.25_n1024,1024,b,Higuchi,cbc_centered_basic,centered,1999,0.24874330107009923,0.145060866838289,0.2972172674934034,0.95,True,,cbc
fGn_0.25_n1024_r0,fGn_0.25_n1024,1024,b,GHE,cbc_centered_percentile,centered,1999,0.21650463234968234,0.20463203202993765,0.3681797797304951,0.95,True,,cbc
fGn_0.25_n1024_r0,fGn_0.25_n1024,1024,b,GHE,cbc_centered_basic,centered,1999,0.21650463234968234,0.06482948496886959,0.22837723266942703,0.95,True,,cbc
fGn_0.25_n1024_r0,fGn_0.25_n1024,1024,b,GPH::narrow_band,unknown_fgn_centered_basic,centered,1999,0.22339419103468267,-0.03681297130052441,0.48565876907044403,0.95,True,,fgn
fGn_0.25_n1024_r0,fGn_0.25_n1024,1024,b,Higuchi,unknown_fgn_centered_basic,centered,1999,0.24874330107009923,0.198160311955754,0.30028258210672915,0.95,True,,fgn
fGn_0.25_n1024_r0,fGn_0.25_n1024,1024,b,GHE,unknown_fgn_centered_basic,centered,1999,0.21650463234968234,0.1613460085437855,0.2754723412047269,0.95,True,,fgn
fGn_0.25_n1024_r0,fGn_0.25_n1024,1024,b,GPH::narrow_band,gph_normal_raw,raw,1999,0.22339419103468255,-0.04049277528760453,0.48728115735696964,0.95,True,,
fGn_0.25_n1024_r1,fGn_0.25_n1024,1024,a,GPH::narrow_band,cbc_raw_percentile,raw,1999,0.27597242344747897,0.15664720749219702,0.6748052608940786,0.95,True,,cbc
fGn_0.25_n1024_r1,fGn_0.25_n1024,1024,a,GPH::narrow_band,cbc_raw_percentile,raw,3999,0.27597242344747897,0.14434222301438204,0.6758419702516076,0.95,True,,cbc
fGn_0.25_n1024_r1,fGn_0.25_n1024,1024,a,GPH::narrow_band,cbc_raw_basic,raw,1999,0.27597242344747897,-0.12286041399912062,0.3952976394027609,0.95,True,,cbc
fGn_0.25_n1024_r1,fGn_0.25_n1024,1024,a,GPH::narrow_band,cbc_raw_basic,raw,3999,0.27597242344747897,-0.12389712335664971,0.4076026238805759,0.95,True,,cbc
fGn_0.25_n1024_r1,fGn_0.25_n1024,1024,a,Higuchi,cbc_raw_percentile,raw,1999,0.2646223372134866,0.2297703517012357,0.3417249125515012,0.95,True,,cbc
fGn_0.25_n1024_r1,fGn_0.25_n1024,1024,a,Higuchi,cbc_raw_percentile,raw,3999,0.2646223372134866,0.22930734372422693,0.3438981832893021,0.95,True,,cbc
fGn_0.25_n1024_r1,fGn_0.25_n1024,1024,a,Higuchi,cbc_raw_basic,raw,1999,0.2646223372134866,0.18751976187547198,0.2994743227257375,0.95,True,,cbc
fGn_0.25_n1024_r1,fGn_0.25_n1024,1024,a,Higuchi,cbc_raw_basic,raw,3999,0.2646223372134866,0.1853464911376711,0.2999373307027463,0.95,True,,cbc
fGn_0.25_n1024_r1,fGn_0.25_n1024,1024,a,GHE,cbc_raw_percentile,raw,1999,0.29143265744041547,0.2431183138739835,0.40061931495908426,0.95,True,,cbc
fGn_0.25_n1024_r1,fGn_0.25_n1024,1024,a,GHE,cbc_raw_percentile,raw,3999,0.29143265744041547,0.24219083957253015,0.4016836150247168,0.95,True,,cbc
fGn_0.25_n1024_r1,fGn_0.25_n1024,1024,a,GHE,cbc_raw_basic,raw,1999,0.29143265744041547,0.18224599992174667,0.3397470010068474,0.95,True,,cbc
fGn_0.25_n1024_r1,fGn_0.25_n1024,1024,a,GHE,cbc_raw_basic,raw,3999,0.29143265744041547,0.18118169985611415,0.34067447530830075,0.95,True,,cbc
fGn_0.25_n1024_r1,fGn_0.25_n1024,1024,a,GPH::narrow_band,cbc_centered_percentile,centered,1999,0.27597242344747963,0.15664720749219718,0.6748052608940786,0.95,True,,cbc
fGn_0.25_n1024_r1,fGn_0.25_n1024,1024,a,GPH::narrow_band,cbc_centered_percentile,centered,3999,0.27597242344747963,0.14434222301438218,0.6758419702516075,0.95,True,,cbc
fGn_0.25_n1024_r1,fGn_0.25_n1024,1024,a,GPH::narrow_band,cbc_centered_basic,centered,1999,0.27597242344747963,-0.12286041399911929,0.3952976394027621,0.95,True,,cbc
fGn_0.25_n1024_r1,fGn_0.25_n1024,1024,a,GPH::narrow_band,cbc_centered_basic,centered,3999,0.27597242344747963,-0.12389712335664826,0.4076026238805771,0.95,True,,cbc
fGn_0.25_n1024_r1,fGn_0.25_n1024,1024,a,Higuchi,cbc_centered_percentile,centered,1999,0.2629968205292914,0.22372759419889637,0.3361469220030468,0.95,True,,cbc
fGn_0.25_n1024_r1,fGn_0.25_n1024,1024,a,Higuchi,cbc_centered_percentile,centered,3999,0.2629968205292914,0.22188099899221359,0.33711752875217177,0.95,True,,cbc
fGn_0.25_n1024_r1,fGn_0.25_n1024,1024,a,Higuchi,cbc_centered_basic,centered,1999,0.2629968205292914,0.18984671905553602,0.30226604685968644,0.95,True,,cbc
fGn_0.25_n1024_r1,fGn_0.25_n1024,1024,a,Higuchi,cbc_centered_basic,centered,3999,0.2629968205292914,0.18887611230641105,0.30411264206636923,0.95,True,,cbc
fGn_0.25_n1024_r1,fGn_0.25_n1024,1024,a,GHE,cbc_centered_percentile,centered,1999,0.28958934376295625,0.22862714592155148,0.3833462268919163,0.95,True,,cbc
fGn_0.25_n1024_r1,fGn_0.25_n1024,1024,a,GHE,cbc_centered_percentile,centered,3999,0.28958934376295625,0.22632704635991072,0.38478061809754277,0.95,True,,cbc
fGn_0.25_n1024_r1,fGn_0.25_n1024,1024,a,GHE,cbc_centered_basic,centered,1999,0.28958934376295625,0.19583246063399623,0.350551541604361,0.95,True,,cbc
fGn_0.25_n1024_r1,fGn_0.25_n1024,1024,a,GHE,cbc_centered_basic,centered,3999,0.28958934376295625,0.19439806942836974,0.35285164116600176,0.95,True,,cbc
fGn_0.25_n1024_r1,fGn_0.25_n1024,1024,a,GPH::narrow_band,unknown_fgn_centered_basic,centered,1999,0.27597242344747963,0.034833316273300496,0.5473036570564722,0.95,True,,fgn
fGn_0.25_n1024_r1,fGn_0.25_n1024,1024,a,GPH::narrow_band,unknown_fgn_centered_basic,centered,3999,0.27597242344747963,0.024578697638925506,0.5495607221969562,0.95,True,,fgn
fGn_0.25_n1024_r1,fGn_0.25_n1024,1024,a,Higuchi,unknown_fgn_centered_basic,centered,1999,0.2629968205292914,0.21026172813687938,0.31552952242719856,0.95,True,,fgn
fGn_0.25_n1024_r1,fGn_0.25_n1024,1024,a,Higuchi,unknown_fgn_centered_basic,centered,3999,0.2629968205292914,0.20934093275086435,0.31632877593403685,0.95,True,,fgn
fGn_0.25_n1024_r1,fGn_0.25_n1024,1024,a,GHE,unknown_fgn_centered_basic,centered,1999,0.28958934376295625,0.23360066677231406,0.3517412721145432,0.95,True,,fgn
fGn_0.25_n1024_r1,fGn_0.25_n1024,1024,a,GHE,unknown_fgn_centered_basic,centered,3999,0.28958934376295625,0.232503171926897,0.3516395380752739,0.95,True,,fgn
fGn_0.25_n1024_r1,fGn_0.25_n1024,1024,a,GPH::narrow_band,gph_normal_raw,raw,1999,0.27597242344747897,0.012085457125191879,0.5398593897697661,0.95,True,,
fGn_0.25_n1024_r1,fGn_0.25_n1024,1024,a,GPH::narrow_band,gph_normal_raw,raw,3999,0.27597242344747897,0.012085457125191879,0.5398593897697661,0.95,True,,
fGn_0.25_n1024_r1,fGn_0.25_n1024,1024,b,GPH::narrow_band,cbc_raw_percentile,raw,1999,0.27597242344747897,0.13333033440074463,0.6653195971961694,0.95,True,,cbc
fGn_0.25_n1024_r1,fGn_0.25_n1024,1024,b,GPH::narrow_band,cbc_raw_basic,raw,1999,0.27597242344747897,-0.11337475030121147,0.41861451249421333,0.95,True,,cbc
fGn_0.25_n1024_r1,fGn_0.25_n1024,1024,b,Higuchi,cbc_raw_percentile,raw,1999,0.2646223372134866,0.22643322837287874,0.3440510043243743,0.95,True,,cbc
fGn_0.25_n1024_r1,fGn_0.25_n1024,1024,b,Higuchi,cbc_raw_basic,raw,1999,0.2646223372134866,0.1851936701025989,0.3028114460540945,0.95,True,,cbc
fGn_0.25_n1024_r1,fGn_0.25_n1024,1024,b,GHE,cbc_raw_percentile,raw,1999,0.29143265744041547,0.24106398687864639,0.4000147036284134,0.95,True,,cbc
fGn_0.25_n1024_r1,fGn_0.25_n1024,1024,b,GHE,cbc_raw_basic,raw,1999,0.29143265744041547,0.18285061125241753,0.34180132800218455,0.95,True,,cbc
fGn_0.25_n1024_r1,fGn_0.25_n1024,1024,b,GPH::narrow_band,cbc_centered_percentile,centered,1999,0.27597242344747963,0.1333303344007446,0.6653195971961695,0.95,True,,cbc
fGn_0.25_n1024_r1,fGn_0.25_n1024,1024,b,GPH::narrow_band,cbc_centered_basic,centered,1999,0.27597242344747963,-0.11337475030121025,0.41861451249421466,0.95,True,,cbc
fGn_0.25_n1024_r1,fGn_0.25_n1024,1024,b,Higuchi,cbc_centered_percentile,centered,1999,0.2629968205292914,0.22237629803848477,0.33842769512214305,0.95,True,,cbc
fGn_0.25_n1024_r1,fGn_0.25_n1024,1024,b,Higuchi,cbc_centered_basic,centered,1999,0.2629968205292914,0.18756594593643977,0.303617343020098,0.95,True,,cbc
fGn_0.25_n1024_r1,fGn_0.25_n1024,1024,b,GHE,cbc_centered_percentile,centered,1999,0.28958934376295625,0.2252250842142434,0.3804753063827093,0.95,True,,cbc
fGn_0.25_n1024_r1,fGn_0.25_n1024,1024,b,GHE,cbc_centered_basic,centered,1999,0.28958934376295625,0.19870338114320318,0.35395360331166914,0.95,True,,cbc
fGn_0.25_n1024_r1,fGn_0.25_n1024,1024,b,GPH::narrow_band,unknown_fgn_centered_basic,centered,1999,0.27597242344747963,0.021007693563989294,0.5494079714732093,0.95,True,,fgn
fGn_0.25_n1024_r1,fGn_0.25_n1024,1024,b,Higuchi,unknown_fgn_centered_basic,centered,1999,0.2629968205292914,0.21039942406640438,0.31767427540609183,0.95,True,,fgn
fGn_0.25_n1024_r1,fGn_0.25_n1024,1024,b,GHE,unknown_fgn_centered_basic,centered,1999,0.28958934376295625,0.2326059568549133,0.35237048454507924,0.95,True,,fgn
fGn_0.25_n1024_r1,fGn_0.25_n1024,1024,b,GPH::narrow_band,gph_normal_raw,raw,1999,0.27597242344747897,0.012085457125191879,0.5398593897697661,0.95,True,,
fGn_0.85_n512_r0,fGn_0.85_n512,512,a,GPH::narrow_band,cbc_raw_percentile,raw,1999,0.8523293909990635,0.47644482323867887,0.9851721827088608,0.95,True,,cbc
fGn_0.85_n512_r0,fGn_0.85_n512,512,a,GPH::narrow_band,cbc_raw_percentile,raw,3999,0.8523293909990635,0.48095363687751247,0.9914488906534632,0.95,True,,cbc
fGn_0.85_n512_r0,fGn_0.85_n512,512,a,GPH::narrow_band,cbc_raw_basic,raw,1999,0.8523293909990635,0.7194865992892662,1.228213958759448,0.95,True,,cbc
fGn_0.85_n512_r0,fGn_0.85_n512,512,a,GPH::narrow_band,cbc_raw_basic,raw,3999,0.8523293909990635,0.7132098913446637,1.2237051451206145,0.95,True,,cbc
fGn_0.85_n512_r0,fGn_0.85_n512,512,a,Higuchi,cbc_raw_percentile,raw,1999,0.8039570659395958,0.6658938899014486,0.8296312376237598,0.95,True,,cbc
fGn_0.85_n512_r0,fGn_0.85_n512,512,a,Higuchi,cbc_raw_percentile,raw,3999,0.8039570659395958,0.66353435481218,0.8296312376237598,0.95,True,,cbc
fGn_0.85_n512_r0,fGn_0.85_n512,512,a,Higuchi,cbc_raw_basic,raw,1999,0.8039570659395958,0.7782828942554318,0.942020241977743,0.95,True,,cbc
fGn_0.85_n512_r0,fGn_0.85_n512,512,a,Higuchi,cbc_raw_basic,raw,3999,0.8039570659395958,0.7782828942554318,0.9443797770670116,0.95,True,,cbc
fGn_0.85_n512_r0,fGn_0.85_n512,512,a,GHE,cbc_raw_percentile,raw,1999,0.7795153504030146,0.6361372383452243,0.8193558713937793,0.95,True,,cbc
fGn_0.85_n512_r0,fGn_0.85_n512,512,a,GHE,cbc_raw_percentile,raw,3999,0.7795153504030146,0.6349890836136904,0.819489126137716,0.95,True,,cbc
fGn_0.85_n512_r0,fGn_0.85_n512,512,a,GHE,cbc_raw_basic,raw,1999,0.7795153504030146,0.7396748294122498,0.9228934624608048,0.95,True,,cbc
fGn_0.85_n512_r0,fGn_0.85_n512,512,a,GHE,cbc_raw_basic,raw,3999,0.7795153504030146,0.7395415746683132,0.9240416171923387,0.95,True,,cbc
fGn_0.85_n512_r0,fGn_0.85_n512,512,a,GPH::narrow_band,cbc_centered_percentile,centered,1999,0.8523293909990635,0.47644482323867887,0.9851721827088608,0.95,True,,cbc
fGn_0.85_n512_r0,fGn_0.85_n512,512,a,GPH::narrow_band,cbc_centered_percentile,centered,3999,0.8523293909990635,0.48095363687751247,0.9914488906534632,0.95,True,,cbc
fGn_0.85_n512_r0,fGn_0.85_n512,512,a,GPH::narrow_band,cbc_centered_basic,centered,1999,0.8523293909990635,0.7194865992892662,1.228213958759448,0.95,True,,cbc
fGn_0.85_n512_r0,fGn_0.85_n512,512,a,GPH::narrow_band,cbc_centered_basic,centered,3999,0.8523293909990635,0.7132098913446637,1.2237051451206145,0.95,True,,cbc
fGn_0.85_n512_r0,fGn_0.85_n512,512,a,Higuchi,cbc_centered_percentile,centered,1999,0.7937710080038674,0.609223734039987,0.8193051942482938,0.95,True,,cbc
fGn_0.85_n512_r0,fGn_0.85_n512,512,a,Higuchi,cbc_centered_percentile,centered,3999,0.7937710080038674,0.6095134148827565,0.8180400090199301,0.95,True,,cbc
fGn_0.85_n512_r0,fGn_0.85_n512,512,a,Higuchi,cbc_centered_basic,centered,1999,0.7937710080038674,0.7682368217594409,0.9783182819677477,0.95,True,,cbc
fGn_0.85_n512_r0,fGn_0.85_n512,512,a,Higuchi,cbc_centered_basic,centered,3999,0.7937710080038674,0.7695020069878046,0.9780286011249782,0.95,True,,cbc
fGn_0.85_n512_r0,fGn_0.85_n512,512,a,GHE,cbc_centered_percentile,centered,1999,0.7690458307944831,0.5825128828549938,0.8037502963611399,0.95,True,,cbc
fGn_0.85_n512_r0,fGn_0.85_n512,512,a,GHE,cbc_centered_percentile,centered,3999,0.7690458307944831,0.5825882921416348,0.8015348822659629,0.95,True,,cbc
fGn_0.85_n512_r0,fGn_0.85_n512,512,a,GHE,cbc_centered_basic,centered,1999,0.7690458307944831,0.7343413652278262,0.9555787787339723,0.95,True,,cbc
fGn_0.85_n512_r0,fGn_0.85_n512,512,a,GHE,cbc_centered_basic,centered,3999,0.7690458307944831,0.7365567793230032,0.9555033694473314,0.95,True,,cbc
fGn_0.85_n512_r0,fGn_0.85_n512,512,a,GPH::narrow_band,unknown_fgn_centered_basic,centered,1999,0.8523293909990635,0.5765634218315732,1.147042571840872,0.95,True,,fgn
fGn_0.85_n512_r0,fGn_0.85_n512,512,a,GPH::narrow_band,unknown_fgn_centered_basic,centered,3999,0.8523293909990635,0.5830792905710063,1.137271643702951,0.95,True,,fgn
fGn_0.85_n512_r0,fGn_0.85_n512,512,a,Higuchi,unknown_fgn_centered_basic,centered,1999,0.7937710080038674,0.7636372676646276,0.9868331384770587,0.95,True,,fgn
fGn_0.85_n512_r0,fGn_0.85_n512,512,a,Higuchi,unknown_fgn_centered_basic,centered,3999,0.7937710080038674,0.7652685166101382,0.9844269305267811,0.95,True,,fgn
fGn_0.85_n512_r0,fGn_0.85_n512,512,a,GHE,unknown_fgn_centered_basic,centered,1999,0.7690458307944831,0.7399087867642838,0.9797565675504926,0.95,True,,fgn
fGn_0.85_n512_r0,fGn_0.85_n512,512,a,GHE,unknown_fgn_centered_basic,centered,3999,0.7690458307944831,0.7411083976304903,0.9774414284965006,0.95,True,,fgn
fGn_0.85_n512_r0,fGn_0.85_n512,512,a,GPH::narrow_band,gph_normal_raw,raw,1999,0.8523293909990635,0.5880666915492835,1.1165920904488433,0.95,True,,
fGn_0.85_n512_r0,fGn_0.85_n512,512,a,GPH::narrow_band,gph_normal_raw,raw,3999,0.8523293909990635,0.5880666915492835,1.1165920904488433,0.95,True,,
fGn_0.85_n512_r0,fGn_0.85_n512,512,b,GPH::narrow_band,cbc_raw_percentile,raw,1999,0.8523293909990635,0.49376682250681625,0.9816741865379724,0.95,True,,cbc
fGn_0.85_n512_r0,fGn_0.85_n512,512,b,GPH::narrow_band,cbc_raw_basic,raw,1999,0.8523293909990635,0.7229845954601545,1.2108919594913106,0.95,True,,cbc
fGn_0.85_n512_r0,fGn_0.85_n512,512,b,Higuchi,cbc_raw_percentile,raw,1999,0.8039570659395958,0.6722148549632277,0.8305663939659899,0.95,True,,cbc
fGn_0.85_n512_r0,fGn_0.85_n512,512,b,Higuchi,cbc_raw_basic,raw,1999,0.8039570659395958,0.7773477379132018,0.9356992769159639,0.95,True,,cbc
fGn_0.85_n512_r0,fGn_0.85_n512,512,b,GHE,cbc_raw_percentile,raw,1999,0.7795153504030146,0.6354790713391942,0.8188718681734152,0.95,True,,cbc
fGn_0.85_n512_r0,fGn_0.85_n512,512,b,GHE,cbc_raw_basic,raw,1999,0.7795153504030146,0.740158832632614,0.9235516294668349,0.95,True,,cbc
fGn_0.85_n512_r0,fGn_0.85_n512,512,b,GPH::narrow_band,cbc_centered_percentile,centered,1999,0.8523293909990635,0.49376682250681625,0.9816741865379724,0.95,True,,cbc
fGn_0.85_n512_r0,fGn_0.85_n512,512,b,GPH::narrow_band,cbc_centered_basic,centered,1999,0.8523293909990635,0.7229845954601545,1.2108919594913106,0.95,True,,cbc
fGn_0.85_n512_r0,fGn_0.85_n512,512,b,Higuchi,cbc_centered_percentile,centered,1999,0.7937710080038674,0.6134555306714651,0.8173203519655021,0.95,True,,cbc
fGn_0.85_n512_r0,fGn_0.85_n512,512,b,Higuchi,cbc_centered_basic,centered,1999,0.7937710080038674,0.7702216640422326,0.9740864853362696,0.95,True,,cbc
fGn_0.85_n512_r0,fGn_0.85_n512,512,b,GHE,cbc_centered_percentile,centered,1999,0.7690458307944831,0.5906700027234838,0.798937876550649,0.95,True,,cbc
fGn_0.85_n512_r0,fGn_0.85_n512,512,b,GHE,cbc_centered_basic,centered,1999,0.7690458307944831,0.7391537850383172,0.9474216588654824,0.95,True,,cbc
fGn_0.85_n512_r0,fGn_0.85_n512,512,b,GPH::narrow_band,unknown_fgn_centered_basic,centered,1999,0.8523293909990635,0.5962211749397457,1.1222182714603721,0.95,True,,fgn
fGn_0.85_n512_r0,fGn_0.85_n512,512,b,Higuchi,unknown_fgn_centered_basic,centered,1999,0.7937710080038674,0.7595786696722145,0.9798403369545461,0.95,True,,fgn
fGn_0.85_n512_r0,fGn_0.85_n512,512,b,GHE,unknown_fgn_centered_basic,centered,1999,0.7690458307944831,0.7373033745466002,0.968778940539862,0.95,True,,fgn
fGn_0.85_n512_r0,fGn_0.85_n512,512,b,GPH::narrow_band,gph_normal_raw,raw,1999,0.8523293909990635,0.5880666915492835,1.1165920904488433,0.95,True,,
fGn_0.85_n512_r1,fGn_0.85_n512,512,a,GPH::narrow_band,cbc_raw_percentile,raw,1999,0.6150640236915221,0.4105498159630568,0.9302316742838471,0.95,True,,cbc
fGn_0.85_n512_r1,fGn_0.85_n512,512,a,GPH::narrow_band,cbc_raw_percentile,raw,3999,0.6150640236915221,0.41371752498685155,0.9284594460481744,0.95,True,,cbc
fGn_0.85_n512_r1,fGn_0.85_n512,512,a,GPH::narrow_band,cbc_raw_basic,raw,1999,0.6150640236915221,0.29989637309919714,0.8195782314199875,0.95,True,,cbc
fGn_0.85_n512_r1,fGn_0.85_n512,512,a,GPH::narrow_band,cbc_raw_basic,raw,3999,0.6150640236915221,0.30166860133486983,0.8164105223961927,0.95,True,,cbc
fGn_0.85_n512_r1,fGn_0.85_n512,512,a,Higuchi,cbc_raw_percentile,raw,1999,0.8384908984749722,0.6812546569568453,0.8964420913731767,0.95,True,,cbc
fGn_0.85_n512_r1,fGn_0.85_n512,512,a,Higuchi,cbc_raw_percentile,raw,3999,0.8384908984749722,0.6824117358867611,0.8992776263590607,0.95,True,,cbc
fGn_0.85_n512_r1,fGn_0.85_n512,512,a,Higuchi,cbc_raw_basic,raw,1999,0.8384908984749722,0.7805397055767677,0.995727139993099,0.95,True,,cbc
fGn_0.85_n512_r1,fGn_0.85_n512,512,a,Higuchi,cbc_raw_basic,raw,3999,0.8384908984749722,0.7777041705908836,0.9945700610631832,0.95,True,,cbc
fGn_0.85_n512_r1,fGn_0.85_n512,512,a,GHE,cbc_raw_percentile,raw,1999,0.85550321465264,0.6960027568981185,0.9064310001648068,0.95,True,,cbc
fGn_0.85_n512_r1,fGn_0.85_n512,512,a,GHE,cbc_raw_percentile,raw,3999,0.85550321465264,0.6938219855799539,0.9097744446279828,0.95,True,,cbc
fGn_0.85_n512_r1,fGn_0.85_n512,512,a,GHE,cbc_raw_basic,raw,1999,0.85550321465264,0.8045754291404732,1.0150036724071616,0.95,True,,cbc
fGn_0.85_n512_r1,fGn_0.85_n512,512,a,GHE,cbc_raw_basic,raw,3999,0.85550321465264,0.8012319846772972,1.0171844437253261,0.95,True,,cbc
fGn_0.85_n512_r1,fGn_0.85_n512,512,a,GPH::narrow_band,cbc_centered_percentile,centered,1999,0.6150640236915222,0.4105498159630568,0.9302316742838471,0.95,True,,cbc
fGn_0.85_n512_r1,fGn_0.85_n512,512,a,GPH::narrow_band,cbc_centered_percentile,centered,3999,0.6150640236915222,0.4137175249868515,0.9284594460481744,0.95,True,,cbc
fGn_0.85_n512_r1,fGn_0.85_n512,512,a,GPH::narrow_band,cbc_centered_basic,centered,1999,0.6150640236915222,0.29989637309919737,0.8195782314199878,0.95,True,,cbc
fGn_0.85_n512_r1,fGn_0.85_n512,512,a,GPH::narrow_band,cbc_centered_basic,centered,3999,0.6150640236915222,0.30166860133487006,0.816410522396193,0.95,True,,cbc
fGn_0.85_n512_r1,fGn_0.85_n512,512,a,Higuchi,cbc_centered_percentile,centered,1999,0.7717767376277227,0.5934769494341172,0.8057551449199932,0.95,True,,cbc
fGn_0.85_n512_r1,fGn_0.85_n512,512,a,Higuchi,cbc_centered_percentile,centered,3999,0.7717767376277227,0.5929436582440349,0.8076123404904901,0.95,True,,cbc
fGn_0.85_n512_r1,fGn_0.85_n512,512,a,Higuchi,cbc_centered_basic,centered,1999,0.7717767376277227,0.7377983303354522,0.9500765258213282,0.95,True,,cbc
fGn_0.85_n512_r1,fGn_0.85_n512,512,a,Higuchi,cbc_centered_basic,centered,3999,0.7717767376277227,0.7359411347649553,0.9506098170114105,0.95,True,,cbc
fGn_0.85_n512_r1,fGn_0.85_n512,512,a,GHE,cbc_centered_percentile,centered,1999,0.7726208903569408,0.5763040738439478,0.7876425307855481,0.95,True,,cbc
fGn_0.85_n512_r1,fGn_0.85_n512,512,a,GHE,cbc_centered_percentile,centered,3999,0.7726208903569408,0.5750848666537673,0.7879314949696263,0.95,True,,cbc
fGn_0.85_n512_r1,fGn_0.85_n512,512,a,GHE,cbc_centered_basic,centered,1999,0.7726208903569408,0.7575992499283335,0.9689377068699339,0.95,True,,cbc
fGn_0.85_n512_r1,fGn_0.85_n512,512,a,GHE,cbc_centered_basic,centered,3999,0.7726208903569408,0.7573102857442553,0.9701569140601143,0.95,True,,cbc
fGn_0.85_n512_r1,fGn_0.85_n512,512,a,GPH::narrow_band,unknown_fgn_centered_basic,centered,1999,0.6150640236915222,0.3612575836097449,0.8827077338789973,0.95,True,,fgn
fGn_0.85_n512_r1,fGn_0.85_n512,512,a,GPH::narrow_band,unknown_fgn_centered_basic,centered,3999,0.6150640236915222,0.3553411618421587,0.8801203393615977,0.95,True,,fgn
fGn_0.85_n512_r1,fGn_0.85_n512,512,a,Higuchi,unknown_fgn_centered_basic,centered,1999,0.7717767376277227,0.7388791523964523,0.9603010295755965,0.95,True,,fgn
fGn_0.85_n512_r1,fGn_0.85_n512,512,a,Higuchi,unknown_fgn_centered_basic,centered,3999,0.7717767376277227,0.7367466891749592,0.9570078871802481,0.95,True,,fgn
fGn_0.85_n512_r1,fGn_0.85_n512,512,a,GHE,unknown_fgn_centered_basic,centered,1999,0.7726208903569408,0.7403684515997406,0.9844858312925504,0.95,True,,fgn
fGn_0.85_n512_r1,fGn_0.85_n512,512,a,GHE,unknown_fgn_centered_basic,centered,3999,0.7726208903569408,0.7382029098343807,0.9800023678696046,0.95,True,,fgn
fGn_0.85_n512_r1,fGn_0.85_n512,512,a,GPH::narrow_band,gph_normal_raw,raw,1999,0.6150640236915221,0.35080132424174215,0.8793267231413021,0.95,True,,
fGn_0.85_n512_r1,fGn_0.85_n512,512,a,GPH::narrow_band,gph_normal_raw,raw,3999,0.6150640236915221,0.35080132424174215,0.8793267231413021,0.95,True,,
fGn_0.85_n512_r1,fGn_0.85_n512,512,b,GPH::narrow_band,cbc_raw_percentile,raw,1999,0.6150640236915221,0.4387475588932106,0.9460502450002805,0.95,True,,cbc
fGn_0.85_n512_r1,fGn_0.85_n512,512,b,GPH::narrow_band,cbc_raw_basic,raw,1999,0.6150640236915221,0.2840778023827638,0.7913804884898337,0.95,True,,cbc
fGn_0.85_n512_r1,fGn_0.85_n512,512,b,Higuchi,cbc_raw_percentile,raw,1999,0.8384908984749722,0.6903294153279951,0.9037108301455097,0.95,True,,cbc
fGn_0.85_n512_r1,fGn_0.85_n512,512,b,Higuchi,cbc_raw_basic,raw,1999,0.8384908984749722,0.7732709668044346,0.9866523816219492,0.95,True,,cbc
fGn_0.85_n512_r1,fGn_0.85_n512,512,b,GHE,cbc_raw_percentile,raw,1999,0.85550321465264,0.7050441476163283,0.9122546701870682,0.95,True,,cbc
fGn_0.85_n512_r1,fGn_0.85_n512,512,b,GHE,cbc_raw_basic,raw,1999,0.85550321465264,0.7987517591182118,1.0059622816889517,0.95,True,,cbc
fGn_0.85_n512_r1,fGn_0.85_n512,512,b,GPH::narrow_band,cbc_centered_percentile,centered,1999,0.6150640236915222,0.4387475588932106,0.9460502450002803,0.95,True,,cbc
fGn_0.85_n512_r1,fGn_0.85_n512,512,b,GPH::narrow_band,cbc_centered_basic,centered,1999,0.6150640236915222,0.28407780238276414,0.7913804884898339,0.95,True,,cbc
fGn_0.85_n512_r1,fGn_0.85_n512,512,b,Higuchi,cbc_centered_percentile,centered,1999,0.7717767376277227,0.5996396104983318,0.8097604778410852,0.95,True,,cbc
fGn_0.85_n512_r1,fGn_0.85_n512,512,b,Higuchi,cbc_centered_basic,centered,1999,0.7717767376277227,0.7337929974143602,0.9439138647571136,0.95,True,,cbc
fGn_0.85_n512_r1,fGn_0.85_n512,512,b,GHE,cbc_centered_percentile,centered,1999,0.7726208903569408,0.5847126602735925,0.7963211813676295,0.95,True,,cbc
fGn_0.85_n512_r1,fGn_0.85_n512,512,b,GHE,cbc_centered_basic,centered,1999,0.7726208903569408,0.7489205993462521,0.9605291204402892,0.95,True,,cbc
fGn_0.85_n512_r1,fGn_0.85_n512,512,b,GPH::narrow_band,unknown_fgn_centered_basic,centered,1999,0.6150640236915222,0.34880906785329824,0.89540224399716,0.95,True,,fgn
fGn_0.85_n512_r1,fGn_0.85_n512,512,b,Higuchi,unknown_fgn_centered_basic,centered,1999,0.7717767376277227,0.7412622952057001,0.9626483730520493,0.95,True,,fgn
fGn_0.85_n512_r1,fGn_0.85_n512,512,b,GHE,unknown_fgn_centered_basic,centered,1999,0.7726208903569408,0.7418085626502494,0.9824398626134584,0.95,True,,fgn
fGn_0.85_n512_r1,fGn_0.85_n512,512,b,GPH::narrow_band,gph_normal_raw,raw,1999,0.6150640236915221,0.35080132424174215,0.8793267231413021,0.95,True,,
fGn_0.85_n1024_r0,fGn_0.85_n1024,1024,a,GPH::narrow_band,cbc_raw_percentile,raw,1999,0.7318210317121909,0.44053744022259983,0.9606811301193608,0.95,True,,cbc
fGn_0.85_n1024_r0,fGn_0.85_n1024,1024,a,GPH::narrow_band,cbc_raw_percentile,raw,3999,0.7318210317121909,0.43526629808950207,0.9690350668330557,0.95,True,,cbc
fGn_0.85_n1024_r0,fGn_0.85_n1024,1024,a,GPH::narrow_band,cbc_raw_basic,raw,1999,0.7318210317121909,0.502960933305021,1.023104623201782,0.95,True,,cbc
fGn_0.85_n1024_r0,fGn_0.85_n1024,1024,a,GPH::narrow_band,cbc_raw_basic,raw,3999,0.7318210317121909,0.4946069965913261,1.0283757653348797,0.95,True,,cbc
fGn_0.85_n1024_r0,fGn_0.85_n1024,1024,a,Higuchi,cbc_raw_percentile,raw,1999,0.7870301974352127,0.677683919888088,0.8323408874052077,0.95,True,,cbc
fGn_0.85_n1024_r0,fGn_0.85_n1024,1024,a,Higuchi,cbc_raw_percentile,raw,3999,0.7870301974352127,0.6773537073976903,0.8323206842982948,0.95,True,,cbc
fGn_0.85_n1024_r0,fGn_0.85_n1024,1024,a,Higuchi,cbc_raw_basic,raw,1999,0.7870301974352127,0.7417195074652178,0.8963764749823375,0.95,True,,cbc
fGn_0.85_n1024_r0,fGn_0.85_n1024,1024,a,Higuchi,cbc_raw_basic,raw,3999,0.7870301974352127,0.7417397105721307,0.8967066874727352,0.95,True,,cbc
fGn_0.85_n1024_r0,fGn_0.85_n1024,1024,a,GHE,cbc_raw_percentile,raw,1999,0.7784260366832935,0.6267969634600236,0.8173311945407479,0.95,True,,cbc
fGn_0.85_n1024_r0,fGn_0.85_n1024,1024,a,GHE,cbc_raw_percentile,raw,3999,0.7784260366832935,0.6286405801686848,0.8174574226983209,0.95,True,,cbc
fGn_0.85_n1024_r0,fGn_0.85_n1024,1024,a,GHE,cbc_raw_basic,raw,1999,0.7784260366832935,0.7395208788258391,0.9300551099065634,0.95,True,,cbc
fGn_0.85_n1024_r0,fGn_0.85_n1024,1024,a,GHE,cbc_raw_basic,raw,3999,0.7784260366832935,0.739394650668266,0.9282114931979021,0.95,True,,cbc
fGn_0.85_n1024_r0,fGn_0.85_n1024,1024,a,GPH::narrow_band,cbc_centered_percentile,centered,1999,0.7318210317121909,0.44053744022259983,0.9606811301193608,0.95,True,,cbc
fGn_0.85_n1024_r0,fGn_0.85_n1024,1024,a,GPH::narrow_band,cbc_centered_percentile,centered,3999,0.7318210317121909,0.43526629808950207,0.9690350668330557,0.95,True,,cbc
fGn_0.85_n1024_r0,fGn_0.85_n1024,1024,a,GPH::narrow_band,cbc_centered_basic,centered,1999,0.7318210317121909,0.502960933305021,1.023104623201782,0.95,True,,cbc
fGn_0.85_n1024_r0,fGn_0.85_n1024,1024,a,GPH::narrow_band,cbc_centered_basic,centered,3999,0.7318210317121909,0.4946069965913261,1.0283757653348797,0.95,True,,cbc
fGn_0.85_n1024_r0,fGn_0.85_n1024,1024,a,Higuchi,cbc_centered_percentile,centered,1999,0.7886306196471227,0.6719833627635765,0.8246589607939758,0.95,True,,cbc
fGn_0.85_n1024_r0,fGn_0.85_n1024,1024,a,Higuchi,cbc_centered_percentile,centered,3999,0.7886306196471227,0.6685645758685063,0.8251907403094855,0.95,True,,cbc
fGn_0.85_n1024_r0,fGn_0.85_n1024,1024,a,Higuchi,cbc_centered_basic,centered,1999,0.7886306196471227,0.7526022785002695,0.9052778765306688,0.95,True,,cbc
fGn_0.85_n1024_r0,fGn_0.85_n1024,1024,a,Higuchi,cbc_centered_basic,centered,3999,0.7886306196471227,0.7520704989847599,0.9086966634257391,0.95,True,,cbc
fGn_0.85_n1024_r0,fGn_0.85_n1024,1024,a,GHE,cbc_centered_percentile,centered,1999,0.7819331383717018,0.608306814589468,0.8037085374193185,0.95,True,,cbc
fGn_0.85_n1024_r0,fGn_0.85_n1024,1024,a,GHE,cbc_centered_percentile,centered,3999,0.7819331383717018,0.6084120001459198,0.803576657332521,0.95,True,,cbc
fGn_0.85_n1024_r0,fGn_0.85_n1024,1024,a,GHE,cbc_centered_basic,centered,1999,0.7819331383717018,0.760157739324085,0.9555594621539355,0.95,True,,cbc
fGn_0.85_n1024_r0,fGn_0.85_n1024,1024,a,GHE,cbc_centered_basic,centered,3999,0.7819331383717018,0.7602896194108825,0.9554542765974837,0.95,True,,cbc
fGn_0.85_n1024_r0,fGn_0.85_n1024,1024,a,GPH::narrow_band,unknown_fgn_centered_basic,centered,1999,0.7318210317121909,0.47237077166474184,1.0083920449456798,0.95,True,,fgn
fGn_0.85_n1024_r0,fGn_0.85_n1024,1024,a,GPH::narrow_band,unknown_fgn_centered_basic,centered,3999,0.7318210317121909,0.47429945865327117,1.0090183199175757,0.95,True,,fgn
fGn_0.85_n1024_r0,fGn_0.85_n1024,1024,a,Higuchi,unknown_fgn_centered_basic,centered,1999,0.7886306196471227,0.7734776612063833,0.9285741723498793,0.95,True,,fgn
fGn_0.85_n1024_r0,fGn_0.85_n1024,1024,a,Higuchi,unknown_fgn_centered_basic,centered,3999,0.7886306196471227,0.7737095721312887,0.9290572622825767,0.95,True,,fgn
fGn_0.85_n1024_r0,fGn_0.85_n1024,1024,a,GHE,unknown_fgn_centered_basic,centered,1999,0.7819331383717018,0.7670109357852629,0.9725026245231944,0.95,True,,fgn
fGn_0.85_n1024_r0,fGn_0.85_n1024,1024,a,GHE,unknown_fgn_centered_basic,centered,3999,0.7819331383717018,0.7667022587539077,0.9725506843460306,0.95,True,,fgn
fGn_0.85_n1024_r0,fGn_0.85_n1024,1024,a,GPH::narrow_band,gph_normal_raw,raw,1999,0.7318210317121909,0.46793406538990384,0.9957079980344781,0.95,True,,
fGn_0.85_n1024_r0,fGn_0.85_n1024,1024,a,GPH::narrow_band,gph_normal_raw,raw,3999,0.7318210317121909,0.46793406538990384,0.9957079980344781,0.95,True,,
fGn_0.85_n1024_r0,fGn_0.85_n1024,1024,b,GPH::narrow_band,cbc_raw_percentile,raw,1999,0.7318210317121909,0.43862610749035635,0.9392492346058544,0.95,True,,cbc
fGn_0.85_n1024_r0,fGn_0.85_n1024,1024,b,GPH::narrow_band,cbc_raw_basic,raw,1999,0.7318210317121909,0.5243928288185274,1.0250159559340255,0.95,True,,cbc
fGn_0.85_n1024_r0,fGn_0.85_n1024,1024,b,Higuchi,cbc_raw_percentile,raw,1999,0.7870301974352127,0.6789738281383835,0.833749344846883,0.95,True,,cbc
fGn_0.85_n1024_r0,fGn_0.85_n1024,1024,b,Higuchi,cbc_raw_basic,raw,1999,0.7870301974352127,0.7403110500235425,0.895086566732042,0.95,True,,cbc
fGn_0.85_n1024_r0,fGn_0.85_n1024,1024,b,GHE,cbc_raw_percentile,raw,1999,0.7784260366832935,0.6260868346591001,0.8159875654452491,0.95,True,,cbc
fGn_0.85_n1024_r0,fGn_0.85_n1024,1024,b,GHE,cbc_raw_basic,raw,1999,0.7784260366832935,0.7408645079213378,0.9307652387074868,0.95,True,,cbc
fGn_0.85_n1024_r0,fGn_0.85_n1024,1024,b,GPH::narrow_band,cbc_centered_percentile,centered,1999,0.7318210317121909,0.43862610749035635,0.9392492346058544,0.95,True,,cbc
fGn_0.85_n1024_r0,fGn_0.85_n1024,1024,b,GPH::narrow_band,cbc_centered_basic,centered,1999,0.7318210317121909,0.5243928288185274,1.0250159559340255,0.95,True,,cbc
fGn_0.85_n1024_r0,fGn_0.85_n1024,1024,b,Higuchi,cbc_centered_percentile,centered,1999,0.7886306196471227,0.6710929300626062,0.8255914596827056,0.95,True,,cbc
fGn_0.85_n1024_r0,fGn_0.85_n1024,1024,b,Higuchi,cbc_centered_basic,centered,1999,0.7886306196471227,0.7516697796115397,0.9061683092316392,0.95,True,,cbc
fGn_0.85_n1024_r0,fGn_0.85_n1024,1024,b,GHE,cbc_centered_percentile,centered,1999,0.7819331383717018,0.6120779510366621,0.8038242802630321,0.95,True,,cbc
fGn_0.85_n1024_r0,fGn_0.85_n1024,1024,b,GHE,cbc_centered_basic,centered,1999,0.7819331383717018,0.7600419964803714,0.9517883257067414,0.95,True,,cbc
fGn_0.85_n1024_r0,fGn_0.85_n1024,1024,b,GPH::narrow_band,unknown_fgn_centered_basic,centered,1999,0.7318210317121909,0.47100946844729363,0.9889426388537607,0.95,True,,fgn
fGn_0.85_n1024_r0,fGn_0.85_n1024,1024,b,Higuchi,unknown_fgn_centered_basic,centered,1999,0.7886306196471227,0.7694335274641437,0.9245170052835735,0.95,True,,fgn
fGn_0.85_n1024_r0,fGn_0.85_n1024,1024,b,GHE,unknown_fgn_centered_basic,centered,1999,0.7819331383717018,0.7659168949245261,0.9665449943733657,0.95,True,,fgn
fGn_0.85_n1024_r0,fGn_0.85_n1024,1024,b,GPH::narrow_band,gph_normal_raw,raw,1999,0.7318210317121909,0.46793406538990384,0.9957079980344781,0.95,True,,
fGn_0.85_n1024_r1,fGn_0.85_n1024,1024,a,GPH::narrow_band,cbc_raw_percentile,raw,1999,0.8306953898402242,0.42249089699642817,0.9239244921597132,0.95,True,,cbc
fGn_0.85_n1024_r1,fGn_0.85_n1024,1024,a,GPH::narrow_band,cbc_raw_percentile,raw,3999,0.8306953898402242,0.42889810100278447,0.9180798500561163,0.95,True,,cbc
fGn_0.85_n1024_r1,fGn_0.85_n1024,1024,a,GPH::narrow_band,cbc_raw_basic,raw,1999,0.8306953898402242,0.7374662875207352,1.23889988268402,0.95,True,,cbc
fGn_0.85_n1024_r1,fGn_0.85_n1024,1024,a,GPH::narrow_band,cbc_raw_basic,raw,3999,0.8306953898402242,0.7433109296243321,1.232492678677664,0.95,True,,cbc
fGn_0.85_n1024_r1,fGn_0.85_n1024,1024,a,Higuchi,cbc_raw_percentile,raw,1999,0.8984690943012286,0.8384596860457606,0.9460785070718131,0.95,True,,cbc
fGn_0.85_n1024_r1,fGn_0.85_n1024,1024,a,Higuchi,cbc_raw_percentile,raw,3999,0.8984690943012286,0.8396255131386915,0.9460019331554332,0.95,True,,cbc
fGn_0.85_n1024_r1,fGn_0.85_n1024,1024,a,Higuchi,cbc_raw_basic,raw,1999,0.8984690943012286,0.8508596815306441,0.9584785025566965,0.95,True,,cbc
fGn_0.85_n1024_r1,fGn_0.85_n1024,1024,a,Higuchi,cbc_raw_basic,raw,3999,0.8984690943012286,0.8509362554470239,0.9573126754637656,0.95,True,,cbc
fGn_0.85_n1024_r1,fGn_0.85_n1024,1024,a,GHE,cbc_raw_percentile,raw,1999,0.9022070474749314,0.8522192334243568,0.9593095215274048,0.95,True,,cbc
fGn_0.85_n1024_r1,fGn_0.85_n1024,1024,a,GHE,cbc_raw_percentile,raw,3999,0.9022070474749314,0.8545360065144012,0.9591144617511914,0.95,True,,cbc
fGn_0.85_n1024_r1,fGn_0.85_n1024,1024,a,GHE,cbc_raw_basic,raw,1999,0.9022070474749314,0.845104573422458,0.952194861525506,0.95,True,,cbc
fGn_0.85_n1024_r1,fGn_0.85_n1024,1024,a,GHE,cbc_raw_basic,raw,3999,0.9022070474749314,0.8452996331986714,0.9498780884354616,0.95,True,,cbc
fGn_0.85_n1024_r1,fGn_0.85_n1024,1024,a,GPH::narrow_band,cbc_centered_percentile,centered,1999,0.8306953898402241,0.4224908969964282,0.9239244921597132,0.95,True,,cbc
fGn_0.85_n1024_r1,fGn_0.85_n1024,1024,a,GPH::narrow_band,cbc_centered_percentile,centered,3999,0.8306953898402241,0.42889810100278447,0.9180798500561163,0.95,True,,cbc
fGn_0.85_n1024_r1,fGn_0.85_n1024,1024,a,GPH::narrow_band,cbc_centered_basic,centered,1999,0.8306953898402241,0.737466287520735,1.2388998826840198,0.95,True,,cbc
fGn_0.85_n1024_r1,fGn_0.85_n1024,1024,a,GPH::narrow_band,cbc_centered_basic,centered,3999,0.8306953898402241,0.7433109296243319,1.2324926786776635,0.95,True,,cbc
fGn_0.85_n1024_r1,fGn_0.85_n1024,1024,a,Higuchi,cbc_centered_percentile,centered,1999,0.7414898574450808,0.6419915683485501,0.7939217730184265,0.95,True,,cbc
fGn_0.85_n1024_r1,fGn_0.85_n1024,1024,a,Higuchi,cbc_centered_percentile,centered,3999,0.7414898574450808,0.642070887944825,0.793838389171809,0.95,True,,cbc
fGn_0.85_n1024_r1,fGn_0.85_n1024,1024,a,Higuchi,cbc_centered_basic,centered,1999,0.7414898574450808,0.6890579418717351,0.8409881465416115,0.95,True,,cbc
fGn_0.85_n1024_r1,fGn_0.85_n1024,1024,a,Higuchi,cbc_centered_basic,centered,3999,0.7414898574450808,0.6891413257183525,0.8409088269453365,0.95,True,,cbc
fGn_0.85_n1024_r1,fGn_0.85_n1024,1024,a,GHE,cbc_centered_percentile,centered,1999,0.7346256129897389,0.5987395240303275,0.7776310002251028,0.95,True,,cbc
fGn_0.85_n1024_r1,fGn_0.85_n1024,1024,a,GHE,cbc_centered_percentile,centered,3999,0.7346256129897389,0.6006014689561106,0.7779377429237403,0.95,True,,cbc
fGn_0.85_n1024_r1,fGn_0.85_n1024,1024,a,GHE,cbc_centered_basic,centered,1999,0.7346256129897389,0.6916202257543751,0.8705117019491504,0.95,True,,cbc
fGn_0.85_n1024_r1,fGn_0.85_n1024,1024,a,GHE,cbc_centered_basic,centered,3999,0.7346256129897389,0.6913134830557376,0.8686497570233673,0.95,True,,cbc
fGn_0.85_n1024_r1,fGn_0.85_n1024,1024,a,GPH::narrow_band,unknown_fgn_centered_basic,centered,1999,0.8306953898402241,0.575559277471619,1.1033453369558903,0.95,True,,fgn
fGn_0.85_n1024_r1,fGn_0.85_n1024,1024,a,GPH::narrow_band,unknown_fgn_centered_basic,centered,3999,0.8306953898402241,0.575481217824195,1.0989757204037804,0.95,True,,fgn
fGn_0.85_n1024_r1,fGn_0.85_n1024,1024,a,Higuchi,unknown_fgn_centered_basic,centered,1999,0.7414898574450808,0.7129656954203756,0.8738690007539615,0.95,True,,fgn
fGn_0.85_n1024_r1,fGn_0.85_n1024,1024,a,Higuchi,unknown_fgn_centered_basic,centered,3999,0.7414898574450808,0.7119798190432466,0.873102712976894,0.95,True,,fgn
fGn_0.85_n1024_r1,fGn_0.85_n1024,1024,a,GHE,unknown_fgn_centered_basic,centered,1999,0.7346256129897389,0.7063874978929163,0.9120465676221194,0.95,True,,fgn
fGn_0.85_n1024_r1,fGn_0.85_n1024,1024,a,GHE,unknown_fgn_centered_basic,centered,3999,0.7346256129897389,0.7060129848294183,0.9132032500600521,0.95,True,,fgn
fGn_0.85_n1024_r1,fGn_0.85_n1024,1024,a,GPH::narrow_band,gph_normal_raw,raw,1999,0.8306953898402242,0.5668084235179371,1.0945823561625112,0.95,True,,
fGn_0.85_n1024_r1,fGn_0.85_n1024,1024,a,GPH::narrow_band,gph_normal_raw,raw,3999,0.8306953898402242,0.5668084235179371,1.0945823561625112,0.95,True,,
fGn_0.85_n1024_r1,fGn_0.85_n1024,1024,b,GPH::narrow_band,cbc_raw_percentile,raw,1999,0.8306953898402242,0.423203693028237,0.9152628194208573,0.95,True,,cbc
fGn_0.85_n1024_r1,fGn_0.85_n1024,1024,b,GPH::narrow_band,cbc_raw_basic,raw,1999,0.8306953898402242,0.746127960259591,1.2381870866522113,0.95,True,,cbc
fGn_0.85_n1024_r1,fGn_0.85_n1024,1024,b,Higuchi,cbc_raw_percentile,raw,1999,0.8984690943012286,0.8404696832923247,0.9469853247966871,0.95,True,,cbc
fGn_0.85_n1024_r1,fGn_0.85_n1024,1024,b,Higuchi,cbc_raw_basic,raw,1999,0.8984690943012286,0.8499528638057701,0.9564685053101324,0.95,True,,cbc
fGn_0.85_n1024_r1,fGn_0.85_n1024,1024,b,GHE,cbc_raw_percentile,raw,1999,0.9022070474749314,0.8545925613307379,0.9601402670317547,0.95,True,,cbc
fGn_0.85_n1024_r1,fGn_0.85_n1024,1024,b,GHE,cbc_raw_basic,raw,1999,0.9022070474749314,0.8442738279181081,0.9498215336191249,0.95,True,,cbc
fGn_0.85_n1024_r1,fGn_0.85_n1024,1024,b,GPH::narrow_band,cbc_centered_percentile,centered,1999,0.8306953898402241,0.4232036930282371,0.9152628194208572,0.95,True,,cbc
fGn_0.85_n1024_r1,fGn_0.85_n1024,1024,b,GPH::narrow_band,cbc_centered_basic,centered,1999,0.8306953898402241,0.7461279602595909,1.238187086652211,0.95,True,,cbc
fGn_0.85_n1024_r1,fGn_0.85_n1024,1024,b,Higuchi,cbc_centered_percentile,centered,1999,0.7414898574450808,0.643149136503139,0.7886411189977561,0.95,True,,cbc
fGn_0.85_n1024_r1,fGn_0.85_n1024,1024,b,Higuchi,cbc_centered_basic,centered,1999,0.7414898574450808,0.6943385958924054,0.8398305783870226,0.95,True,,cbc
fGn_0.85_n1024_r1,fGn_0.85_n1024,1024,b,GHE,cbc_centered_percentile,centered,1999,0.7346256129897389,0.6045801823708079,0.7787889448117618,0.95,True,,cbc
fGn_0.85_n1024_r1,fGn_0.85_n1024,1024,b,GHE,cbc_centered_basic,centered,1999,0.7346256129897389,0.6904622811677161,0.86467104360867,0.95,True,,cbc
fGn_0.85_n1024_r1,fGn_0.85_n1024,1024,b,GPH::narrow_band,unknown_fgn_centered_basic,centered,1999,0.8306953898402241,0.5816114536334027,1.106456318179727,0.95,True,,fgn
fGn_0.85_n1024_r1,fGn_0.85_n1024,1024,b,Higuchi,unknown_fgn_centered_basic,centered,1999,0.7414898574450808,0.7101272361725947,0.8758627613049699,0.95,True,,fgn
fGn_0.85_n1024_r1,fGn_0.85_n1024,1024,b,GHE,unknown_fgn_centered_basic,centered,1999,0.7346256129897389,0.7044139674935389,0.9181307952253108,0.95,True,,fgn
fGn_0.85_n1024_r1,fGn_0.85_n1024,1024,b,GPH::narrow_band,gph_normal_raw,raw,1999,0.8306953898402242,0.5668084235179371,1.0945823561625112,0.95,True,,
