case,n,method,H_target,n_attempted,n_valid,mean_H,bias,mae,mean_mcse,out_of_range_count,persistence_exceedance_count
AR1_phi08,256,AbsoluteMoment,0.5,32,32,0.35589503050537385,-0.14410496949462615,0.3235621309753388,0.08268120397329744,5,11
AR1_phi08,256,DFA::balanced_scales,0.5,32,32,0.8788669668577235,0.3788669668577235,0.3788669668577235,0.017869136554661946,3,31
AR1_phi08,256,DFA::long_scales,0.5,32,32,0.8450676854655036,0.34506768546550365,0.34506768546550365,0.018878106222137616,2,31
AR1_phi08,256,DFA::short_scales,0.5,32,32,0.963670690700576,0.463670690700576,0.463670690700576,0.01654009471074786,9,32
AR1_phi08,256,DMA::balanced_windows,0.5,32,32,0.5100947808102273,0.010094780810227338,0.13073631718486506,0.027872749320924574,0,8
AR1_phi08,256,DMA::long_windows,0.5,32,32,0.46740492504686293,-0.0325950749531371,0.14021880933145847,0.030537271256760166,0,7
AR1_phi08,256,DMA::short_windows,0.5,32,32,0.5997077961234366,0.09970779612343658,0.13505670509971143,0.02357694087125841,0,17
AR1_phi08,256,GHE,0.5,32,32,0.7925122738268674,0.29251227382686745,0.29251227382686745,0.010027639252429036,0,32
AR1_phi08,256,GPH::narrow_band,0.5,32,32,0.9440173306006668,0.4440173306006669,0.4440173306006669,0.023632733694406854,10,32
AR1_phi08,256,GPH::wider_band,0.5,32,32,1.1036813859530181,0.6036813859530181,0.6036813859530181,0.018338181660533692,27,32
AR1_phi08,256,Higuchi,0.5,32,32,0.7672637697211502,0.2672637697211502,0.2672637697211502,0.012000002493344968,0,31
AR1_phi08,256,ModifiedLocalWhittle,0.5,32,32,0.9874834380361353,0.48748343803613525,0.48748343803613525,0.001559449330948167,0,32
AR1_phi08,256,RS,0.5,32,32,0.8570896909214774,0.35708969092147724,0.35708969092147724,0.00969854645925364,0,32
AR1_phi08,256,Variance,0.5,32,32,0.3982859879469464,-0.10171401205305355,0.3168114275651105,0.08040242065983465,5,13
AR1_phi08,256,VarianceResidual,0.5,32,32,0.9475587198627196,0.4475587198627195,0.4475587198627195,0.01805724531982153,9,32
AR1_phi08,256,WaveletOLS::broad_band,0.5,32,32,1.132854294245056,0.6328542942450559,0.6328542942450559,0.020771271797047023,27,32
AR1_phi08,256,WaveletOLS::conservative_band,0.5,32,0,,,,,0,0
AR1_phi08,256,WaveletOLS::upper_band,0.5,32,32,1.2103017926313788,0.7103017926313788,0.7103017926313788,0.026695744890516397,28,32
AR1_phi08,256,WhittleMLE,0.5,32,32,0.9885587213951006,0.4885587213951005,0.4885587213951005,0.0010262105906858959,0,32
AR1_phi08,512,AbsoluteMoment,0.5,32,32,0.34752210630833497,-0.15247789369166503,0.23265509511269844,0.05038956907809823,3,7
AR1_phi08,512,DFA::balanced_scales,0.5,32,32,0.8568494306786663,0.35684943067866626,0.35684943067866626,0.017829696220267217,1,32
AR1_phi08,512,DFA::long_scales,0.5,32,32,0.7778736263847733,0.2778736263847733,0.2778736263847733,0.021047432932399433,1,31
AR1_phi08,512,DFA::short_scales,0.5,32,32,0.9514244051553884,0.45142440515538845,0.45142440515538845,0.013049184136221829,6,32
AR1_phi08,512,DMA::balanced_windows,0.5,32,32,0.5658387289874254,0.06583872898742547,0.11653817403614736,0.021104734614909887,0,15
AR1_phi08,512,DMA::long_windows,0.5,32,32,0.48667594927593655,-0.013324050724063442,0.11509413101436052,0.0258681364505164,0,8
AR1_phi08,512,DMA::short_windows,0.5,32,32,0.656675619053602,0.15667561905360197,0.16536271768368882,0.015974726797634287,0,25
AR1_phi08,512,GHE,0.5,32,32,0.7496760305118665,0.24967603051186646,0.24967603051186646,0.008847062530593548,0,32
AR1_phi08,512,GPH::narrow_band,0.5,32,32,0.7480210284148299,0.24802102841482984,0.25930428652744497,0.027755917003921216,2,27
AR1_phi08,512,GPH::wider_band,0.5,32,32,0.9130794858385032,0.4130794858385032,0.4130794858385032,0.02052371165518333,8,32
AR1_phi08,512,Higuchi,0.5,32,32,0.7695044339649364,0.2695044339649364,0.2695044339649364,0.008091205209089281,0,32
AR1_phi08,512,ModifiedLocalWhittle,0.5,32,32,0.9210103242619596,0.42101032426195956,0.42101032426195956,0.011815350916398763,0,32
AR1_phi08,512,RS,0.5,32,32,0.8014156364889513,0.30141563648895137,0.30141563648895137,0.008582019287285575,0,32
AR1_phi08,512,Variance,0.5,32,32,0.3767638085186978,-0.12323619148130219,0.22250684075367394,0.050255095182925126,2,7
AR1_phi08,512,VarianceResidual,0.5,32,32,0.8466098673691675,0.34660986736916755,0.34660986736916755,0.014704063621839989,1,32
AR1_phi08,512,WaveletOLS::broad_band,0.5,32,32,1.0225783214392343,0.5225783214392343,0.5225783214392343,0.014165742159603254,19,32
AR1_phi08,512,WaveletOLS::conservative_band,0.5,32,32,0.9845126372405116,0.48451263724051163,0.48451263724051163,0.024411341284232935,13,32
AR1_phi08,512,WaveletOLS::upper_band,0.5,32,32,1.125154626521996,0.625154626521996,0.625154626521996,0.016246056896932655,29,32
AR1_phi08,512,WhittleMLE,0.5,32,32,0.9221687790662381,0.4221687790662382,0.4221687790662382,0.01172527433628634,0,32
AR1_phi08,1024,AbsoluteMoment,0.5,32,32,0.5480711674921167,0.048071167492116686,0.07740187988622305,0.013886731984247532,0,8
AR1_phi08,1024,DFA::balanced_scales,0.5,32,32,0.8462873878385027,0.34628738783850266,0.34628738783850266,0.008880742811557995,1,32
AR1_phi08,1024,DFA::long_scales,0.5,32,32,0.7671616069436039,0.2671616069436039,0.2671616069436039,0.011031090134901644,0,32
AR1_phi08,1024,DFA::short_scales,0.5,32,32,0.9549208534831136,0.4549208534831136,0.4549208534831136,0.009435515359037775,3,32
AR1_phi08,1024,DMA::balanced_windows,0.5,32,32,0.5941945472225822,0.09419454722258216,0.10025600160795521,0.012425726400949445,0,15
AR1_phi08,1024,DMA::long_windows,0.5,32,32,0.5405210881070495,0.040521088107049484,0.06882648837329575,0.01314271739067059,0,9
AR1_phi08,1024,DMA::short_windows,0.5,32,32,0.6646343900707541,0.164634390070754,0.164634390070754,0.010801334174647704,0,27
AR1_phi08,1024,GHE,0.5,32,32,0.7013991550769288,0.20139915507692893,0.20139915507692893,0.006540772383481706,0,32
AR1_phi08,1024,GPH::narrow_band,0.5,32,32,0.592500675855446,0.09250067585544594,0.11608711320955065,0.021585898687896846,0,13
AR1_phi08,1024,GPH::wider_band,0.5,32,32,0.7068841675991278,0.20688416759912778,0.20688416759912778,0.01658876765404545,0,29
AR1_phi08,1024,Higuchi,0.5,32,32,0.7642000453471722,0.2642000453471723,0.2642000453471723,0.005175502147784086,0,32
AR1_phi08,1024,ModifiedLocalWhittle,0.5,32,32,0.7107632337288415,0.21076323372884148,0.21076323372884148,0.012267837415219706,0,31
AR1_phi08,1024,RS,0.5,32,32,0.762593406993207,0.262593406993207,0.262593406993207,0.006694122096272576,0,32
AR1_phi08,1024,Variance,0.5,32,32,0.5679979246007085,0.06799792460070851,0.08100351255894336,0.013464703086867355,0,10
AR1_phi08,1024,VarianceResidual,0.5,32,32,0.8470525202641513,0.34705252026415134,0.34705252026415134,0.008401083643935929,0,32
AR1_phi08,1024,WaveletOLS::broad_band,0.5,32,32,0.8959598307249942,0.39595983072499413,0.39595983072499413,0.010398437422118248,0,32
AR1_phi08,1024,WaveletOLS::conservative_band,0.5,32,32,0.8815375539768995,0.3815375539768995,0.3815375539768995,0.015917782968003506,3,32
AR1_phi08,1024,WaveletOLS::upper_band,0.5,32,32,0.9944095308800468,0.49440953088004685,0.49440953088004685,0.011585051649726046,17,32
AR1_phi08,1024,WhittleMLE,0.5,32,32,0.7109594897376353,0.21095948973763534,0.21095948973763534,0.012290853239345565,0,31
ARFIMA_d03,256,AbsoluteMoment,0.8,32,32,0.44247941920033157,-0.35752058079966853,0.36660525435660046,0.05274135509010674,2,10
ARFIMA_d03,256,DFA::balanced_scales,0.8,32,32,0.7326546900278283,-0.06734530997217172,0.10686652011463584,0.020847067001891977,0,27
ARFIMA_d03,256,DFA::long_scales,0.8,32,32,0.7262196433906889,-0.07378035660931109,0.125233340078209,0.02452491206644658,1,25
ARFIMA_d03,256,DFA::short_scales,0.8,32,32,0.7271125017478075,-0.07288749825219251,0.08293097781323017,0.01539105307710804,0,29
ARFIMA_d03,256,DMA::balanced_windows,0.8,32,32,0.5296350806021122,-0.2703649193978879,0.2703649193978879,0.023468566802395854,0,8
ARFIMA_d03,256,DMA::long_windows,0.8,32,32,0.49546453420972053,-0.30453546579027957,0.30453546579027957,0.02520233997452101,0,7
ARFIMA_d03,256,DMA::short_windows,0.8,32,32,0.5986844288833559,-0.2013155711166441,0.2013155711166441,0.021567105072669027,0,17
ARFIMA_d03,256,GHE,0.8,32,32,0.7719775884580089,-0.028022411541991112,0.07140806376833594,0.015138460617633222,0,31
ARFIMA_d03,256,GPH::narrow_band,0.8,32,32,0.7509328725862884,-0.04906712741371158,0.106646534680929,0.021580992283873508,0,29
ARFIMA_d03,256,GPH::wider_band,0.8,32,32,0.7678607683114427,-0.032139231688557285,0.07282484384946669,0.01504456418144931,0,31
ARFIMA_d03,256,Higuchi,0.8,32,32,0.772849995633944,-0.027150004366056024,0.07885097930974644,0.017025655132065935,0,30
ARFIMA_d03,256,ModifiedLocalWhittle,0.8,32,32,0.7619647411688665,-0.038035258831133636,0.06449064144569133,0.011996736904092151,0,32
ARFIMA_d03,256,RS,0.8,32,32,0.7435948022269541,-0.05640519777304602,0.06353773674363863,0.01077908276566758,0,31
ARFIMA_d03,256,Variance,0.8,32,32,0.4915305033609701,-0.30846949663902995,0.32775615623099974,0.05395055399104438,3,12
ARFIMA_d03,256,VarianceResidual,0.8,32,32,0.6892180155888141,-0.11078198441118589,0.11323176836264558,0.015990273231733063,0,27
ARFIMA_d03,256,WaveletOLS::broad_band,0.8,32,32,0.7387490546718034,-0.06125094532819664,0.1215845223276293,0.02393111920561324,1,26
ARFIMA_d03,256,WaveletOLS::conservative_band,0.8,32,0,,,,,0,0
ARFIMA_d03,256,WaveletOLS::upper_band,0.8,32,32,0.7377198857901548,-0.06228011420984528,0.14735435004961642,0.03111243929113019,1,24
ARFIMA_d03,256,WhittleMLE,0.8,32,32,0.7691761667553156,-0.030823833244684466,0.0632226381595637,0.012314050667813787,0,32
ARFIMA_d03,512,AbsoluteMoment,0.8,32,32,0.6226988034958489,-0.17730119650415105,0.2057877053182236,0.03658591832625551,0,19
ARFIMA_d03,512,DFA::balanced_scales,0.8,32,32,0.7580131743032088,-0.04198682569679126,0.07820210174206885,0.01576678265870287,0,31
ARFIMA_d03,512,DFA::long_scales,0.8,32,32,0.7576736523225004,-0.04232634767749965,0.0825145128282932,0.01746253655643056,0,31
ARFIMA_d03,512,DFA::short_scales,0.8,32,32,0.7584532234695323,-0.04154677653046773,0.06306401964158413,0.013918455690946723,1,30
ARFIMA_d03,512,DMA::balanced_windows,0.8,32,32,0.6547072829038184,-0.14529271709618163,0.15133012175200386,0.020116316685356603,0,21
ARFIMA_d03,512,DMA::long_windows,0.8,32,32,0.5845658967178945,-0.21543410328210552,0.21591246712071563,0.026416238898848154,0,17
ARFIMA_d03,512,DMA::short_windows,0.8,32,32,0.7189162354871861,-0.08108376451281396,0.09649062736747485,0.01493732690626026,0,30
ARFIMA_d03,512,GHE,0.8,32,32,0.7672817488446346,-0.03271825115536544,0.058910872292718186,0.012014324495780162,0,32
ARFIMA_d03,512,GPH::narrow_band,0.8,32,32,0.7990137059191612,-0.000986294080838803,0.09147825226267789,0.021358067207926226,2,31
ARFIMA_d03,512,GPH::wider_band,0.8,32,32,0.7893881390028404,-0.010611860997159633,0.06331669987030068,0.014867804043370889,0,32
ARFIMA_d03,512,Higuchi,0.8,32,32,0.7683358337129376,-0.03166416628706244,0.055888412609761864,0.011747826620788025,0,32
ARFIMA_d03,512,ModifiedLocalWhittle,0.8,32,32,0.7917547059986574,-0.008245294001342746,0.05551488381681979,0.013252304485450849,0,31
ARFIMA_d03,512,RS,0.8,32,32,0.7536474422501993,-0.04635255774980072,0.06073616135530867,0.009173211846876179,0,32
ARFIMA_d03,512,Variance,0.8,32,32,0.649742793908431,-0.150257206091569,0.19521555975568938,0.036798858476863074,0,19
ARFIMA_d03,512,VarianceResidual,0.8,32,32,0.7366849401711166,-0.06331505982888332,0.08527238466321524,0.014110722342406817,0,31
ARFIMA_d03,512,WaveletOLS::broad_band,0.8,32,32,0.7733258213278843,-0.026674178672115748,0.08550751860330655,0.018790698224841567,1,30
ARFIMA_d03,512,WaveletOLS::conservative_band,0.8,32,32,0.7348672630826883,-0.06513273691731167,0.1440567130091389,0.029626780429497852,2,25
ARFIMA_d03,512,WaveletOLS::upper_band,0.8,32,32,0.7675674164290665,-0.03243258357093354,0.07307731796810685,0.016369032282501663,0,31
ARFIMA_d03,512,WhittleMLE,0.8,32,32,0.793688386998678,-0.006311613001321995,0.055391023098038075,0.013279958635282776,0,31
ARFIMA_d03,1024,AbsoluteMoment,0.8,32,32,0.6675675815613116,-0.13243241843868842,0.13423197220247457,0.01997771567794596,0,23
ARFIMA_d03,1024,DFA::balanced_scales,0.8,32,32,0.7981913006484849,-0.0018086993515151993,0.057871737374150356,0.012414656464560508,0,32
ARFIMA_d03,1024,DFA::long_scales,0.8,32,32,0.7909905967341084,-0.009009403265891596,0.05914276109731738,0.013055413361574534,0,32
ARFIMA_d03,1024,DFA::short_scales,0.8,32,32,0.7928000191143758,-0.0071999808856241625,0.04081179110873742,0.0087641113669033,0,32
ARFIMA_d03,1024,DMA::balanced_windows,0.8,32,32,0.717619510405501,-0.08238048959449912,0.09184847089297932,0.010866931776348296,0,32
ARFIMA_d03,1024,DMA::long_windows,0.8,32,32,0.6727520407171508,-0.1272479592828492,0.13371363008030857,0.013304797278389388,0,27
ARFIMA_d03,1024,DMA::short_windows,0.8,32,32,0.7645966062575502,-0.03540339374244979,0.05259059644906415,0.009862764442866583,0,32
ARFIMA_d03,1024,GHE,0.8,32,32,0.7647421112987264,-0.03525788870127378,0.058877390568330794,0.010475179291825227,0,32
ARFIMA_d03,1024,GPH::narrow_band,0.8,32,32,0.8107470314529116,0.010747031452911563,0.10088828190732868,0.02361084369526186,3,30
ARFIMA_d03,1024,GPH::wider_band,0.8,32,32,0.8123861184483532,0.01238611844835313,0.07650057665213411,0.01695982547462128,2,32
ARFIMA_d03,1024,Higuchi,0.8,32,32,0.7752556819239544,-0.024744318076045525,0.04338524000490201,0.008374278581948008,0,32
ARFIMA_d03,1024,ModifiedLocalWhittle,0.8,32,32,0.8036340307818786,0.0036340307818785895,0.0639448040546178,0.013747828865346763,0,32
ARFIMA_d03,1024,RS,0.8,32,32,0.7725333407727921,-0.027466659227207826,0.03706582392349762,0.0071499085542858455,0,32
ARFIMA_d03,1024,Variance,0.8,32,32,0.6824149708528348,-0.1175850291471652,0.12088309584615882,0.018313540601827178,0,24
ARFIMA_d03,1024,VarianceResidual,0.8,32,32,0.7794459690140618,-0.020554030985938308,0.04736360920605358,0.010802019721210407,0,32
ARFIMA_d03,1024,WaveletOLS::broad_band,0.8,32,32,0.7774902033356599,-0.02250979666434015,0.04430130351375973,0.009487632060126488,0,32
ARFIMA_d03,1024,WaveletOLS::conservative_band,0.8,32,32,0.764170154359469,-0.035829845640531134,0.07262083105707134,0.01490474312254929,0,31
ARFIMA_d03,1024,WaveletOLS::upper_band,0.8,32,32,0.785478406725836,-0.014521593274164028,0.04840570077486028,0.010520226979849782,0,32
ARFIMA_d03,1024,WhittleMLE,0.8,32,32,0.8041642852471491,0.004164285247149149,0.06412299121765955,0.01377102266747774,0,32
fGn025,256,AbsoluteMoment,0.25,32,32,0.01848398493528879,-0.2315160150647112,0.30038610664685494,0.06253667133921016,12,0
fGn025,256,DFA::balanced_scales,0.25,32,32,0.24064539427917442,-0.009354605720825592,0.04258448582481614,0.008961222989163495,0,0
fGn025,256,DFA::long_scales,0.25,32,32,0.2383147760916604,-0.011685223908339572,0.050942911487380726,0.01092150680681865,0,0
fGn025,256,DFA::short_scales,0.25,32,32,0.2530008486922698,0.003000848692269768,0.03585493527962607,0.007616780910708293,0,0
fGn025,256,DMA::balanced_windows,0.25,32,32,0.22164133255598906,-0.02835866744401095,0.08677989224550801,0.01793680151826465,0,0
fGn025,256,DMA::long_windows,0.25,32,32,0.21403111911154032,-0.03596888088845969,0.09848956200885117,0.020261902944192688,0,0
fGn025,256,DMA::short_windows,0.25,32,32,0.23912941302003765,-0.010870586979962352,0.06521220744659964,0.01385111125426745,0,0
fGn025,256,GHE,0.25,32,32,0.2356040984573906,-0.01439590154260939,0.029055851295958425,0.006016000430352121,0,0
fGn025,256,GPH::narrow_band,0.25,32,32,0.21396194715183034,-0.03603805284816967,0.10306598002236711,0.020783701959607645,0,0
fGn025,256,GPH::wider_band,0.25,32,32,0.19421093518958343,-0.055789064810416546,0.080913051106743,0.016417946113832495,1,0
fGn025,256,Higuchi,0.25,32,32,0.23501513776039512,-0.014984862239604886,0.03534319839968298,0.007934067777719598,0,0
fGn025,256,ModifiedLocalWhittle,0.25,32,32,0.18753625267920954,-0.06246374732079047,0.0732482121506031,0.012749838056049814,0,0
fGn025,256,RS,0.25,32,32,0.38834859378251635,0.1383485937825163,0.1383485937825163,0.008960073045009627,0,0
fGn025,256,Variance,0.25,32,32,0.05697034424955786,-0.19302965575044212,0.2877106692540814,0.06140816349582864,11,1
fGn025,256,VarianceResidual,0.25,32,32,0.229895284714363,-0.020104715285636992,0.04030968854375461,0.007611538420459995,0,0
fGn025,256,WaveletOLS::broad_band,0.25,32,32,0.251685766940982,0.0016857669409819764,0.09999282300165085,0.02296411714114557,1,0
fGn025,256,WaveletOLS::conservative_band,0.25,32,0,,,,,0,0
fGn025,256,WaveletOLS::upper_band,0.25,32,32,0.21212008313087705,-0.03787991686912295,0.1460894126595884,0.03059273820606027,4,1
fGn025,256,WhittleMLE,0.25,32,32,0.17921185399762102,-0.07078814600237895,0.07869606016904246,0.012984647676178967,0,0
fGn025,512,AbsoluteMoment,0.25,32,32,0.14814434432512535,-0.10185565567487465,0.17313364685647573,0.031166824695947434,7,0
fGn025,512,DFA::balanced_scales,0.25,32,32,0.25168520028836183,0.0016852002883618192,0.029849948185215074,0.006412750367343847,0,0
fGn025,512,DFA::long_scales,0.25,32,32,0.2507096813801895,0.0007096813801894895,0.035115348778135394,0.008083532236401542,0,0
fGn025,512,DFA::short_scales,0.25,32,32,0.2600021943426172,0.010002194342617161,0.02225315314657199,0.005215550731846911,0,0
fGn025,512,DMA::balanced_windows,0.25,32,32,0.2573081292264635,0.007308129226463503,0.06266987157246316,0.01354681705513246,0,0
fGn025,512,DMA::long_windows,0.25,32,32,0.23778887312101785,-0.012211126878982173,0.07713404729109267,0.01626342874253089,0,0
fGn025,512,DMA::short_windows,0.25,32,32,0.2755712909407619,0.025571290940761885,0.05080167539988585,0.01056480490033559,0,0
fGn025,512,GHE,0.25,32,32,0.25265099842990346,0.002650998429903454,0.028527313314862076,0.00657603741550907,0,0
fGn025,512,GPH::narrow_band,0.25,32,32,0.23977143191397637,-0.01022856808602363,0.12370360526230721,0.026953129385010734,1,0
fGn025,512,GPH::wider_band,0.25,32,32,0.21983918134283675,-0.030160818657163226,0.07251615687273796,0.01669736470897708,1,0
fGn025,512,Higuchi,0.25,32,32,0.25113933947313405,0.0011393394731340836,0.026921274404328212,0.00610053747871869,0,0
fGn025,512,ModifiedLocalWhittle,0.25,32,32,0.21464050536714518,-0.035359494632854815,0.058218004939359615,0.012537843730183589,0,0
fGn025,512,RS,0.25,32,32,0.37627462677715484,0.12627462677715487,0.12627462677715487,0.00506420425161578,0,0
fGn025,512,Variance,0.25,32,32,0.18212308762172497,-0.06787691237827503,0.16244428501068653,0.031599877648173416,5,1
fGn025,512,VarianceResidual,0.25,32,32,0.2367712201161016,-0.013228779883898402,0.03285297815355986,0.006231147192844871,0,0
fGn025,512,WaveletOLS::broad_band,0.25,32,32,0.3084786363209676,0.058478636320967656,0.11038335456509589,0.02277194082919566,0,0
fGn025,512,WaveletOLS::conservative_band,0.25,32,32,0.12364724942480323,-0.12635275057519677,0.15642044436190197,0.026779967657121265,7,0
fGn025,512,WaveletOLS::upper_band,0.25,32,32,0.23918421948551818,-0.010815780514481827,0.08720925366974668,0.018965657406282,1,0
fGn025,512,WhittleMLE,0.25,32,32,0.21267744260094068,-0.03732255739905932,0.05932364907199881,0.012629040403016902,0,0
fGn025,1024,AbsoluteMoment,0.25,32,32,0.22257228038282326,-0.027427719617176743,0.07327427983212177,0.01714530378276701,1,0
fGn025,1024,DFA::balanced_scales,0.25,32,32,0.2635416082212848,0.013541608221284807,0.027749306200945418,0.005146437523652649,0,0
fGn025,1024,DFA::long_scales,0.25,32,32,0.25892288361184046,0.0089228836118405,0.02959195158541402,0.006009778501462122,0,0
fGn025,1024,DFA::short_scales,0.25,32,32,0.27305353075256067,0.023053530752560652,0.029818957785060135,0.004603282206637923,0,0
fGn025,1024,DMA::balanced_windows,0.25,32,32,0.2720447170473507,0.02204471704735076,0.041773329638151516,0.008862391195912795,0,0
fGn025,1024,DMA::long_windows,0.25,32,32,0.262066205042659,0.012066205042658979,0.04408982117818835,0.00938883459074852,0,0
fGn025,1024,DMA::short_windows,0.25,32,32,0.2852952090673827,0.0352952090673827,0.04655846027862723,0.007690146287359285,0,0
fGn025,1024,GHE,0.25,32,32,0.2556417946965517,0.005641794696551666,0.028754286876022883,0.006284313152231943,0,0
fGn025,1024,GPH::narrow_band,0.25,32,32,0.28050186553796375,0.030501865537963774,0.0947805277771373,0.02153458735741476,1,0
fGn025,1024,GPH::wider_band,0.25,32,32,0.2435474697446382,-0.006452530255361804,0.07402719616804575,0.016431182834141942,1,0
fGn025,1024,Higuchi,0.25,32,32,0.2561973819867676,0.006197381986767621,0.026898284083651212,0.005799407221340109,0,0
fGn025,1024,ModifiedLocalWhittle,0.25,32,32,0.25835084411998266,0.008350844119982678,0.05588629412389688,0.01231167876053283,0,0
fGn025,1024,RS,0.25,32,32,0.3743666528360208,0.12436665283602077,0.12436665283602077,0.005054779532120702,0,0
fGn025,1024,Variance,0.25,32,32,0.24169352802337896,-0.008306471976621037,0.06435945099531691,0.015795465817830562,0,0
fGn025,1024,VarianceResidual,0.25,32,32,0.2534348170254433,0.0034348170254432913,0.02276029952313946,0.00480085319571552,0,0
fGn025,1024,WaveletOLS::broad_band,0.25,32,32,0.3407464053419589,0.09074640534195894,0.10173486107857639,0.016010944599272964,0,0
fGn025,1024,WaveletOLS::conservative_band,0.25,32,32,0.21899567797691172,-0.0310043220230883,0.09555549488616358,0.02065564885958656,0,0
fGn025,1024,WaveletOLS::upper_band,0.25,32,32,0.2781436923042383,0.028143692304238244,0.06660075228321806,0.012940617670324863,0,0
fGn025,1024,WhittleMLE,0.25,32,32,0.257941015851608,0.007941015851608021,0.05595326586639965,0.012327932444950613,0,0
fGn050,256,AbsoluteMoment,0.5,32,32,0.22442736306042682,-0.2755726369395732,0.30099555748983853,0.0433106580240247,6,1
fGn050,256,DFA::balanced_scales,0.5,32,32,0.4889857028237622,-0.011014297176237838,0.09437280399673491,0.019991756222772845,0,5
fGn050,256,DFA::long_scales,0.5,32,32,0.485769919757838,-0.014230080242162017,0.10693687827346503,0.022428935035948686,0,8
fGn050,256,DFA::short_scales,0.5,32,32,0.5054445122999838,0.005444512299983674,0.07485988468742463,0.016689954576837644,0,6
fGn050,256,DMA::balanced_windows,0.5,32,32,0.3799580233906398,-0.12004197660936027,0.14140358057240493,0.02243835407388957,0,1
fGn050,256,DMA::long_windows,0.5,32,32,0.3617162672196079,-0.13828373278039202,0.15989646426111787,0.02531476708786607,1,1
fGn050,256,DMA::short_windows,0.5,32,32,0.4237987236836402,-0.07620127631635984,0.10935330427200193,0.019189989540700815,0,2
fGn050,256,GHE,0.5,32,32,0.47544123681531947,-0.024558763184680588,0.0635304482035689,0.013158912491954812,0,1
fGn050,256,GPH::narrow_band,0.5,32,32,0.5021250281053096,0.0021250281053095833,0.06412786001223669,0.015053240314853287,0,4
fGn050,256,GPH::wider_band,0.5,32,32,0.49885248329275345,-0.0011475167072465802,0.0596063422285264,0.014330271332515462,0,3
fGn050,256,Higuchi,0.5,32,32,0.4679026154577653,-0.0320973845422347,0.07437477129503572,0.015043192326657708,0,2
fGn050,256,ModifiedLocalWhittle,0.5,32,32,0.48764250454684277,-0.01235749545315727,0.05475489429921154,0.012283269671851293,0,2
fGn050,256,RS,0.5,32,32,0.5892446907074226,0.08924469070742258,0.10176605551751933,0.014205564542623285,0,15
fGn050,256,Variance,0.5,32,32,0.26889226476182826,-0.23110773523817174,0.2718320854638686,0.04380304697105247,4,3
fGn050,256,VarianceResidual,0.5,32,32,0.4870048722876194,-0.012995127712380565,0.07662006143672667,0.016880618901242365,0,6
fGn050,256,WaveletOLS::broad_band,0.5,32,32,0.49470079711596904,-0.005299202884030942,0.11087020847589044,0.0265080996848884,0,7
fGn050,256,WaveletOLS::conservative_band,0.5,32,0,,,,,0,0
fGn050,256,WaveletOLS::upper_band,0.5,32,32,0.535549292081561,0.035549292081561004,0.12273987004456985,0.027045222621103565,0,10
fGn050,256,WhittleMLE,0.5,32,32,0.4868421801245567,-0.013157819875443295,0.056482967094272814,0.012644094619262334,0,2
fGn050,512,AbsoluteMoment,0.5,32,32,0.38623390213291975,-0.11376609786708022,0.17473906999519112,0.034808960265656046,0,4
fGn050,512,DFA::balanced_scales,0.5,32,32,0.49863705238474576,-0.0013629476152542327,0.045439330465949515,0.010361654813479473,0,2
fGn050,512,DFA::long_scales,0.5,32,32,0.497312391135664,-0.002687608864335977,0.06918135023939784,0.014527776024805046,0,3
fGn050,512,DFA::short_scales,0.5,32,32,0.5024895899577093,0.002489589957709386,0.047216925073644375,0.009911173444827582,0,0
fGn050,512,DMA::balanced_windows,0.5,32,32,0.466348964414683,-0.033651035585317006,0.10787420304689896,0.023654084981187953,0,5
fGn050,512,DMA::long_windows,0.5,32,32,0.4226397568527345,-0.07736024314726547,0.11836000836443408,0.022856386852503945,0,2
fGn050,512,DMA::short_windows,0.5,32,32,0.5035067952249681,0.0035067952249680182,0.09332165300379977,0.020192250825999424,0,9
fGn050,512,GHE,0.5,32,32,0.4953980398407223,-0.004601960159277697,0.05563198761577867,0.011820192952316818,0,1
fGn050,512,GPH::narrow_band,0.5,32,32,0.525677918889391,0.025677918889391013,0.08722782170201047,0.0220302482585417,0,9
fGn050,512,GPH::wider_band,0.5,32,32,0.5105849526239339,0.010584952623933882,0.07090860574816261,0.014853927335960167,0,6
fGn050,512,Higuchi,0.5,32,32,0.5006551939890302,0.0006551939890301617,0.048661403007872014,0.010174085019950506,0,1
fGn050,512,ModifiedLocalWhittle,0.5,32,32,0.5052940626412865,0.005294062641286457,0.05565990909997022,0.011749630872021445,0,3
fGn050,512,RS,0.5,32,32,0.575075275180285,0.07507527518028499,0.07513274761674454,0.0076791524040635654,0,9
fGn050,512,Variance,0.5,32,32,0.4241167959343687,-0.07588320406563127,0.1700819177706306,0.03543121655632773,0,7
fGn050,512,VarianceResidual,0.5,32,32,0.48589257244288075,-0.014107427557119273,0.04964703841260062,0.010553166539858827,0,1
fGn050,512,WaveletOLS::broad_band,0.5,32,32,0.5008991440227706,0.0008991440227706319,0.07219811457785857,0.01557487601309366,0,4
fGn050,512,WaveletOLS::conservative_band,0.5,32,32,0.3973136302930622,-0.10268636970693773,0.16345091586910737,0.029747673439926136,0,4
fGn050,512,WaveletOLS::upper_band,0.5,32,32,0.5303058594765793,0.030305859476579308,0.07711529135588013,0.01583637548144099,0,6
fGn050,512,WhittleMLE,0.5,32,32,0.5053181171764691,0.005318117176469125,0.05610250968681557,0.011828338873995212,0,3
fGn050,1024,AbsoluteMoment,0.5,32,32,0.4180839895690855,-0.0819160104309145,0.10079851118736195,0.01761845676545201,0,1
fGn050,1024,DFA::balanced_scales,0.5,32,32,0.4894820795578709,-0.01051792044212911,0.04253634891099324,0.008760203906449101,0,0
fGn050,1024,DFA::long_scales,0.5,32,32,0.48049925426691137,-0.01950074573308862,0.049633831885669485,0.010231956354583228,0,0
fGn050,1024,DFA::short_scales,0.5,32,32,0.502751122218605,0.002751122218604924,0.030527150309206334,0.006734999365670047,0,0
fGn050,1024,DMA::balanced_windows,0.5,32,32,0.4705437633890265,-0.02945623661097354,0.0490735970651286,0.010544019050428134,0,0
fGn050,1024,DMA::long_windows,0.5,32,32,0.44398002766786787,-0.05601997233213214,0.07523410755626747,0.013624280824557763,0,0
fGn050,1024,DMA::short_windows,0.5,32,32,0.4946413023604532,-0.005358697639546764,0.04009723093228026,0.008561860693942784,0,0
fGn050,1024,GHE,0.5,32,32,0.47818702350623027,-0.021812976493769707,0.03222932301720502,0.006518260978076246,0,0
fGn050,1024,GPH::narrow_band,0.5,32,32,0.4334818316789949,-0.06651816832100509,0.11443493760144491,0.025661622706314294,1,3
fGn050,1024,GPH::wider_band,0.5,32,32,0.4641922986526295,-0.0358077013473705,0.07752747201658722,0.018754244116292593,0,2
fGn050,1024,Higuchi,0.5,32,32,0.4849565308676238,-0.015043469132376211,0.030029898066275554,0.0061179012683066965,0,0
fGn050,1024,ModifiedLocalWhittle,0.5,32,32,0.4680911385901321,-0.03190886140986787,0.058315558955441105,0.011582746961095633,0,0
fGn050,1024,RS,0.5,32,32,0.5513639762438042,0.05136397624380415,0.05136397624380415,0.0047909866282868484,0,1
fGn050,1024,Variance,0.5,32,32,0.43253251747106597,-0.06746748252893406,0.09147599281842214,0.01746777428841829,0,0
fGn050,1024,VarianceResidual,0.5,32,32,0.4731652188443762,-0.026834781155623835,0.03611277649579253,0.0063417296360768,0,0
fGn050,1024,WaveletOLS::broad_band,0.5,32,32,0.5480372891034548,0.048037289103454825,0.0683277214595808,0.014790519832308544,0,9
fGn050,1024,WaveletOLS::conservative_band,0.5,32,32,0.46934345628146434,-0.030656543718535635,0.07249878237381224,0.015028091754719603,0,1
fGn050,1024,WaveletOLS::upper_band,0.5,32,32,0.5100423375047005,0.010042337504700528,0.05148106407972755,0.011481269587463995,0,2
fGn050,1024,WhittleMLE,0.5,32,32,0.4680197784796937,-0.03198022152030626,0.05840724483425632,0.011605070034972131,0,0
fGn075,256,AbsoluteMoment,0.75,32,32,0.44314407760191427,-0.30685592239808573,0.33054782998452,0.05167632851742657,3,10
fGn075,256,DFA::balanced_scales,0.75,32,32,0.7147158344609335,-0.03528416553906641,0.11308221756271666,0.022029801815942197,0,25
fGn075,256,DFA::long_scales,0.75,32,32,0.7013084554947401,-0.04869154450525991,0.12492354557359862,0.024532369923540295,0,23
fGn075,256,DFA::short_scales,0.75,32,32,0.7429778676525451,-0.00702213234745485,0.09307263922830672,0.018640728707361543,0,31
fGn075,256,DMA::balanced_windows,0.75,32,32,0.5091605285518161,-0.2408394714481839,0.24671520537206226,0.02596788868958508,0,10
fGn075,256,DMA::long_windows,0.75,32,32,0.4768998150508959,-0.27310018494910415,0.2783967762205911,0.028146424540622758,0,7
fGn075,256,DMA::short_windows,0.75,32,32,0.5765220008234382,-0.17347799917656184,0.18053462424199238,0.023703275495004204,0,15
fGn075,256,GHE,0.75,32,32,0.7318982865666791,-0.018101713433320874,0.07827703624630064,0.016670687470783388,0,30
fGn075,256,GPH::narrow_band,0.75,32,32,0.7575820691299635,0.0075820691299635125,0.10946020498437037,0.024036196769081763,2,28
fGn075,256,GPH::wider_band,0.75,32,32,0.7480457417451589,-0.0019542582548410306,0.07690228864785134,0.01655963107735686,0,29
fGn075,256,Higuchi,0.75,32,32,0.7310966414428114,-0.018903358557188665,0.08477495033158904,0.018379524254971694,0,28
fGn075,256,ModifiedLocalWhittle,0.75,32,32,0.7276530984034201,-0.022346901596579923,0.06025329315564687,0.012474492501310823,0,31
fGn075,256,RS,0.75,32,32,0.7473914617871413,-0.0026085382128586063,0.06067578317928834,0.012804601687607766,0,32
fGn075,256,Variance,0.75,32,32,0.4824828694815595,-0.26751713051844045,0.2970151821114448,0.051067043167206796,2,11
fGn075,256,VarianceResidual,0.75,32,32,0.7193065394895732,-0.03069346051042677,0.09831424835831525,0.01925224158136252,0,29
fGn075,256,WaveletOLS::broad_band,0.75,32,32,0.7213662820882233,-0.028633717911776733,0.11911972911383237,0.026437172505108693,1,26
fGn075,256,WaveletOLS::conservative_band,0.75,32,0,,,,,0,0
fGn075,256,WaveletOLS::upper_band,0.75,32,32,0.7684463349007873,0.01844633490078723,0.09808323385304746,0.02261009556351616,1,30
fGn075,256,WhittleMLE,0.75,32,32,0.7336880912242776,-0.016311908775722358,0.06121664192084029,0.012870533426660419,0,31
fGn075,512,AbsoluteMoment,0.75,32,32,0.41981158773903066,-0.33018841226096934,0.33385382941775743,0.05579178810731377,3,9
fGn075,512,DFA::balanced_scales,0.75,32,32,0.7522293810780323,0.002229381078032302,0.0742536566282121,0.015823608484116486,0,31
fGn075,512,DFA::long_scales,0.75,32,32,0.7280958388402254,-0.021904161159774598,0.09565901502284793,0.019241905712984002,0,30
fGn075,512,DFA::short_scales,0.75,32,32,0.7602120098871556,0.010212009887155614,0.055385886371254245,0.01186925491993504,0,32
fGn075,512,DMA::balanced_windows,0.75,32,32,0.5876854830014644,-0.16231451699853558,0.17137665818956266,0.024932136593613912,0,14
fGn075,512,DMA::long_windows,0.75,32,32,0.5208036680875479,-0.2291963319124522,0.22965321929266305,0.02829806622922732,0,12
fGn075,512,DMA::short_windows,0.75,32,32,0.6592234085264282,-0.09077659147357175,0.10993036382022991,0.018764710814426735,0,27
fGn075,512,GHE,0.75,32,32,0.7163575359981229,-0.033642464001877016,0.056189846381726666,0.01164049282513678,0,30
fGn075,512,GPH::narrow_band,0.75,32,32,0.7286290757171952,-0.021370924282804862,0.11193785430321858,0.02610747392796406,0,25
fGn075,512,GPH::wider_band,0.75,32,32,0.7551409765109203,0.0051409765109203046,0.0751304633495621,0.01567198034897256,0,31
fGn075,512,Higuchi,0.75,32,32,0.7234865239248455,-0.026513476075154578,0.05140133668167433,0.010740748563775236,0,32
fGn075,512,ModifiedLocalWhittle,0.75,32,32,0.755709622028192,0.00570962202819204,0.05936918145859162,0.013037045320816513,0,31
fGn075,512,RS,0.75,32,32,0.7489087831712882,-0.001091216828711855,0.0463263357768636,0.009353267801217237,0,32
fGn075,512,Variance,0.75,32,32,0.45333109410929323,-0.2966689058907067,0.3023342547592154,0.055840991729400456,3,13
fGn075,512,VarianceResidual,0.75,32,32,0.7228544669353374,-0.027145533064662546,0.06972524727244901,0.013987737779788659,0,31
fGn075,512,WaveletOLS::broad_band,0.75,32,32,0.7468417965934553,-0.003158203406544694,0.08571578871173952,0.02033369512032283,0,30
fGn075,512,WaveletOLS::conservative_band,0.75,32,32,0.6967803336855385,-0.05321966631446148,0.1276502047421379,0.027528563788583447,2,23
fGn075,512,WaveletOLS::upper_band,0.75,32,32,0.7658859384588341,0.01588593845883412,0.09683215242418064,0.02029715703797418,0,29
fGn075,512,WhittleMLE,0.75,32,32,0.7573698451100577,0.0073698451100576885,0.060223722853117126,0.013152607332348945,0,31
fGn075,1024,AbsoluteMoment,0.75,32,32,0.6699750165070539,-0.08002498349294603,0.09343576562537872,0.015628203967075628,0,25
fGn075,1024,DFA::balanced_scales,0.75,32,32,0.7498835258584364,-0.00011647414156359254,0.05047923585565825,0.011071934836208313,0,31
fGn075,1024,DFA::long_scales,0.75,32,32,0.7595510154879521,0.009551015487952043,0.056159336844247246,0.012701312181658925,0,31
fGn075,1024,DFA::short_scales,0.75,32,32,0.7554412294681234,0.005441229468123296,0.04273599165538425,0.009409700361168427,0,32
fGn075,1024,DMA::balanced_windows,0.75,32,32,0.6979101350078714,-0.05208986499212866,0.07536289478151754,0.014861885891103417,0,27
fGn075,1024,DMA::long_windows,0.75,32,32,0.6608329846834378,-0.08916701531656221,0.10518757995784594,0.01800772251577527,0,22
fGn075,1024,DMA::short_windows,0.75,32,32,0.7352688983640623,-0.01473110163593781,0.04741348647799179,0.011194807841401321,0,31
fGn075,1024,GHE,0.75,32,32,0.7489465108299225,-0.0010534891700774984,0.056365681813910655,0.011999332265009599,0,32
fGn075,1024,GPH::narrow_band,0.75,32,32,0.7699638759190777,0.019963875919077723,0.10604198472917509,0.02547224809148131,1,31
fGn075,1024,GPH::wider_band,0.75,32,32,0.7731111455465978,0.023111145546597767,0.07843863324397982,0.016499313972017787,0,31
fGn075,1024,Higuchi,0.75,32,32,0.753606867151615,0.0036068671516149564,0.04322493501603901,0.009463416529081874,0,32
fGn075,1024,ModifiedLocalWhittle,0.75,32,32,0.7577758324082029,0.00777583240820286,0.05358209795034087,0.01233046291158922,0,31
fGn075,1024,RS,0.75,32,32,0.7440183840268348,-0.005981615973165169,0.030308540282421186,0.006888681330785312,0,32
fGn075,1024,Variance,0.75,32,32,0.6862873894555616,-0.06371261054443848,0.08372335846965387,0.015940539890213226,0,27
fGn075,1024,VarianceResidual,0.75,32,32,0.7263756513466253,-0.02362434865337466,0.05069436776320328,0.010457655105315837,0,31
fGn075,1024,WaveletOLS::broad_band,0.75,32,32,0.7673746650762627,0.01737466507626272,0.0557583609739208,0.011174176921368665,0,32
fGn075,1024,WaveletOLS::conservative_band,0.75,32,32,0.7082544592429912,-0.04174554075700876,0.08822623577650472,0.01811504680084872,0,27
fGn075,1024,WaveletOLS::upper_band,0.75,32,32,0.7646222228348438,0.014622222834843861,0.06414765314570002,0.013296752812426779,0,32
fGn075,1024,WhittleMLE,0.75,32,32,0.7581763418895522,0.008176341889552265,0.05372654538039656,0.012351618598475117,0,31
