cell,phase,method,block_divisor,n_attempted,seconds_per_fit,projected_full_cell_seconds
AR1_-0.5_n1024,ci,GHE,8.0,2,0.15276239999911922,39.10717439977452
AR1_-0.5_n1024,ci,GHE,16.0,2,0.1584055499997703,40.5518207999412
AR1_-0.5_n1024,ci,GHE,32.0,2,0.17366175000006479,44.457408000016585
AR1_-0.5_n1024,ci,GPH,8.0,2,0.09943815000042378,25.456166400108486
AR1_-0.5_n1024,ci,GPH,16.0,2,0.09901895000075456,25.348851200193167
AR1_-0.5_n1024,ci,GPH,32.0,2,0.1123886000004859,28.77148160012439
AR1_-0.5_n1024,ci,Higuchi,8.0,2,1.7541149999997288,449.05343999993056
AR1_-0.5_n1024,ci,Higuchi,16.0,2,1.736332250000487,444.50105600012466
AR1_-0.5_n1024,ci,Higuchi,32.0,2,1.498109500001192,383.51603200030513
AR1_-0.5_n1024,point,AbsoluteMoment,,2,0.0006354000006467686,0.16266240016557276
AR1_-0.5_n1024,point,DFA::balanced_scales,,2,0.012936750001244945,3.311808000318706
AR1_-0.5_n1024,point,DFA::long_scales,,2,0.009660100000473903,2.4729856001213193
AR1_-0.5_n1024,point,DFA::short_scales,,2,0.01667505000023084,4.268812800059095
AR1_-0.5_n1024,point,DMA::balanced_windows,,2,0.0008765000002313172,0.22438400005921721
AR1_-0.5_n1024,point,DMA::long_windows,,2,0.0007989499990799231,0.20453119976446033
AR1_-0.5_n1024,point,DMA::short_windows,,2,0.0009074000008695293,0.2322944002225995
AR1_-0.5_n1024,point,GHE,,2,0.0009509000001344248,0.24343040003441274
AR1_-0.5_n1024,point,GPH::narrow_band,,2,0.0005726500003220281,0.14659840008243918
AR1_-0.5_n1024,point,GPH::wider_band,,2,0.00047515000096609583,0.12163840024732053
AR1_-0.5_n1024,point,Higuchi,,2,0.004959049999342824,1.269516799831763
AR1_-0.5_n1024,point,ModifiedLocalWhittle,,2,0.0008010499996089493,0.20506879989989102
AR1_-0.5_n1024,point,RS,,2,0.012533249999250984,3.208511999808252
AR1_-0.5_n1024,point,Variance,,2,0.0006626999993386562,0.169651199830696
AR1_-0.5_n1024,point,VarianceResidual,,2,0.01294285000039963,3.3133696001023054
AR1_-0.5_n1024,point,WaveletOLS::broad_band,,2,0.0006427999996958533,0.16455679992213845
AR1_-0.5_n1024,point,WaveletOLS::conservative_band,,2,0.000828100000944687,0.21199360024183989
AR1_-0.5_n1024,point,WaveletOLS::upper_band,,2,0.0006977999992159312,0.17863679979927838
AR1_-0.5_n1024,point,WhittleMLE,,2,0.0006610999989788979,0.16924159973859787
AR1_-0.5_n2048,ci,GHE,8.0,2,0.3637427999992724,93.11815679981373
AR1_-0.5_n2048,ci,GHE,16.0,2,0.3602159000001848,92.2152704000473
AR1_-0.5_n2048,ci,GHE,32.0,2,0.37222920000021986,95.29067520005628
AR1_-0.5_n2048,ci,GPH,8.0,2,0.258211599999413,66.10216959984973
AR1_-0.5_n2048,ci,GPH,16.0,2,0.26748960000077204,68.47733760019764
AR1_-0.5_n2048,ci,GPH,32.0,2,0.28479574999983015,72.90771199995652
AR1_-0.5_n2048,ci,Higuchi,8.0,2,1.9474024500004816,498.5350272001233
AR1_-0.5_n2048,ci,Higuchi,16.0,2,1.9882364499990217,508.98853119974956
AR1_-0.5_n2048,ci,Higuchi,32.0,2,2.0960513999989416,536.5891583997291
AR1_-0.5_n2048,point,AbsoluteMoment,,2,0.0006670499997198931,0.17076479992829263
AR1_-0.5_n2048,point,DFA::balanced_scales,,2,0.022549000000253727,5.772544000064954
AR1_-0.5_n2048,point,DFA::long_scales,,2,0.018001800001002266,4.60846080025658
AR1_-0.5_n2048,point,DFA::short_scales,,2,0.03341374999945401,8.553919999860227
AR1_-0.5_n2048,point,DMA::balanced_windows,,2,0.001732899999296933,0.44362239982001483
AR1_-0.5_n2048,point,DMA::long_windows,,2,0.0018810500005201902,0.4815488001331687
AR1_-0.5_n2048,point,DMA::short_windows,,2,0.0008360999991054996,0.2140415997710079
AR1_-0.5_n2048,point,GHE,,2,0.001157049999164883,0.29620479978621006
AR1_-0.5_n2048,point,GPH::narrow_band,,2,0.0005008000007364899,0.1282048001885414
AR1_-0.5_n2048,point,GPH::wider_band,,2,0.0004960999995091697,0.12700159987434745
AR1_-0.5_n2048,point,Higuchi,,2,0.005356450000363111,1.3712512000929564
AR1_-0.5_n2048,point,ModifiedLocalWhittle,,2,0.0011739999999917927,0.30054399999789894
AR1_-0.5_n2048,point,RS,,2,0.024020549999477225,6.14926079986617
AR1_-0.5_n2048,point,Variance,,2,0.0007298500004253583,0.18684160010889173
AR1_-0.5_n2048,point,VarianceResidual,,2,0.026701300000240735,6.835532800061628
AR1_-0.5_n2048,point,WaveletOLS::broad_band,,2,0.0006284499995672377,0.16088319988921285
AR1_-0.5_n2048,point,WaveletOLS::conservative_band,,2,0.000692400000843918,0.177254400216043
AR1_-0.5_n2048,point,WaveletOLS::upper_band,,2,0.0007844499996281229,0.20081919990479946
AR1_-0.5_n2048,point,WhittleMLE,,2,0.0007795000001351582,0.1995520000346005
AR1_-0.5_n512,ci,GHE,8.0,2,0.12232215000040014,31.314470400102437
AR1_-0.5_n512,ci,GHE,16.0,2,0.1315721000009944,33.682457600254565
AR1_-0.5_n512,ci,GHE,32.0,2,0.1447013999995761,37.04355839989148
AR1_-0.5_n512,ci,GPH,8.0,2,0.06760200000007899,17.30611200002022
AR1_-0.5_n512,ci,GPH,16.0,2,0.07370925000032003,18.869568000081927
AR1_-0.5_n512,ci,GPH,32.0,2,0.08042834999923798,20.589657599804923
AR1_-0.5_n512,ci,Higuchi,8.0,2,1.6349785000002157,418.5544960000552
AR1_-0.5_n512,ci,Higuchi,16.0,2,1.6833055499992042,430.9262207997963
AR1_-0.5_n512,ci,Higuchi,32.0,2,1.4477843499998926,370.6327935999725
AR1_-0.5_n512,point,AbsoluteMoment,,2,0.0005313999999998487,0.13603839999996126
AR1_-0.5_n512,point,DFA::balanced_scales,,2,0.005188400000406546,1.3282304001040757
AR1_-0.5_n512,point,DFA::long_scales,,2,0.0042777000007845345,1.0950912002008408
AR1_-0.5_n512,point,DFA::short_scales,,2,0.007924350000394043,2.028633600100875
AR1_-0.5_n512,point,DMA::balanced_windows,,2,0.0005516500004887348,0.1412224001251161
AR1_-0.5_n512,point,DMA::long_windows,,2,0.0008355500003744964,0.2139008000958711
AR1_-0.5_n512,point,DMA::short_windows,,2,0.0005652499994539539,0.1447039998602122
AR1_-0.5_n512,point,GHE,,2,0.0007251999995787628,0.18565119989216328
AR1_-0.5_n512,point,GPH::narrow_band,,2,0.0003457000002526911,0.08849920006468892
AR1_-0.5_n512,point,GPH::wider_band,,2,0.00043819999973493395,0.11217919993214309
AR1_-0.5_n512,point,Higuchi,,2,0.0039040499996190192,0.9994367999024689
AR1_-0.5_n512,point,ModifiedLocalWhittle,,2,0.0007548499997938052,0.19324159994721413
AR1_-0.5_n512,point,RS,,2,0.004584749999594351,1.1736959998961538
AR1_-0.5_n512,point,Variance,,2,0.0007649999997738632,0.195839999942109
AR1_-0.5_n512,point,VarianceResidual,,2,0.005314199999702396,1.3604351999238133
AR1_-0.5_n512,point,WaveletOLS::broad_band,,2,0.0006667500001640292,0.17068800004199147
AR1_-0.5_n512,point,WaveletOLS::conservative_band,,2,0.0005374000002120738,0.1375744000542909
AR1_-0.5_n512,point,WaveletOLS::upper_band,,2,0.0004742500004795147,0.12140800012275577
AR1_-0.5_n512,point,WhittleMLE,,2,0.0005204499993851641,0.13323519984260201
AR1_0.5_n1024,ci,GHE,8.0,2,0.1455436499991265,37.259174399776384
AR1_0.5_n1024,ci,GHE,16.0,2,0.148891249999906,38.116159999975935
AR1_0.5_n1024,ci,GHE,32.0,2,0.17050600000038685,43.64953600009903
AR1_0.5_n1024,ci,GPH,8.0,2,0.09183589999975084,23.509990399936214
AR1_0.5_n1024,ci,GPH,16.0,2,0.10208539999985078,26.1338623999618
AR1_0.5_n1024,ci,GPH,32.0,2,0.11566655000024184,29.61063680006191
AR1_0.5_n1024,ci,Higuchi,8.0,2,1.2173274000006131,311.63581440015696
AR1_0.5_n1024,ci,Higuchi,16.0,2,1.2701006499992218,325.1457663998008
AR1_0.5_n1024,ci,Higuchi,32.0,2,1.244858350000868,318.68373760022223
AR1_0.5_n1024,point,AbsoluteMoment,,2,0.0005322500001057051,0.1362560000270605
AR1_0.5_n1024,point,DFA::balanced_scales,,2,0.0115701499989882,2.961958399740979
AR1_0.5_n1024,point,DFA::long_scales,,2,0.006957499999771244,1.7811199999414384
AR1_0.5_n1024,point,DFA::short_scales,,2,0.014578499998606276,3.7320959996432066
AR1_0.5_n1024,point,DMA::balanced_windows,,2,0.0009669999990364886,0.24755199975334108
AR1_0.5_n1024,point,DMA::long_windows,,2,0.0006887999998070882,0.17633279995061457
AR1_0.5_n1024,point,DMA::short_windows,,2,0.0008126000002448563,0.20802560006268322
AR1_0.5_n1024,point,GHE,,2,0.0007576500001960085,0.19395840005017817
AR1_0.5_n1024,point,GPH::narrow_band,,2,0.0005752500001108274,0.1472640000283718
AR1_0.5_n1024,point,GPH::wider_band,,2,0.00037664999945263844,0.09642239985987544
AR1_0.5_n1024,point,Higuchi,,2,0.004401449999932083,1.1267711999826133
AR1_0.5_n1024,point,ModifiedLocalWhittle,,2,0.0008183500003724475,0.20949760009534657
AR1_0.5_n1024,point,RS,,2,0.012508750000051805,3.202240000013262
AR1_0.5_n1024,point,Variance,,2,0.0009331000001111533,0.23887360002845526
AR1_0.5_n1024,point,VarianceResidual,,2,0.011558749999494466,2.9590399998705834
AR1_0.5_n1024,point,WaveletOLS::broad_band,,2,0.0007224500004667789,0.1849472001194954
AR1_0.5_n1024,point,WaveletOLS::conservative_band,,2,0.0006505999990622513,0.16655359975993633
AR1_0.5_n1024,point,WaveletOLS::upper_band,,2,0.0006889000005685375,0.1763584001455456
AR1_0.5_n1024,point,WhittleMLE,,2,0.0009430999998585321,0.24143359996378422
AR1_0.5_n2048,ci,GHE,8.0,2,0.24180399999931979,61.901823999825865
AR1_0.5_n2048,ci,GHE,16.0,2,0.23093629999948462,59.11969279986806
AR1_0.5_n2048,ci,GHE,32.0,2,0.24139949999971577,61.79827199992724
AR1_0.5_n2048,ci,GPH,8.0,2,0.1582783500007281,40.51925760018639
AR1_0.5_n2048,ci,GPH,16.0,2,0.1930126500001279,49.411238400032744
AR1_0.5_n2048,ci,GPH,32.0,2,0.16679145000125573,42.698611200321466
AR1_0.5_n2048,ci,Higuchi,8.0,2,1.302827000000434,333.5237120001111
AR1_0.5_n2048,ci,Higuchi,16.0,2,1.331006850000449,340.73775360011496
AR1_0.5_n2048,ci,Higuchi,32.0,2,1.3804704000003767,353.40042240009643
AR1_0.5_n2048,point,AbsoluteMoment,,2,0.0005814500000269618,0.14885120000690222
AR1_0.5_n2048,point,DFA::balanced_scales,,2,0.012659699999858276,3.2408831999637187
AR1_0.5_n2048,point,DFA::long_scales,,2,0.010828399999809335,2.7720703999511898
AR1_0.5_n2048,point,DFA::short_scales,,2,0.022632100000009814,5.793817600002512
AR1_0.5_n2048,point,DMA::balanced_windows,,2,0.001017149999825051,0.26039039995521307
AR1_0.5_n2048,point,DMA::long_windows,,2,0.0014728999994986225,0.37706239987164736
AR1_0.5_n2048,point,DMA::short_windows,,2,0.0008713499992154539,0.2230655997991562
AR1_0.5_n2048,point,GHE,,2,0.0008485500002279878,0.21722880005836487
AR1_0.5_n2048,point,GPH::narrow_band,,2,0.00042159999975410756,0.10792959993705153
AR1_0.5_n2048,point,GPH::wider_band,,2,0.0004133000002184417,0.10580480005592108
AR1_0.5_n2048,point,Higuchi,,2,0.004475300000194693,1.1456768000498414
AR1_0.5_n2048,point,ModifiedLocalWhittle,,2,0.0008543500007363036,0.21871360018849373
AR1_0.5_n2048,point,RS,,2,0.017329099999187747,4.436249599792063
AR1_0.5_n2048,point,Variance,,2,0.0006142000002000714,0.15723520005121827
AR1_0.5_n2048,point,VarianceResidual,,2,0.01836789999924804,4.702182399807498
AR1_0.5_n2048,point,WaveletOLS::broad_band,,2,0.0005618499999400228,0.14383359998464584
AR1_0.5_n2048,point,WaveletOLS::conservative_band,,2,0.0006442000003517023,0.1649152000900358
AR1_0.5_n2048,point,WaveletOLS::upper_band,,2,0.001060650000908936,0.2715264002326876
AR1_0.5_n2048,point,WhittleMLE,,2,0.0010329000006095157,0.264422400156036
AR1_0.5_n512,ci,GHE,8.0,2,0.17128665000109322,43.849382400279865
AR1_0.5_n512,ci,GHE,16.0,2,0.18734814999970695,47.96112639992498
AR1_0.5_n512,ci,GHE,32.0,2,0.20891759999994974,53.482905599987134
AR1_0.5_n512,ci,GPH,8.0,2,0.0839458000000377,21.490124800009653
AR1_0.5_n512,ci,GPH,16.0,2,0.09725435000018479,24.897113600047305
AR1_0.5_n512,ci,GPH,32.0,2,0.11899535000065953,30.46280960016884
AR1_0.5_n512,ci,Higuchi,8.0,2,1.7686717000005956,452.7799552001525
AR1_0.5_n512,ci,Higuchi,16.0,2,1.8034776000004058,461.6902656001039
AR1_0.5_n512,ci,Higuchi,32.0,2,1.7218139500000689,440.78437120001763
AR1_0.5_n512,point,AbsoluteMoment,,2,0.0007427000000461703,0.1901312000118196
AR1_0.5_n512,point,DFA::balanced_scales,,2,0.00654839999970136,1.676390399923548
AR1_0.5_n512,point,DFA::long_scales,,2,0.005073100000117847,1.298713600030169
AR1_0.5_n512,point,DFA::short_scales,,2,0.007381200000963872,1.8895872002467513
AR1_0.5_n512,point,DMA::balanced_windows,,2,0.0008491999988109455,0.21739519969560206
AR1_0.5_n512,point,DMA::long_windows,,2,0.0009386000001541106,0.24028160003945231
AR1_0.5_n512,point,DMA::short_windows,,2,0.00047169999925245065,0.12075519980862737
AR1_0.5_n512,point,GHE,,2,0.0006961999997656676,0.1782271999400109
AR1_0.5_n512,point,GPH::narrow_band,,2,0.0008107000003292342,0.20753920008428395
AR1_0.5_n512,point,GPH::wider_band,,2,0.00037710000015067635,0.09653760003857315
AR1_0.5_n512,point,Higuchi,,2,0.004552049999801966,1.1653247999493033
AR1_0.5_n512,point,ModifiedLocalWhittle,,2,0.0010357000001022243,0.2651392000261694
AR1_0.5_n512,point,RS,,2,0.007473050000044168,1.913100800011307
AR1_0.5_n512,point,Variance,,2,0.00046705000022484455,0.1195648000575602
AR1_0.5_n512,point,VarianceResidual,,2,0.009512799999356503,2.4352767998352647
AR1_0.5_n512,point,WaveletOLS::broad_band,,2,0.0007620999995197053,0.19509759987704456
AR1_0.5_n512,point,WaveletOLS::conservative_band,,2,0.0007429000006595743,0.19018240016885102
AR1_0.5_n512,point,WaveletOLS::upper_band,,2,0.0005468500003189547,0.1399936000816524
AR1_0.5_n512,point,WhittleMLE,,2,0.0011893500004589441,0.3044736001174897
AR1_0.8_n1024,ci,GHE,8.0,2,0.17994335000003048,46.0654976000078
AR1_0.8_n1024,ci,GHE,16.0,2,0.1649902999997721,42.23751679994166
AR1_0.8_n1024,ci,GHE,32.0,2,0.14081185000122787,36.047833600314334
AR1_0.8_n1024,ci,GPH,8.0,2,0.12413149999974848,31.777663999935612
AR1_0.8_n1024,ci,GPH,16.0,2,0.11767710000003717,30.125337600009516
AR1_0.8_n1024,ci,GPH,32.0,2,0.13557459999992716,34.70709759998135
AR1_0.8_n1024,ci,Higuchi,8.0,2,1.1574432499992326,296.30547199980356
AR1_0.8_n1024,ci,Higuchi,16.0,2,1.2216199999993478,312.73471999983303
AR1_0.8_n1024,ci,Higuchi,32.0,2,1.3521403500008091,346.14792960020714
AR1_0.8_n1024,point,AbsoluteMoment,,2,0.000689299999976356,0.17646079999394715
AR1_0.8_n1024,point,DFA::balanced_scales,,2,0.009386300000187475,2.4028928000479937
AR1_0.8_n1024,point,DFA::long_scales,,2,0.008004249999430613,2.049087999854237
AR1_0.8_n1024,point,DFA::short_scales,,2,0.010133499999938067,2.594175999984145
AR1_0.8_n1024,point,DMA::balanced_windows,,2,0.0007073500000842614,0.18108160002157092
AR1_0.8_n1024,point,DMA::long_windows,,2,0.000834549999126466,0.2136447997763753
AR1_0.8_n1024,point,DMA::short_windows,,2,0.0006486000002041692,0.1660416000522673
AR1_0.8_n1024,point,GHE,,2,0.0007274999998116982,0.18623999995179474
AR1_0.8_n1024,point,GPH::narrow_band,,2,0.00044469999920693226,0.11384319979697466
AR1_0.8_n1024,point,GPH::wider_band,,2,0.0005196499996600323,0.13303039991296828
AR1_0.8_n1024,point,Higuchi,,2,0.003872850000334438,0.9914496000856161
AR1_0.8_n1024,point,ModifiedLocalWhittle,,2,0.0009167500002149609,0.23468800005503
AR1_0.8_n1024,point,RS,,2,0.007157150001148693,1.8322304002940655
AR1_0.8_n1024,point,Variance,,2,0.0006800500004828791,0.17409280012361705
AR1_0.8_n1024,point,VarianceResidual,,2,0.009314649999396352,2.384550399845466
AR1_0.8_n1024,point,WaveletOLS::broad_band,,2,0.000681599999552418,0.174489599885419
AR1_0.8_n1024,point,WaveletOLS::conservative_band,,2,0.0005149499993422069,0.13182719983160496
AR1_0.8_n1024,point,WaveletOLS::upper_band,,2,0.000618199999735225,0.1582591999322176
AR1_0.8_n1024,point,WhittleMLE,,2,0.000859350000609993,0.2199936001561582
AR1_0.8_n2048,ci,GHE,8.0,2,0.21247924999988754,54.39468799997121
AR1_0.8_n2048,ci,GHE,16.0,2,0.22937220000039815,58.71928320010193
AR1_0.8_n2048,ci,GHE,32.0,2,0.24146509999991395,61.81506559997797
AR1_0.8_n2048,ci,GPH,8.0,2,0.16715264999947976,42.79107839986682
AR1_0.8_n2048,ci,GPH,16.0,2,0.15234360000067682,38.999961600173265
AR1_0.8_n2048,ci,GPH,32.0,2,0.17391289999886794,44.52170239971019
AR1_0.8_n2048,ci,Higuchi,8.0,2,1.3071731,334.6363136
AR1_0.8_n2048,ci,Higuchi,16.0,2,1.3397023999996236,342.96381439990364
AR1_0.8_n2048,ci,Higuchi,32.0,2,1.3341309499992349,341.5375231998041
AR1_0.8_n2048,point,AbsoluteMoment,,2,0.0007231499994304613,0.1851263998541981
AR1_0.8_n2048,point,DFA::balanced_scales,,2,0.01768299999912415,4.526847999775782
AR1_0.8_n2048,point,DFA::long_scales,,2,0.00901279999925464,2.3072767998091877
AR1_0.8_n2048,point,DFA::short_scales,,2,0.027403349999076454,7.015257599763572
AR1_0.8_n2048,point,DMA::balanced_windows,,2,0.0011409999997340492,0.2920959999319166
AR1_0.8_n2048,point,DMA::long_windows,,2,0.0013162000004740548,0.33694720012135804
AR1_0.8_n2048,point,DMA::short_windows,,2,0.0012903500000902568,0.33032960002310574
AR1_0.8_n2048,point,GHE,,2,0.0007959999993545352,0.20377599983476102
AR1_0.8_n2048,point,GPH::narrow_band,,2,0.0005314999998518033,0.13606399996206164
AR1_0.8_n2048,point,GPH::wider_band,,2,0.0006120500001998153,0.1566848000511527
AR1_0.8_n2048,point,Higuchi,,2,0.0031987000002118293,0.8188672000542283
AR1_0.8_n2048,point,ModifiedLocalWhittle,,2,0.0008170999999492778,0.20917759998701513
AR1_0.8_n2048,point,RS,,2,0.017394599999533966,4.453017599880695
AR1_0.8_n2048,point,Variance,,2,0.0006069000010029413,0.15536640025675297
AR1_0.8_n2048,point,VarianceResidual,,2,0.020136400000410504,5.154918400105089
AR1_0.8_n2048,point,WaveletOLS::broad_band,,2,0.0007379999988188501,0.18892799969762564
AR1_0.8_n2048,point,WaveletOLS::conservative_band,,2,0.0006631500009461888,0.16976640024222434
AR1_0.8_n2048,point,WaveletOLS::upper_band,,2,0.0007485000005544862,0.19161600014194846
AR1_0.8_n2048,point,WhittleMLE,,2,0.0007587999998577288,0.19425279996357858
AR1_0.8_n512,ci,GHE,8.0,2,0.09614869999950315,24.614067199872807
AR1_0.8_n512,ci,GHE,16.0,2,0.1108222000011665,28.370483200298622
AR1_0.8_n512,ci,GHE,32.0,2,0.12249325000084355,31.358272000215948
AR1_0.8_n512,ci,GPH,8.0,2,0.05417664999913541,13.869222399778664
AR1_0.8_n512,ci,GPH,16.0,2,0.06350324999948498,16.256831999868155
AR1_0.8_n512,ci,GPH,32.0,2,0.07290579999971669,18.663884799927473
AR1_0.8_n512,ci,Higuchi,8.0,2,1.1484237000004214,293.9964672001079
AR1_0.8_n512,ci,Higuchi,16.0,2,1.1169645999998465,285.9429375999607
AR1_0.8_n512,ci,Higuchi,32.0,2,1.1746053500000926,300.6989696000237
AR1_0.8_n512,point,AbsoluteMoment,,2,0.0009426000005987589,0.24130560015328228
AR1_0.8_n512,point,DFA::balanced_scales,,2,0.0037583499997708714,0.9621375999413431
AR1_0.8_n512,point,DFA::long_scales,,2,0.0032046500000433298,0.8203904000110924
AR1_0.8_n512,point,DFA::short_scales,,2,0.007238350000079663,1.8530176000203937
AR1_0.8_n512,point,DMA::balanced_windows,,2,0.00063514999965264,0.16259839991107583
AR1_0.8_n512,point,DMA::long_windows,,2,0.000779250000960019,0.19948800024576485
AR1_0.8_n512,point,DMA::short_windows,,2,0.0005299500007822644,0.13566720020025969
AR1_0.8_n512,point,GHE,,2,0.0008268500005215174,0.21167360013350844
AR1_0.8_n512,point,GPH::narrow_band,,2,0.0005307999999786261,0.1358847999945283
AR1_0.8_n512,point,GPH::wider_band,,2,0.00038965000021562446,0.09975040005519986
AR1_0.8_n512,point,Higuchi,,2,0.003250750000916014,0.8321920002344996
AR1_0.8_n512,point,ModifiedLocalWhittle,,2,0.0009168500000669155,0.23471360001713037
AR1_0.8_n512,point,RS,,2,0.0037481999997908133,0.9595391999464482
AR1_0.8_n512,point,Variance,,2,0.000760900000386755,0.19479040009900928
AR1_0.8_n512,point,VarianceResidual,,2,0.005188449998968281,1.32824319973588
AR1_0.8_n512,point,WaveletOLS::broad_band,,2,0.0007342500002778252,0.18796800007112324
AR1_0.8_n512,point,WaveletOLS::conservative_band,,2,0.0007507499994972022,0.19219199987128377
AR1_0.8_n512,point,WaveletOLS::upper_band,,2,0.0005733999996664352,0.1467903999146074
AR1_0.8_n512,point,WhittleMLE,,2,0.0009383000005982467,0.24020480015315115
AR1_0.95_n1024,ci,GHE,8.0,2,0.15115575000072567,38.69587200018577
AR1_0.95_n1024,ci,GHE,16.0,2,0.14088449999962904,36.066431999905035
AR1_0.95_n1024,ci,GHE,32.0,2,0.16905860000042594,43.27900160010904
AR1_0.95_n1024,ci,GPH,8.0,2,0.0935837500010166,23.95744000026025
AR1_0.95_n1024,ci,GPH,16.0,2,0.10338899999987916,26.467583999969065
AR1_0.95_n1024,ci,GPH,32.0,2,0.1047975999999835,26.828185599995777
AR1_0.95_n1024,ci,Higuchi,8.0,2,1.18434040000011,303.1911424000282
AR1_0.95_n1024,ci,Higuchi,16.0,2,1.3163538000007975,336.98657280020416
AR1_0.95_n1024,ci,Higuchi,32.0,2,1.2740168000009362,326.14830080023967
AR1_0.95_n1024,point,AbsoluteMoment,,2,0.0005282000001898268,0.13521920004859567
AR1_0.95_n1024,point,DFA::balanced_scales,,2,0.006807549999393814,1.7427327998448163
AR1_0.95_n1024,point,DFA::long_scales,,2,0.00468789999922592,1.2001023998018354
AR1_0.95_n1024,point,DFA::short_scales,,2,0.014544149999892397,3.7233023999724537
AR1_0.95_n1024,point,DMA::balanced_windows,,2,0.0007733000002190238,0.1979648000560701
AR1_0.95_n1024,point,DMA::long_windows,,2,0.0007725999994363519,0.1977855998557061
AR1_0.95_n1024,point,DMA::short_windows,,2,0.0007259999993038946,0.185855999821797
AR1_0.95_n1024,point,GHE,,2,0.0007307500000024447,0.18707200000062585
AR1_0.95_n1024,point,GPH::narrow_band,,2,0.00045930000032967655,0.1175808000843972
AR1_0.95_n1024,point,GPH::wider_band,,2,0.0006326499988063006,0.16195839969441295
AR1_0.95_n1024,point,Higuchi,,2,0.004354050000074494,1.1146368000190705
AR1_0.95_n1024,point,ModifiedLocalWhittle,,2,0.001193750000311411,0.3056000000797212
AR1_0.95_n1024,point,RS,,2,0.008952700000008917,2.291891200002283
AR1_0.95_n1024,point,Variance,,2,0.000495049999699404,0.12673279992304742
AR1_0.95_n1024,point,VarianceResidual,,2,0.009908650000397756,2.5366144001018256
AR1_0.95_n1024,point,WaveletOLS::broad_band,,2,0.0007773499992254074,0.1990015998017043
AR1_0.95_n1024,point,WaveletOLS::conservative_band,,2,0.000725699998838536,0.1857791997026652
AR1_0.95_n1024,point,WaveletOLS::upper_band,,2,0.0006609000001844834,0.16919040004722774
AR1_0.95_n1024,point,WhittleMLE,,2,0.0011961000000155764,0.30620160000398755
AR1_0.95_n2048,ci,GHE,8.0,2,0.2063543499998559,52.826713599963114
AR1_0.95_n2048,ci,GHE,16.0,2,0.2265480000005482,57.99628800014034
AR1_0.95_n2048,ci,GHE,32.0,2,0.2432402499998716,62.26950399996713
AR1_0.95_n2048,ci,GPH,8.0,2,0.18053409999993164,46.2167295999825
AR1_0.95_n2048,ci,GPH,16.0,2,0.15691284999957134,40.16968959989026
AR1_0.95_n2048,ci,GPH,32.0,2,0.16047230000003765,41.08090880000964
AR1_0.95_n2048,ci,Higuchi,8.0,2,1.3525347999993755,346.24890879984014
AR1_0.95_n2048,ci,Higuchi,16.0,2,1.3312876499994672,340.8096383998636
AR1_0.95_n2048,ci,Higuchi,32.0,2,1.2806236999995235,327.839667199878
AR1_0.95_n2048,point,AbsoluteMoment,,2,0.0005797000003440189,0.14840320008806884
AR1_0.95_n2048,point,DFA::balanced_scales,,2,0.014548500000273634,3.7244160000700504
AR1_0.95_n2048,point,DFA::long_scales,,2,0.011651949999759381,2.9828991999384016
AR1_0.95_n2048,point,DFA::short_scales,,2,0.02091184999972029,5.353433599928394
AR1_0.95_n2048,point,DMA::balanced_windows,,2,0.0012327500007813796,0.3155840002000332
AR1_0.95_n2048,point,DMA::long_windows,,2,0.0012938500003656372,0.33122560009360313
AR1_0.95_n2048,point,DMA::short_windows,,2,0.0009183499996652245,0.23509759991429746
AR1_0.95_n2048,point,GHE,,2,0.0007754500002192799,0.19851520005613565
AR1_0.95_n2048,point,GPH::narrow_band,,2,0.0005072500007372582,0.1298560001887381
AR1_0.95_n2048,point,GPH::wider_band,,2,0.0004633999997167848,0.11863039992749691
AR1_0.95_n2048,point,Higuchi,,2,0.003255999999055348,0.833535999758169
AR1_0.95_n2048,point,ModifiedLocalWhittle,,2,0.0010996999999406398,0.2815231999848038
AR1_0.95_n2048,point,RS,,2,0.014808349999839265,3.790937599958852
AR1_0.95_n2048,point,Variance,,2,0.0008130999995046295,0.20815359987318516
AR1_0.95_n2048,point,VarianceResidual,,2,0.015753249999761465,4.032831999938935
AR1_0.95_n2048,point,WaveletOLS::broad_band,,2,0.0007500499996240251,0.19201279990375042
AR1_0.95_n2048,point,WaveletOLS::conservative_band,,2,0.0007008499997027684,0.1794175999239087
AR1_0.95_n2048,point,WaveletOLS::upper_band,,2,0.0006439499993575737,0.16485119983553886
AR1_0.95_n2048,point,WhittleMLE,,2,0.0010174999997616396,0.26047999993897974
AR1_0.95_n512,ci,GHE,8.0,2,0.10763734999909502,27.555161599768326
AR1_0.95_n512,ci,GHE,16.0,2,0.10419999999976426,26.67519999993965
AR1_0.95_n512,ci,GHE,32.0,2,0.12024225000004662,30.782016000011936
AR1_0.95_n512,ci,GPH,8.0,2,0.052390499999091844,13.411967999767512
AR1_0.95_n512,ci,GPH,16.0,2,0.055620149999413115,14.238758399849758
AR1_0.95_n512,ci,GPH,32.0,2,0.07301210000059655,18.691097600152716
AR1_0.95_n512,ci,Higuchi,8.0,2,1.1272755500003768,288.58254080009647
AR1_0.95_n512,ci,Higuchi,16.0,2,1.1464955999999802,293.5028735999949
AR1_0.95_n512,ci,Higuchi,32.0,2,1.1463154499997472,293.4567551999353
AR1_0.95_n512,point,AbsoluteMoment,,2,0.000629799999842362,0.16122879995964468
AR1_0.95_n512,point,DFA::balanced_scales,,2,0.003945899999962421,1.0101503999903798
AR1_0.95_n512,point,DFA::long_scales,,2,0.00452450000011595,1.1582720000296831
AR1_0.95_n512,point,DFA::short_scales,,2,0.0062294500012285425,1.5947392003145069
AR1_0.95_n512,point,DMA::balanced_windows,,2,0.000663699999677192,0.16990719991736114
AR1_0.95_n512,point,DMA::long_windows,,2,0.0007237999998324085,0.18529279995709658
AR1_0.95_n512,point,DMA::short_windows,,2,0.0007598499996674946,0.1945215999148786
AR1_0.95_n512,point,GHE,,2,0.0008331500011991011,0.21328640030696988
AR1_0.95_n512,point,GPH::narrow_band,,2,0.00045384999975794926,0.11618559993803501
AR1_0.95_n512,point,GPH::wider_band,,2,0.0003808999999819207,0.0975103999953717
AR1_0.95_n512,point,Higuchi,,2,0.002815950000695011,0.7208832001779228
AR1_0.95_n512,point,ModifiedLocalWhittle,,2,0.0010571500006335555,0.2706304001621902
AR1_0.95_n512,point,RS,,2,0.003222450000066601,0.8249472000170499
AR1_0.95_n512,point,Variance,,2,0.0005339499994079233,0.13669119984842837
AR1_0.95_n512,point,VarianceResidual,,2,0.006859699999949953,1.756083199987188
AR1_0.95_n512,point,WaveletOLS::broad_band,,2,0.0006870000006529153,0.17587200016714633
AR1_0.95_n512,point,WaveletOLS::conservative_band,,2,0.000653049999527866,0.1671807998791337
AR1_0.95_n512,point,WaveletOLS::upper_band,,2,0.00048304999927495373,0.12366079981438816
AR1_0.95_n512,point,WhittleMLE,,2,0.0009842999997999868,0.25198079994879663
ARFIMA_-0.3_n1024,ci,GHE,8.0,2,0.1543778500008557,39.520729600219056
ARFIMA_-0.3_n1024,ci,GHE,16.0,2,0.16744150000067748,42.865024000173435
ARFIMA_-0.3_n1024,ci,GHE,32.0,2,0.1879650999999285,48.119065599981695
ARFIMA_-0.3_n1024,ci,GPH,8.0,2,0.08921129999998811,22.838092799996957
ARFIMA_-0.3_n1024,ci,GPH,16.0,2,0.10557710000011866,27.027737600030378
ARFIMA_-0.3_n1024,ci,GPH,32.0,2,0.13158050000038202,33.684608000097796
ARFIMA_-0.3_n1024,ci,Higuchi,8.0,2,1.241582550000203,317.84513280005194
ARFIMA_-0.3_n1024,ci,Higuchi,16.0,2,1.2158865499995954,311.26695679989643
ARFIMA_-0.3_n1024,ci,Higuchi,32.0,2,1.280263399999967,327.7474303999916
ARFIMA_-0.3_n1024,point,AbsoluteMoment,,2,0.00047465000079682795,0.12151040020398796
ARFIMA_-0.3_n1024,point,DFA::balanced_scales,,2,0.007376250000561413,1.8883200001437217
ARFIMA_-0.3_n1024,point,DFA::long_scales,,2,0.005259099999420869,1.3463295998517424
ARFIMA_-0.3_n1024,point,DFA::short_scales,,2,0.014621199999965029,3.7430271999910474
ARFIMA_-0.3_n1024,point,DMA::balanced_windows,,2,0.0009654499999669497,0.24715519999153912
ARFIMA_-0.3_n1024,point,DMA::long_windows,,2,0.0009657000000515836,0.2472192000132054
ARFIMA_-0.3_n1024,point,DMA::short_windows,,2,0.0011632000005192822,0.29777920013293624
ARFIMA_-0.3_n1024,point,GHE,,2,0.0012175999991086428,0.31170559977181256
ARFIMA_-0.3_n1024,point,GPH::narrow_band,,2,0.0005067499996584957,0.1297279999125749
ARFIMA_-0.3_n1024,point,GPH::wider_band,,2,0.000535150000359863,0.13699840009212494
ARFIMA_-0.3_n1024,point,Higuchi,,2,0.00358925000000454,0.9188480000011623
ARFIMA_-0.3_n1024,point,ModifiedLocalWhittle,,2,0.0007223500006148242,0.184921600157395
ARFIMA_-0.3_n1024,point,RS,,2,0.007889499999691907,2.019711999921128
ARFIMA_-0.3_n1024,point,Variance,,2,0.000549450000107754,0.14065920002758503
ARFIMA_-0.3_n1024,point,VarianceResidual,,2,0.010151200000109384,2.5987072000280023
ARFIMA_-0.3_n1024,point,WaveletOLS::broad_band,,2,0.0006012500007273047,0.15392000018619
ARFIMA_-0.3_n1024,point,WaveletOLS::conservative_band,,2,0.000769649999710964,0.1970303999260068
ARFIMA_-0.3_n1024,point,WaveletOLS::upper_band,,2,0.0005918500000916538,0.15151360002346337
ARFIMA_-0.3_n1024,point,WhittleMLE,,2,0.0008665000004839385,0.22182400012388825
ARFIMA_-0.3_n2048,ci,GHE,8.0,2,0.20872305000102642,53.433100800262764
ARFIMA_-0.3_n2048,ci,GHE,16.0,2,0.22080189999996946,56.52528639999218
ARFIMA_-0.3_n2048,ci,GHE,32.0,2,0.23733249999986583,60.75711999996565
ARFIMA_-0.3_n2048,ci,GPH,8.0,2,0.17655459999969025,45.197977599920705
ARFIMA_-0.3_n2048,ci,GPH,16.0,2,0.1468984500006627,37.60600320016965
ARFIMA_-0.3_n2048,ci,GPH,32.0,2,0.16828999999961525,43.0822399999015
ARFIMA_-0.3_n2048,ci,Higuchi,8.0,2,1.2619399499999417,323.0566271999851
ARFIMA_-0.3_n2048,ci,Higuchi,16.0,2,1.259016949999932,322.3083391999826
ARFIMA_-0.3_n2048,ci,Higuchi,32.0,2,1.2708535500005382,325.3385088001378
ARFIMA_-0.3_n2048,point,AbsoluteMoment,,2,0.0006473999992522295,0.16573439980857074
ARFIMA_-0.3_n2048,point,DFA::balanced_scales,,2,0.01352029999907245,3.461196799762547
ARFIMA_-0.3_n2048,point,DFA::long_scales,,2,0.01124919999983831,2.8797951999586076
ARFIMA_-0.3_n2048,point,DFA::short_scales,,2,0.023380100000395032,5.985305600101128
ARFIMA_-0.3_n2048,point,DMA::balanced_windows,,2,0.001132500000494474,0.28992000012658536
ARFIMA_-0.3_n2048,point,DMA::long_windows,,2,0.0013235000005806796,0.338816000148654
ARFIMA_-0.3_n2048,point,DMA::short_windows,,2,0.0011642999998002779,0.29806079994887114
ARFIMA_-0.3_n2048,point,GHE,,2,0.0007657500000277651,0.19603200000710785
ARFIMA_-0.3_n2048,point,GPH::narrow_band,,2,0.0004209500002616551,0.1077632000669837
ARFIMA_-0.3_n2048,point,GPH::wider_band,,2,0.0003934999995180988,0.10073599987663329
ARFIMA_-0.3_n2048,point,Higuchi,,2,0.003689250000206812,0.9444480000529438
ARFIMA_-0.3_n2048,point,ModifiedLocalWhittle,,2,0.0006555500003742054,0.16782080009579659
ARFIMA_-0.3_n2048,point,RS,,2,0.019842600000629318,5.079705600161105
ARFIMA_-0.3_n2048,point,Variance,,2,0.0004404500004966394,0.11275520012713969
ARFIMA_-0.3_n2048,point,VarianceResidual,,2,0.022743800000171177,5.822412800043821
ARFIMA_-0.3_n2048,point,WaveletOLS::broad_band,,2,0.0006234999991647783,0.15961599978618324
ARFIMA_-0.3_n2048,point,WaveletOLS::conservative_band,,2,0.0007847000006222515,0.2008832001592964
ARFIMA_-0.3_n2048,point,WaveletOLS::upper_band,,2,0.0007146499992813915,0.18295039981603622
ARFIMA_-0.3_n2048,point,WhittleMLE,,2,0.0005653999996866332,0.1447423999197781
ARFIMA_-0.3_n512,ci,GHE,8.0,2,0.11125559999891266,28.48143359972164
ARFIMA_-0.3_n512,ci,GHE,16.0,2,0.12046244999964983,30.838387199910358
ARFIMA_-0.3_n512,ci,GHE,32.0,2,0.13536275000024034,34.65286400006153
ARFIMA_-0.3_n512,ci,GPH,8.0,2,0.051305250000950764,13.134144000243396
ARFIMA_-0.3_n512,ci,GPH,16.0,2,0.06255384999985836,16.01378559996374
ARFIMA_-0.3_n512,ci,GPH,32.0,2,0.07391800000004878,18.923008000012487
ARFIMA_-0.3_n512,ci,Higuchi,8.0,2,1.2954301499994472,331.6301183998585
ARFIMA_-0.3_n512,ci,Higuchi,16.0,2,1.2025378999996974,307.84970239992253
ARFIMA_-0.3_n512,ci,Higuchi,32.0,2,1.205738399999973,308.66903039999306
ARFIMA_-0.3_n512,point,AbsoluteMoment,,2,0.0006771500002287212,0.17335040005855262
ARFIMA_-0.3_n512,point,DFA::balanced_scales,,2,0.004620650000106252,1.1828864000272006
ARFIMA_-0.3_n512,point,DFA::long_scales,,2,0.003907699999217584,1.0003711997997016
ARFIMA_-0.3_n512,point,DFA::short_scales,,2,0.006972800000767165,1.7850368001963943
ARFIMA_-0.3_n512,point,DMA::balanced_windows,,2,0.0006811499997638748,0.17437439993955195
ARFIMA_-0.3_n512,point,DMA::long_windows,,2,0.0007423500001095817,0.19004160002805293
ARFIMA_-0.3_n512,point,DMA::short_windows,,2,0.0006980000007388298,0.17868800018914044
ARFIMA_-0.3_n512,point,GHE,,2,0.0007263000006787479,0.18593280017375946
ARFIMA_-0.3_n512,point,GPH::narrow_band,,2,0.0004798500003744266,0.12284160009585321
ARFIMA_-0.3_n512,point,GPH::wider_band,,2,0.0005872500005352776,0.15033600013703108
ARFIMA_-0.3_n512,point,Higuchi,,2,0.004204100000606559,1.076249600155279
ARFIMA_-0.3_n512,point,ModifiedLocalWhittle,,2,0.0007527999996455037,0.19271679990924895
ARFIMA_-0.3_n512,point,RS,,2,0.003282249999756459,0.8402559999376535
ARFIMA_-0.3_n512,point,Variance,,2,0.0005588000003626803,0.14305280009284616
ARFIMA_-0.3_n512,point,VarianceResidual,,2,0.0068191999998816755,1.745715199969709
ARFIMA_-0.3_n512,point,WaveletOLS::broad_band,,2,0.0007117000004654983,0.18219520011916757
ARFIMA_-0.3_n512,point,WaveletOLS::conservative_band,,2,0.0006148999991637538,0.15741439978592098
ARFIMA_-0.3_n512,point,WaveletOLS::upper_band,,2,0.0005479000001287204,0.14026240003295243
ARFIMA_-0.3_n512,point,WhittleMLE,,2,0.0005465000012918608,0.13990400033071637
ARFIMA_0.3_n1024,ci,GHE,8.0,2,0.14140970000062225,36.200883200159296
ARFIMA_0.3_n1024,ci,GHE,16.0,2,0.16232155000034254,41.55431680008769
ARFIMA_0.3_n1024,ci,GHE,32.0,2,0.16437764999955107,42.08067839988507
ARFIMA_0.3_n1024,ci,GPH,8.0,2,0.10671885000010661,27.320025600027293
ARFIMA_0.3_n1024,ci,GPH,16.0,2,0.12181989999953657,31.185894399881363
ARFIMA_0.3_n1024,ci,GPH,32.0,2,0.1237753999994311,31.686502399854362
ARFIMA_0.3_n1024,ci,Higuchi,8.0,2,1.6045167999991463,410.75630079978146
ARFIMA_0.3_n1024,ci,Higuchi,16.0,2,2.5662910499995633,656.9705087998882
ARFIMA_0.3_n1024,ci,Higuchi,32.0,2,1.6493018499995742,422.221273599891
ARFIMA_0.3_n1024,point,AbsoluteMoment,,2,0.0006164999995235121,0.1578239998780191
ARFIMA_0.3_n1024,point,DFA::balanced_scales,,2,0.009401100000104634,2.4066816000267863
ARFIMA_0.3_n1024,point,DFA::long_scales,,2,0.006228949999240285,1.594611199805513
ARFIMA_0.3_n1024,point,DFA::short_scales,,2,0.012999049999962153,3.3277567999903113
ARFIMA_0.3_n1024,point,DMA::balanced_windows,,2,0.0010932000004686415,0.27985920011997223
ARFIMA_0.3_n1024,point,DMA::long_windows,,2,0.0009245500004908536,0.2366848001256585
ARFIMA_0.3_n1024,point,DMA::short_windows,,2,0.0007652499998584972,0.19590399996377528
ARFIMA_0.3_n1024,point,GHE,,2,0.0006402999988495139,0.16391679970547557
ARFIMA_0.3_n1024,point,GPH::narrow_band,,2,0.00039260000085050706,0.1005056002177298
ARFIMA_0.3_n1024,point,GPH::wider_band,,2,0.0002919999997175182,0.07475199992768466
ARFIMA_0.3_n1024,point,Higuchi,,2,0.004956799999490613,1.268940799869597
ARFIMA_0.3_n1024,point,ModifiedLocalWhittle,,2,0.0008600000001024455,0.22016000002622604
ARFIMA_0.3_n1024,point,RS,,2,0.006705349999720056,1.7165695999283344
ARFIMA_0.3_n1024,point,Variance,,2,0.0006362499989336357,0.16287999972701073
ARFIMA_0.3_n1024,point,VarianceResidual,,2,0.008240400000431691,2.109542400110513
ARFIMA_0.3_n1024,point,WaveletOLS::broad_band,,2,0.0005682000009983312,0.1454592002555728
ARFIMA_0.3_n1024,point,WaveletOLS::conservative_band,,2,0.0006514000006063725,0.16675840015523136
ARFIMA_0.3_n1024,point,WaveletOLS::upper_band,,2,0.0007100499997250154,0.18177279992960393
ARFIMA_0.3_n1024,point,WhittleMLE,,2,0.0011416500001359964,0.2922624000348151
ARFIMA_0.3_n2048,ci,GHE,8.0,2,0.3462957500005359,88.6517120001372
ARFIMA_0.3_n2048,ci,GHE,16.0,2,0.3562617500001579,91.20300800004043
ARFIMA_0.3_n2048,ci,GHE,32.0,2,0.38470574999973906,98.4846719999332
ARFIMA_0.3_n2048,ci,GPH,8.0,2,0.23848145000010845,61.051251200027764
ARFIMA_0.3_n2048,ci,GPH,16.0,2,0.24410319999969943,62.49041919992305
ARFIMA_0.3_n2048,ci,GPH,32.0,2,0.2689389000006486,68.84835840016603
ARFIMA_0.3_n2048,ci,Higuchi,8.0,2,1.8035102499998175,461.69862399995327
ARFIMA_0.3_n2048,ci,Higuchi,16.0,2,1.845237300000008,472.38074880000204
ARFIMA_0.3_n2048,ci,Higuchi,32.0,2,1.9387605499996425,496.3227007999085
ARFIMA_0.3_n2048,point,AbsoluteMoment,,2,0.000990099999398808,0.25346559984609485
ARFIMA_0.3_n2048,point,DFA::balanced_scales,,2,0.019480649999422894,4.987046399852261
ARFIMA_0.3_n2048,point,DFA::long_scales,,2,0.015642749999642547,4.004543999908492
ARFIMA_0.3_n2048,point,DFA::short_scales,,2,0.030920000001060544,7.915520000271499
ARFIMA_0.3_n2048,point,DMA::balanced_windows,,2,0.0012359499996819068,0.31640319991856813
ARFIMA_0.3_n2048,point,DMA::long_windows,,2,0.0015186000009634881,0.38876160024665296
ARFIMA_0.3_n2048,point,DMA::short_windows,,2,0.001152449999608507,0.29502719989977777
ARFIMA_0.3_n2048,point,GHE,,2,0.0010364500003561261,0.2653312000911683
ARFIMA_0.3_n2048,point,GPH::narrow_band,,2,0.00048770000012154924,0.1248512000311166
ARFIMA_0.3_n2048,point,GPH::wider_band,,2,0.00048364999929617625,0.12381439981982112
ARFIMA_0.3_n2048,point,Higuchi,,2,0.004874750000453787,1.2479360001161695
ARFIMA_0.3_n2048,point,ModifiedLocalWhittle,,2,0.0008621000006314716,0.22069760016165674
ARFIMA_0.3_n2048,point,RS,,2,0.02469199999995908,6.3211519999895245
ARFIMA_0.3_n2048,point,Variance,,2,0.0006815500009906827,0.17447680025361478
ARFIMA_0.3_n2048,point,VarianceResidual,,2,0.025822349999543803,6.610521599883214
ARFIMA_0.3_n2048,point,WaveletOLS::broad_band,,2,0.0006833500001448556,0.17493760003708303
ARFIMA_0.3_n2048,point,WaveletOLS::conservative_band,,2,0.000925199999983306,0.23685119999572635
ARFIMA_0.3_n2048,point,WaveletOLS::upper_band,,2,0.0007316999999602558,0.1873151999898255
ARFIMA_0.3_n2048,point,WhittleMLE,,2,0.0010051999997813255,0.2573311999440193
ARFIMA_0.3_n512,ci,GHE,8.0,2,0.12356604999968113,31.63290879991837
ARFIMA_0.3_n512,ci,GHE,16.0,2,0.1272827500006315,32.58438400016166
ARFIMA_0.3_n512,ci,GHE,32.0,2,0.14156184999956167,36.23983359988779
ARFIMA_0.3_n512,ci,GPH,8.0,2,0.07287684999937483,18.656473599839956
ARFIMA_0.3_n512,ci,GPH,16.0,2,0.07317965000038384,18.733990400098264
ARFIMA_0.3_n512,ci,GPH,32.0,2,0.08403120000002673,21.511987200006843
ARFIMA_0.3_n512,ci,Higuchi,8.0,2,1.2555153000002974,321.41191680007614
ARFIMA_0.3_n512,ci,Higuchi,16.0,2,1.142315150000286,292.4326784000732
ARFIMA_0.3_n512,ci,Higuchi,32.0,2,1.3901776999991853,355.88549119979143
ARFIMA_0.3_n512,point,AbsoluteMoment,,2,0.0007054499992591445,0.180595199810341
ARFIMA_0.3_n512,point,DFA::balanced_scales,,2,0.0048896500002229,1.2517504000570625
ARFIMA_0.3_n512,point,DFA::long_scales,,2,0.004054449998875498,1.0379391997121274
ARFIMA_0.3_n512,point,DFA::short_scales,,2,0.006731799999215582,1.723340799799189
ARFIMA_0.3_n512,point,DMA::balanced_windows,,2,0.0007859500001359265,0.2012032000347972
ARFIMA_0.3_n512,point,DMA::long_windows,,2,0.0007485500000257161,0.19162880000658333
ARFIMA_0.3_n512,point,DMA::short_windows,,2,0.000847549999889452,0.21697279997169971
ARFIMA_0.3_n512,point,GHE,,2,0.0007884500000727712,0.20184320001862943
ARFIMA_0.3_n512,point,GPH::narrow_band,,2,0.0005629500001305132,0.14411520003341138
ARFIMA_0.3_n512,point,GPH::wider_band,,2,0.00047959999938029796,0.12277759984135628
ARFIMA_0.3_n512,point,Higuchi,,2,0.004006300000582996,1.025612800149247
ARFIMA_0.3_n512,point,ModifiedLocalWhittle,,2,0.0007614000005560229,0.19491840014234185
ARFIMA_0.3_n512,point,RS,,2,0.00443970000014815,1.1365632000379264
ARFIMA_0.3_n512,point,Variance,,2,0.0006502500009446521,0.16646400024183095
ARFIMA_0.3_n512,point,VarianceResidual,,2,0.007143400000131805,1.8287104000337422
ARFIMA_0.3_n512,point,WaveletOLS::broad_band,,2,0.000944800000070245,0.24186880001798272
ARFIMA_0.3_n512,point,WaveletOLS::conservative_band,,2,0.00070525000046473,0.18054400011897087
ARFIMA_0.3_n512,point,WaveletOLS::upper_band,,2,0.0006562999997186125,0.1680127999279648
ARFIMA_0.3_n512,point,WhittleMLE,,2,0.0007588500002384535,0.1942656000610441
ARFIMA_0_n1024,ci,GHE,8.0,2,0.1574394499994014,40.30449919984676
ARFIMA_0_n1024,ci,GHE,16.0,2,0.1584661499991853,40.567334399791434
ARFIMA_0_n1024,ci,GHE,32.0,2,0.1665032999999312,42.624844799982384
ARFIMA_0_n1024,ci,GPH,8.0,2,0.08878585000093153,22.729177600238472
ARFIMA_0_n1024,ci,GPH,16.0,2,0.10244409999995696,26.225689599988982
ARFIMA_0_n1024,ci,GPH,32.0,2,0.10689924999951472,27.36620799987577
ARFIMA_0_n1024,ci,Higuchi,8.0,2,1.191025900000568,304.9026304001454
ARFIMA_0_n1024,ci,Higuchi,16.0,2,1.2788393500004531,327.382873600116
ARFIMA_0_n1024,ci,Higuchi,32.0,2,1.314439499999935,336.49651199998334
ARFIMA_0_n1024,point,AbsoluteMoment,,2,0.0006381499997587525,0.16336639993824065
ARFIMA_0_n1024,point,DFA::balanced_scales,,2,0.008499100000335602,2.175769600085914
ARFIMA_0_n1024,point,DFA::long_scales,,2,0.008312699998896278,2.128051199717447
ARFIMA_0_n1024,point,DFA::short_scales,,2,0.011327650000566791,2.8998784001450986
ARFIMA_0_n1024,point,DMA::balanced_windows,,2,0.0006896499999129446,0.17655039997771382
ARFIMA_0_n1024,point,DMA::long_windows,,2,0.0008539999998902204,0.2186239999718964
ARFIMA_0_n1024,point,DMA::short_windows,,2,0.0009455000008529169,0.24204800021834671
ARFIMA_0_n1024,point,GHE,,2,0.0008930500007409137,0.2286208001896739
ARFIMA_0_n1024,point,GPH::narrow_band,,2,0.0006400500005838694,0.16385280014947057
ARFIMA_0_n1024,point,GPH::wider_band,,2,0.0006604499994864454,0.16907519986853004
ARFIMA_0_n1024,point,Higuchi,,2,0.003575549999368377,0.9153407998383045
ARFIMA_0_n1024,point,ModifiedLocalWhittle,,2,0.0007959999993545352,0.20377599983476102
ARFIMA_0_n1024,point,RS,,2,0.007162650000282156,1.8336384000722319
ARFIMA_0_n1024,point,Variance,,2,0.0005253500003163936,0.13448960008099675
ARFIMA_0_n1024,point,VarianceResidual,,2,0.01092144999984157,2.795891199959442
ARFIMA_0_n1024,point,WaveletOLS::broad_band,,2,0.0007711500002187677,0.19741440005600452
ARFIMA_0_n1024,point,WaveletOLS::conservative_band,,2,0.0005500500001289765,0.140812800033018
ARFIMA_0_n1024,point,WaveletOLS::upper_band,,2,0.000902150000911206,0.23095040023326874
ARFIMA_0_n1024,point,WhittleMLE,,2,0.0008987999999590102,0.2300927999895066
ARFIMA_0_n2048,ci,GHE,8.0,2,0.23745915000017703,60.78954240004532
ARFIMA_0_n2048,ci,GHE,16.0,2,0.24369694999950298,62.38641919987276
ARFIMA_0_n2048,ci,GHE,32.0,2,0.25948890000017855,66.42915840004571
ARFIMA_0_n2048,ci,GPH,8.0,2,0.1606187500001397,41.11840000003576
ARFIMA_0_n2048,ci,GPH,16.0,2,0.16944210000019666,43.377177600050345
ARFIMA_0_n2048,ci,GPH,32.0,2,0.1582339000005959,40.50787840015255
ARFIMA_0_n2048,ci,Higuchi,8.0,2,1.306341649999922,334.42346239998005
ARFIMA_0_n2048,ci,Higuchi,16.0,2,1.4019428499996138,358.89736959990114
ARFIMA_0_n2048,ci,Higuchi,32.0,2,1.3376903999997012,342.4487423999235
ARFIMA_0_n2048,point,AbsoluteMoment,,2,0.0007890000006227638,0.20198400015942752
ARFIMA_0_n2048,point,DFA::balanced_scales,,2,0.017107400000895723,4.379494400229305
ARFIMA_0_n2048,point,DFA::long_scales,,2,0.013230099999418599,3.3869055998511612
ARFIMA_0_n2048,point,DFA::short_scales,,2,0.023264450000169745,5.955699200043455
ARFIMA_0_n2048,point,DMA::balanced_windows,,2,0.0012485999995988095,0.31964159989729524
ARFIMA_0_n2048,point,DMA::long_windows,,2,0.0007922499999040156,0.20281599997542799
ARFIMA_0_n2048,point,DMA::short_windows,,2,0.0006275999994613812,0.1606655998621136
ARFIMA_0_n2048,point,GHE,,2,0.0007625000007465133,0.1952000001911074
ARFIMA_0_n2048,point,GPH::narrow_band,,2,0.0005342999993445119,0.13678079983219504
ARFIMA_0_n2048,point,GPH::wider_band,,2,0.0004244499996275408,0.10865919990465045
ARFIMA_0_n2048,point,Higuchi,,2,0.00446870000087074,1.1439872002229095
ARFIMA_0_n2048,point,ModifiedLocalWhittle,,2,0.0005580500001087785,0.1428608000278473
ARFIMA_0_n2048,point,RS,,2,0.012473950000639888,3.1933312001638114
ARFIMA_0_n2048,point,Variance,,2,0.0008939499994085054,0.22885119984857738
ARFIMA_0_n2048,point,VarianceResidual,,2,0.01780279999911727,4.557516799774021
ARFIMA_0_n2048,point,WaveletOLS::broad_band,,2,0.0006260000000111177,0.16025600000284612
ARFIMA_0_n2048,point,WaveletOLS::conservative_band,,2,0.000759249999646272,0.19436799990944564
ARFIMA_0_n2048,point,WaveletOLS::upper_band,,2,0.0006444000000556116,0.16496640001423657
ARFIMA_0_n2048,point,WhittleMLE,,2,0.0009387999998580199,0.2403327999636531
ARFIMA_0_n512,ci,GHE,8.0,2,0.10486785000011878,26.846169600030407
ARFIMA_0_n512,ci,GHE,16.0,2,0.10272335000081512,26.29717760020867
ARFIMA_0_n512,ci,GHE,32.0,2,0.13091125000028114,33.51328000007197
ARFIMA_0_n512,ci,GPH,8.0,2,0.04434109999965585,11.351321599911898
ARFIMA_0_n512,ci,GPH,16.0,2,0.06313634999969508,16.16290559992194
ARFIMA_0_n512,ci,GPH,32.0,2,0.06378419999964535,16.32875519990921
ARFIMA_0_n512,ci,Higuchi,8.0,2,1.200200299998869,307.25127679971047
ARFIMA_0_n512,ci,Higuchi,16.0,2,1.3949635500002842,357.11066880007274
ARFIMA_0_n512,ci,Higuchi,32.0,2,1.3409638000002815,343.28673280007206
ARFIMA_0_n512,point,AbsoluteMoment,,2,0.0005009499991501798,0.12824319978244603
ARFIMA_0_n512,point,DFA::balanced_scales,,2,0.004587999999785097,1.174527999944985
ARFIMA_0_n512,point,DFA::long_scales,,2,0.004036949999317585,1.0334591998253018
ARFIMA_0_n512,point,DFA::short_scales,,2,0.006005350001032639,1.5373696002643555
ARFIMA_0_n512,point,DMA::balanced_windows,,2,0.0007282500000656,0.1864320000167936
ARFIMA_0_n512,point,DMA::long_windows,,2,0.001038650000737107,0.26589440018869936
ARFIMA_0_n512,point,DMA::short_windows,,2,0.0007117999994079582,0.1822207998484373
ARFIMA_0_n512,point,GHE,,2,0.0010592999988148222,0.2711807996965945
ARFIMA_0_n512,point,GPH::narrow_band,,2,0.0004748499995912425,0.12156159989535809
ARFIMA_0_n512,point,GPH::wider_band,,2,0.00031724999917059904,0.08121599978767335
ARFIMA_0_n512,point,Higuchi,,2,0.002900150000641588,0.7424384001642466
ARFIMA_0_n512,point,ModifiedLocalWhittle,,2,0.0007175499995355494,0.18369279988110065
ARFIMA_0_n512,point,RS,,2,0.003845000000183063,0.9843200000468642
ARFIMA_0_n512,point,Variance,,2,0.0005195499998080777,0.1330047999508679
ARFIMA_0_n512,point,VarianceResidual,,2,0.006310600000688282,1.6155136001762003
ARFIMA_0_n512,point,WaveletOLS::broad_band,,2,0.0007605000009789364,0.19468800025060773
ARFIMA_0_n512,point,WaveletOLS::conservative_band,,2,0.0007268500012287404,0.18607360031455755
ARFIMA_0_n512,point,WaveletOLS::upper_band,,2,0.0005166500004634145,0.1322624001186341
ARFIMA_0_n512,point,WhittleMLE,,2,0.0006923499995536986,0.17724159988574684
fGn_0.2_n1024,ci,GHE,8.0,2,0.171535949999452,43.91320319985971
fGn_0.2_n1024,ci,GHE,16.0,2,0.16616704999978538,42.538764799945056
fGn_0.2_n1024,ci,GHE,32.0,2,0.18110350000006292,46.36249600001611
fGn_0.2_n1024,ci,GPH,8.0,2,0.1028335999999399,26.325401599984616
fGn_0.2_n1024,ci,GPH,16.0,2,0.09620910000012373,24.629529600031674
fGn_0.2_n1024,ci,GPH,32.0,2,0.1250646999997116,32.01656319992617
fGn_0.2_n1024,ci,Higuchi,8.0,2,1.3957427000004827,357.3101312001236
fGn_0.2_n1024,ci,Higuchi,16.0,2,1.4735103499997422,377.218649599934
fGn_0.2_n1024,ci,Higuchi,32.0,2,1.3006398500001524,332.963801600039
fGn_0.2_n1024,point,AbsoluteMoment,,2,0.0005735500008086092,0.14682880020700395
fGn_0.2_n1024,point,DFA::balanced_scales,,2,0.01075345000026573,2.752883200068027
fGn_0.2_n1024,point,DFA::long_scales,,2,0.006632300000092073,1.6978688000235707
fGn_0.2_n1024,point,DFA::short_scales,,2,0.012756249999256397,3.2655999998096377
fGn_0.2_n1024,point,DMA::balanced_windows,,2,0.0007970500000737957,0.2040448000188917
fGn_0.2_n1024,point,DMA::long_windows,,2,0.0010131500002898974,0.25936640007421374
fGn_0.2_n1024,point,DMA::short_windows,,2,0.0007726499998170766,0.1977983999531716
fGn_0.2_n1024,point,GHE,,2,0.0010688000002119225,0.27361280005425215
fGn_0.2_n1024,point,GPH::narrow_band,,2,0.0003399500001250999,0.08702720003202558
fGn_0.2_n1024,point,GPH::wider_band,,2,0.0004948999994667247,0.12669439986348152
fGn_0.2_n1024,point,Higuchi,,2,0.004430949999004952,1.1343231997452676
fGn_0.2_n1024,point,ModifiedLocalWhittle,,2,0.0009105500002988265,0.23310080007649958
fGn_0.2_n1024,point,RS,,2,0.010917700001300545,2.7949312003329396
fGn_0.2_n1024,point,Variance,,2,0.0005088500001875218,0.13026560004800558
fGn_0.2_n1024,point,VarianceResidual,,2,0.011563699999896926,2.960307199973613
fGn_0.2_n1024,point,WaveletOLS::broad_band,,2,0.0005777000005764421,0.14789120014756918
fGn_0.2_n1024,point,WaveletOLS::conservative_band,,2,0.0006211499994606129,0.1590143998619169
fGn_0.2_n1024,point,WaveletOLS::upper_band,,2,0.0004890000000159489,0.12518400000408292
fGn_0.2_n1024,point,WhittleMLE,,2,0.0009548000007271185,0.24442880018614233
fGn_0.2_n2048,ci,GHE,8.0,2,0.2366017499998634,60.57004799996503
fGn_0.2_n2048,ci,GHE,16.0,2,0.2514127499998722,64.36166399996728
fGn_0.2_n2048,ci,GHE,32.0,2,0.2533475499994893,64.85697279986925
fGn_0.2_n2048,ci,GPH,8.0,2,0.17914605000078154,45.861388800200075
fGn_0.2_n2048,ci,GPH,16.0,2,0.1580542499996227,40.46188799990341
fGn_0.2_n2048,ci,GPH,32.0,2,0.17985255000075995,46.04225280019455
fGn_0.2_n2048,ci,Higuchi,8.0,2,1.5020798500008823,384.53244160022587
fGn_0.2_n2048,ci,Higuchi,16.0,2,1.506925499999852,385.7729279999621
fGn_0.2_n2048,ci,Higuchi,32.0,2,1.5103749500003687,386.6559872000944
fGn_0.2_n2048,point,AbsoluteMoment,,2,0.000512150000758993,0.1311104001943022
fGn_0.2_n2048,point,DFA::balanced_scales,,2,0.020223699999405653,5.177267199847847
fGn_0.2_n2048,point,DFA::long_scales,,2,0.01291745000071387,3.306867200182751
fGn_0.2_n2048,point,DFA::short_scales,,2,0.02740390000053594,7.015398400137201
fGn_0.2_n2048,point,DMA::balanced_windows,,2,0.0011476499994387268,0.29379839985631406
fGn_0.2_n2048,point,DMA::long_windows,,2,0.0013841499994668993,0.3543423998635262
fGn_0.2_n2048,point,DMA::short_windows,,2,0.0013166499993531033,0.33706239983439445
fGn_0.2_n2048,point,GHE,,2,0.0008089000002655666,0.20707840006798506
fGn_0.2_n2048,point,GPH::narrow_band,,2,0.0005087999998067971,0.13025279995054007
fGn_0.2_n2048,point,GPH::wider_band,,2,0.000483449999592267,0.12376319989562035
fGn_0.2_n2048,point,Higuchi,,2,0.004385700000057113,1.122739200014621
fGn_0.2_n2048,point,ModifiedLocalWhittle,,2,0.0007912999990367098,0.2025727997533977
fGn_0.2_n2048,point,RS,,2,0.019592300000113028,5.015628800028935
fGn_0.2_n2048,point,Variance,,2,0.000592250000408967,0.15161600010469556
fGn_0.2_n2048,point,VarianceResidual,,2,0.02046734999930777,5.239641599822789
fGn_0.2_n2048,point,WaveletOLS::broad_band,,2,0.0006962500001463923,0.17824000003747642
fGn_0.2_n2048,point,WaveletOLS::conservative_band,,2,0.0005629500010400079,0.14411520026624203
fGn_0.2_n2048,point,WaveletOLS::upper_band,,2,0.000760749999244581,0.19475199980661273
fGn_0.2_n2048,point,WhittleMLE,,2,0.0007787499998812564,0.19935999996960163
fGn_0.2_n512,ci,GHE,8.0,2,0.14968575000057172,38.31955200014636
fGn_0.2_n512,ci,GHE,16.0,2,0.16148080000039045,41.339084800099954
fGn_0.2_n512,ci,GHE,32.0,2,0.14926175000073272,38.211008000187576
fGn_0.2_n512,ci,GPH,8.0,2,0.0652043500003856,16.692313600098714
fGn_0.2_n512,ci,GPH,16.0,2,0.07177764999960345,18.375078399898484
fGn_0.2_n512,ci,GPH,32.0,2,0.09291404999930819,23.785996799822897
fGn_0.2_n512,ci,Higuchi,8.0,2,1.0966572500001348,280.7442560000345
fGn_0.2_n512,ci,Higuchi,16.0,2,1.133331250000083,290.13280000002123
fGn_0.2_n512,ci,Higuchi,32.0,2,1.283780100000513,328.6477056001313
fGn_0.2_n512,point,AbsoluteMoment,,2,0.00045339999996940605,0.11607039999216795
fGn_0.2_n512,point,DFA::balanced_scales,,2,0.0049218000003747875,1.2599808000959456
fGn_0.2_n512,point,DFA::long_scales,,2,0.004459000000679225,1.1415040001738816
fGn_0.2_n512,point,DFA::short_scales,,2,0.007435599999553233,1.9035135998856276
fGn_0.2_n512,point,DMA::balanced_windows,,2,0.0008203500001400243,0.21000960003584623
fGn_0.2_n512,point,DMA::long_windows,,2,0.0007685000000492437,0.19673600001260638
fGn_0.2_n512,point,DMA::short_windows,,2,0.0006691500002489192,0.17130240006372333
fGn_0.2_n512,point,GHE,,2,0.0006431499996324419,0.16464639990590513
fGn_0.2_n512,point,GPH::narrow_band,,2,0.00044454999988374766,0.1138047999702394
fGn_0.2_n512,point,GPH::wider_band,,2,0.0004363999996712664,0.1117183999158442
fGn_0.2_n512,point,Higuchi,,2,0.002770500000224274,0.7092480000574142
fGn_0.2_n512,point,ModifiedLocalWhittle,,2,0.0007549500005552545,0.19326720014214516
fGn_0.2_n512,point,RS,,2,0.004658600000766455,1.1926016001962125
fGn_0.2_n512,point,Variance,,2,0.0006647000000157277,0.1701632000040263
fGn_0.2_n512,point,VarianceResidual,,2,0.006061799999770301,1.551820799941197
fGn_0.2_n512,point,WaveletOLS::broad_band,,2,0.0007134000006772112,0.18263040017336607
fGn_0.2_n512,point,WaveletOLS::conservative_band,,2,0.0006627499997193809,0.1696639999281615
fGn_0.2_n512,point,WaveletOLS::upper_band,,2,0.0007388000003629713,0.18913280009292066
fGn_0.2_n512,point,WhittleMLE,,2,0.0012979499997527455,0.33227519993670285
fGn_0.35_n1024,ci,GHE,8.0,2,0.1809384999996837,46.32025599991903
fGn_0.35_n1024,ci,GHE,16.0,2,0.18077175000053103,46.27756800013594
fGn_0.35_n1024,ci,GHE,32.0,2,0.2060508499998832,52.7490175999701
fGn_0.35_n1024,ci,GPH,8.0,2,0.11290304999874934,28.90318079967983
fGn_0.35_n1024,ci,GPH,16.0,2,0.11500960000012128,29.442457600031048
fGn_0.35_n1024,ci,GPH,32.0,2,0.13043460000062623,33.391257600160316
fGn_0.35_n1024,ci,Higuchi,8.0,2,1.5559108500001457,398.3131776000373
fGn_0.35_n1024,ci,Higuchi,16.0,2,1.4273717999994915,365.4071807998698
fGn_0.35_n1024,ci,Higuchi,32.0,2,1.433230349999576,366.90696959989145
fGn_0.35_n1024,point,AbsoluteMoment,,2,0.0004843500000788481,0.12399360002018511
fGn_0.35_n1024,point,DFA::balanced_scales,,2,0.007700950000071316,1.971443200018257
fGn_0.35_n1024,point,DFA::long_scales,,2,0.007028049999462382,1.79918079986237
fGn_0.35_n1024,point,DFA::short_scales,,2,0.013609749999886844,3.484095999971032
fGn_0.35_n1024,point,DMA::balanced_windows,,2,0.0012005999988105032,0.3073535996954888
fGn_0.35_n1024,point,DMA::long_windows,,2,0.0008193499998014886,0.20975359994918108
fGn_0.35_n1024,point,DMA::short_windows,,2,0.0007812499998181011,0.19999999995343387
fGn_0.35_n1024,point,GHE,,2,0.0008181499997590436,0.20944639993831515
fGn_0.35_n1024,point,GPH::narrow_band,,2,0.0005917500002396991,0.15148800006136298
fGn_0.35_n1024,point,GPH::wider_band,,2,0.0005739500002164277,0.1469312000554055
fGn_0.35_n1024,point,Higuchi,,2,0.004128950000449549,1.0570112001150846
fGn_0.35_n1024,point,ModifiedLocalWhittle,,2,0.0008614000007582945,0.2205184001941234
fGn_0.35_n1024,point,RS,,2,0.009895199999846227,2.533171199960634
fGn_0.35_n1024,point,Variance,,2,0.0008705999998710467,0.22287359996698797
fGn_0.35_n1024,point,VarianceResidual,,2,0.013176999999814143,3.3733119999524206
fGn_0.35_n1024,point,WaveletOLS::broad_band,,2,0.0005552500006160699,0.1421440001577139
fGn_0.35_n1024,point,WaveletOLS::conservative_band,,2,0.0007116999995560036,0.18219519988633692
fGn_0.35_n1024,point,WaveletOLS::upper_band,,2,0.0008364999994228128,0.21414399985224009
fGn_0.35_n1024,point,WhittleMLE,,2,0.0008787000015217927,0.22494720038957894
fGn_0.35_n2048,ci,GHE,8.0,2,0.21396474999983184,54.77497599995695
fGn_0.35_n2048,ci,GHE,16.0,2,0.24571130000003905,62.902092800009996
fGn_0.35_n2048,ci,GHE,32.0,2,0.30171470000004774,77.23896320001222
fGn_0.35_n2048,ci,GPH,8.0,2,0.14900575000046956,38.14547200012021
fGn_0.35_n2048,ci,GPH,16.0,2,0.15803780000078405,40.457676800200716
fGn_0.35_n2048,ci,GPH,32.0,2,0.18961884999953327,48.54242559988052
fGn_0.35_n2048,ci,Higuchi,8.0,2,1.3248226999994586,339.1546111998614
fGn_0.35_n2048,ci,Higuchi,16.0,2,1.3052074500010349,334.13310720026493
fGn_0.35_n2048,ci,Higuchi,32.0,2,1.3111331999998583,335.65009919996373
fGn_0.35_n2048,point,AbsoluteMoment,,2,0.0006216499996298808,0.15914239990524948
fGn_0.35_n2048,point,DFA::balanced_scales,,2,0.014978100000007544,3.834393600001931
fGn_0.35_n2048,point,DFA::long_scales,,2,0.017460850000134087,4.469977600034326
fGn_0.35_n2048,point,DFA::short_scales,,2,0.030159450000610377,7.720819200156257
fGn_0.35_n2048,point,DMA::balanced_windows,,2,0.0013078499996481696,0.3348095999099314
fGn_0.35_n2048,point,DMA::long_windows,,2,0.0013655500006279908,0.34958080016076565
fGn_0.35_n2048,point,DMA::short_windows,,2,0.0010412999999971362,0.26657279999926686
fGn_0.35_n2048,point,GHE,,2,0.0009322500000052969,0.238656000001356
fGn_0.35_n2048,point,GPH::narrow_band,,2,0.0006267500002650195,0.160448000067845
fGn_0.35_n2048,point,GPH::wider_band,,2,0.00039024999932735227,0.09990399982780218
fGn_0.35_n2048,point,Higuchi,,2,0.004976799999894865,1.2740607999730855
fGn_0.35_n2048,point,ModifiedLocalWhittle,,2,0.0007732499998382991,0.19795199995860457
fGn_0.35_n2048,point,RS,,2,0.01899799999955576,4.863487999886274
fGn_0.35_n2048,point,Variance,,2,0.0005492000000231201,0.14059520000591874
fGn_0.35_n2048,point,VarianceResidual,,2,0.020811800000046787,5.3278208000119776
fGn_0.35_n2048,point,WaveletOLS::broad_band,,2,0.0006423500008168048,0.16444160020910203
fGn_0.35_n2048,point,WaveletOLS::conservative_band,,2,0.0008959000006143469,0.22935040015727282
fGn_0.35_n2048,point,WaveletOLS::upper_band,,2,0.0007555499996669823,0.19342079991474748
fGn_0.35_n2048,point,WhittleMLE,,2,0.000681849999637052,0.1745535999070853
fGn_0.35_n512,ci,GHE,8.0,2,0.11254229999940435,28.810828799847513
fGn_0.35_n512,ci,GHE,16.0,2,0.14487039999949047,37.08682239986956
fGn_0.35_n512,ci,GHE,32.0,2,0.15234235000025365,38.99964160006493
fGn_0.35_n512,ci,GPH,8.0,2,0.0832380000001649,21.308928000042215
fGn_0.35_n512,ci,GPH,16.0,2,0.0855877000012697,21.910451200325042
fGn_0.35_n512,ci,GPH,32.0,2,0.0935757500001273,23.95539200003259
fGn_0.35_n512,ci,Higuchi,8.0,2,1.3575926499997877,347.54371839994565
fGn_0.35_n512,ci,Higuchi,16.0,2,1.4915973999995913,381.84893439989537
fGn_0.35_n512,ci,Higuchi,32.0,2,1.5403547000005346,394.33080320013687
fGn_0.35_n512,point,AbsoluteMoment,,2,0.0006792499998482526,0.17388799996115267
fGn_0.35_n512,point,DFA::balanced_scales,,2,0.0056321000010939315,1.4418176002800465
fGn_0.35_n512,point,DFA::long_scales,,2,0.003955149999455898,1.01251839986071
fGn_0.35_n512,point,DFA::short_scales,,2,0.0057510500000717,1.4722688000183553
fGn_0.35_n512,point,DMA::balanced_windows,,2,0.0006875999997646431,0.17602559993974864
fGn_0.35_n512,point,DMA::long_windows,,2,0.0007947000003696303,0.20344320009462535
fGn_0.35_n512,point,DMA::short_windows,,2,0.0006309000000328524,0.16151040000841022
fGn_0.35_n512,point,GHE,,2,0.0008341499997186475,0.21354239992797375
fGn_0.35_n512,point,GPH::narrow_band,,2,0.0005360499999369495,0.13722879998385906
fGn_0.35_n512,point,GPH::wider_band,,2,0.00047110000014072284,0.12060160003602505
fGn_0.35_n512,point,Higuchi,,2,0.004425650000484893,1.1329664001241326
fGn_0.35_n512,point,ModifiedLocalWhittle,,2,0.0007775499998388113,0.1990527999587357
fGn_0.35_n512,point,RS,,2,0.004094299999451323,1.0481407998595387
fGn_0.35_n512,point,Variance,,2,0.0005353500000637723,0.1370496000163257
fGn_0.35_n512,point,VarianceResidual,,2,0.006269999998949061,1.6051199997309595
fGn_0.35_n512,point,WaveletOLS::broad_band,,2,0.0010218999996141065,0.26160639990121126
fGn_0.35_n512,point,WaveletOLS::conservative_band,,2,0.0006435999994209851,0.1647615998517722
fGn_0.35_n512,point,WaveletOLS::upper_band,,2,0.0006222499996511033,0.15929599991068244
fGn_0.35_n512,point,WhittleMLE,,2,0.0008758000003581401,0.22420480009168386
fGn_0.5_n1024,ci,GHE,8.0,2,0.16557625000041298,42.387520000105724
fGn_0.5_n1024,ci,GHE,16.0,2,0.1905467000005956,48.77995520015247
fGn_0.5_n1024,ci,GHE,32.0,2,0.2148218000011184,54.99438080028631
fGn_0.5_n1024,ci,GPH,8.0,2,0.12075709999953688,30.91381759988144
fGn_0.5_n1024,ci,GPH,16.0,2,0.10659274999943591,27.287743999855593
fGn_0.5_n1024,ci,GPH,32.0,2,0.10624569999981759,27.198899199953303
fGn_0.5_n1024,ci,Higuchi,8.0,2,1.2781172000004517,327.19800320011564
fGn_0.5_n1024,ci,Higuchi,16.0,2,1.2575972499998898,321.9448959999718
fGn_0.5_n1024,ci,Higuchi,32.0,2,1.374109800000042,351.77210880001076
fGn_0.5_n1024,point,AbsoluteMoment,,2,0.0004965999996784376,0.12712959991768003
fGn_0.5_n1024,point,DFA::balanced_scales,,2,0.011719249999259773,3.000127999810502
fGn_0.5_n1024,point,DFA::long_scales,,2,0.008795650000138266,2.251686400035396
fGn_0.5_n1024,point,DFA::short_scales,,2,0.009978600000977167,2.5545216002501547
fGn_0.5_n1024,point,DMA::balanced_windows,,2,0.0011263999995207996,0.2883583998773247
fGn_0.5_n1024,point,DMA::long_windows,,2,0.0011880499996550498,0.30414079991169274
fGn_0.5_n1024,point,DMA::short_windows,,2,0.0008087000005616574,0.20702720014378428
fGn_0.5_n1024,point,GHE,,2,0.0011150000009365613,0.2854400002397597
fGn_0.5_n1024,point,GPH::narrow_band,,2,0.0004955999993399018,0.12687359983101487
fGn_0.5_n1024,point,GPH::wider_band,,2,0.0005096000004414236,0.13045760011300445
fGn_0.5_n1024,point,Higuchi,,2,0.004647750000003725,1.1898240000009537
fGn_0.5_n1024,point,ModifiedLocalWhittle,,2,0.000782499999331776,0.20031999982893467
fGn_0.5_n1024,point,RS,,2,0.00816225000016857,2.0895360000431538
fGn_0.5_n1024,point,Variance,,2,0.0005384500000218395,0.13784320000559092
fGn_0.5_n1024,point,VarianceResidual,,2,0.008490299999721174,2.1735167999286205
fGn_0.5_n1024,point,WaveletOLS::broad_band,,2,0.0007856499996705679,0.2011263999156654
fGn_0.5_n1024,point,WaveletOLS::conservative_band,,2,0.000583349999942584,0.1493375999853015
fGn_0.5_n1024,point,WaveletOLS::upper_band,,2,0.0007954000002428074,0.2036224000621587
fGn_0.5_n1024,point,WhittleMLE,,2,0.0010480999990249984,0.2683135997503996
fGn_0.5_n2048,ci,GHE,8.0,2,0.20398984999974346,52.221401599934325
fGn_0.5_n2048,ci,GHE,16.0,2,0.21768619999966177,55.72766719991341
fGn_0.5_n2048,ci,GHE,32.0,2,0.24111265000010462,61.72483840002678
fGn_0.5_n2048,ci,GPH,8.0,2,0.1329268499994214,34.02927359985188
fGn_0.5_n2048,ci,GPH,16.0,2,0.1570511499994609,40.20509439986199
fGn_0.5_n2048,ci,GPH,32.0,2,0.16833820000101696,43.09457920026034
fGn_0.5_n2048,ci,Higuchi,8.0,2,1.274312049999935,326.22388479998335
fGn_0.5_n2048,ci,Higuchi,16.0,2,1.3690651500000968,350.4806784000248
fGn_0.5_n2048,ci,Higuchi,32.0,2,1.3391512500002136,342.8227200000547
fGn_0.5_n2048,point,AbsoluteMoment,,2,0.0006011499999658554,0.15389439999125898
fGn_0.5_n2048,point,DFA::balanced_scales,,2,0.015556049999759125,3.982348799938336
fGn_0.5_n2048,point,DFA::long_scales,,2,0.00974445000065316,2.494579200167209
fGn_0.5_n2048,point,DFA::short_scales,,2,0.026407800000015413,6.760396800003946
fGn_0.5_n2048,point,DMA::balanced_windows,,2,0.0008655000010548974,0.22156800027005374
fGn_0.5_n2048,point,DMA::long_windows,,2,0.00090730000010808,0.23226880002766848
fGn_0.5_n2048,point,DMA::short_windows,,2,0.0009012500004246249,0.23072000010870397
fGn_0.5_n2048,point,GHE,,2,0.0008737499993003439,0.22367999982088804
fGn_0.5_n2048,point,GPH::narrow_band,,2,0.0003919000000678352,0.10032640001736581
fGn_0.5_n2048,point,GPH::wider_band,,2,0.0004493000005822978,0.11502080014906824
fGn_0.5_n2048,point,Higuchi,,2,0.003078300000197487,0.7880448000505567
fGn_0.5_n2048,point,ModifiedLocalWhittle,,2,0.000801050000518444,0.20506880013272166
fGn_0.5_n2048,point,RS,,2,0.01646069999969768,4.213939199922606
fGn_0.5_n2048,point,Variance,,2,0.000666300000375486,0.1705728000961244
fGn_0.5_n2048,point,VarianceResidual,,2,0.018741400000180874,4.797798400046304
fGn_0.5_n2048,point,WaveletOLS::broad_band,,2,0.0005956499999228981,0.15248639998026192
fGn_0.5_n2048,point,WaveletOLS::conservative_band,,2,0.0006991999998717802,0.17899519996717572
fGn_0.5_n2048,point,WaveletOLS::upper_band,,2,0.0006319500007521128,0.16177920019254088
fGn_0.5_n2048,point,WhittleMLE,,2,0.0008929499999794643,0.22859519999474287
fGn_0.5_n512,ci,GHE,8.0,2,0.16339884999979404,41.830105599947274
fGn_0.5_n512,ci,GHE,16.0,2,0.17507264999949257,44.8185983998701
fGn_0.5_n512,ci,GHE,32.0,2,0.19137969999974302,48.993203199934214
fGn_0.5_n512,ci,GPH,8.0,2,0.08787809999921592,22.496793599799275
fGn_0.5_n512,ci,GPH,16.0,2,0.09077115000036429,23.237414400093257
fGn_0.5_n512,ci,GPH,32.0,2,0.09202564999941387,23.55856639984995
fGn_0.5_n512,ci,Higuchi,8.0,2,1.4041543499997715,359.4635135999415
fGn_0.5_n512,ci,Higuchi,16.0,2,1.418166549999114,363.0506367997732
fGn_0.5_n512,ci,Higuchi,32.0,2,1.5073586499993326,385.88381439982913
fGn_0.5_n512,point,AbsoluteMoment,,2,0.0009732500002428424,0.24915200006216764
fGn_0.5_n512,point,DFA::balanced_scales,,2,0.005438899998807756,1.3923583996947855
fGn_0.5_n512,point,DFA::long_scales,,2,0.004519199999776902,1.1569151999428868
fGn_0.5_n512,point,DFA::short_scales,,2,0.00723050000033254,1.8510080000851303
fGn_0.5_n512,point,DMA::balanced_windows,,2,0.0008066500004133559,0.2065024001058191
fGn_0.5_n512,point,DMA::long_windows,,2,0.0008920500004023779,0.22836480010300875
fGn_0.5_n512,point,DMA::short_windows,,2,0.0010150500002055196,0.259852800052613
fGn_0.5_n512,point,GHE,,2,0.0009839000003921683,0.2518784001003951
fGn_0.5_n512,point,GPH::narrow_band,,2,0.0003799500009336043,0.0972672002390027
fGn_0.5_n512,point,GPH::wider_band,,2,0.0004397000002427376,0.11256320006214082
fGn_0.5_n512,point,Higuchi,,2,0.0045535500003097695,1.165708800079301
fGn_0.5_n512,point,ModifiedLocalWhittle,,2,0.0010192500003540772,0.26092800009064376
fGn_0.5_n512,point,RS,,2,0.005861600000571343,1.5005696001462638
fGn_0.5_n512,point,Variance,,2,0.0006610999998883926,0.1692415999714285
fGn_0.5_n512,point,VarianceResidual,,2,0.008151749999342428,2.0868479998316616
fGn_0.5_n512,point,WaveletOLS::broad_band,,2,0.0007313999994948972,0.18723839987069368
fGn_0.5_n512,point,WaveletOLS::conservative_band,,2,0.0006159499989735195,0.157683199737221
fGn_0.5_n512,point,WaveletOLS::upper_band,,2,0.0006187500002852175,0.1584000000730157
fGn_0.5_n512,point,WhittleMLE,,2,0.0009484500005783048,0.24280320014804602
fGn_0.65_n1024,ci,GHE,8.0,2,0.15390504999959376,39.399692799896
fGn_0.65_n1024,ci,GHE,16.0,2,0.14541469999949186,37.226163199869916
fGn_0.65_n1024,ci,GHE,32.0,2,0.16496525000093243,42.2311040002387
fGn_0.65_n1024,ci,GPH,8.0,2,0.08537490000071557,21.855974400183186
fGn_0.65_n1024,ci,GPH,16.0,2,0.08944250000058673,22.897280000150204
fGn_0.65_n1024,ci,GPH,32.0,2,0.11177590000079363,28.61463040020317
fGn_0.65_n1024,ci,Higuchi,8.0,2,1.1650727000005645,298.2586112001445
fGn_0.65_n1024,ci,Higuchi,16.0,2,1.2986846499998137,332.4632703999523
fGn_0.65_n1024,ci,Higuchi,32.0,2,1.37649115000022,352.3817344000563
fGn_0.65_n1024,point,AbsoluteMoment,,2,0.000634699998954602,0.16248319973237813
fGn_0.65_n1024,point,DFA::balanced_scales,,2,0.008074800000031246,2.067148800007999
fGn_0.65_n1024,point,DFA::long_scales,,2,0.005497850000210747,1.4074496000539511
fGn_0.65_n1024,point,DFA::short_scales,,2,0.013547350000408187,3.468121600104496
fGn_0.65_n1024,point,DMA::balanced_windows,,2,0.0007581999989270116,0.19409919972531497
fGn_0.65_n1024,point,DMA::long_windows,,2,0.0008423499994023587,0.21564159984700382
fGn_0.65_n1024,point,DMA::short_windows,,2,0.0007862000002205605,0.20126720005646348
fGn_0.65_n1024,point,GHE,,2,0.0005639999990307842,0.14438399975188076
fGn_0.65_n1024,point,GPH::narrow_band,,2,0.0005374000002120738,0.1375744000542909
fGn_0.65_n1024,point,GPH::wider_band,,2,0.00046100000054138945,0.1180160001385957
fGn_0.65_n1024,point,Higuchi,,2,0.0044292999991739634,1.1339007997885346
fGn_0.65_n1024,point,ModifiedLocalWhittle,,2,0.0006778999995731283,0.17354239989072084
fGn_0.65_n1024,point,RS,,2,0.011025000000699947,2.8224000001791865
fGn_0.65_n1024,point,Variance,,2,0.0006703500002913643,0.17160960007458925
fGn_0.65_n1024,point,VarianceResidual,,2,0.010058099999696424,2.5748735999222845
fGn_0.65_n1024,point,WaveletOLS::broad_band,,2,0.0008354000001418171,0.2138624000363052
fGn_0.65_n1024,point,WaveletOLS::conservative_band,,2,0.0007105000004230533,0.18188800010830164
fGn_0.65_n1024,point,WaveletOLS::upper_band,,2,0.0008020499990379903,0.20532479975372553
fGn_0.65_n1024,point,WhittleMLE,,2,0.0007908500001576613,0.20245760004036129
fGn_0.65_n2048,ci,GHE,8.0,2,0.22387625000010303,57.312320000026375
fGn_0.65_n2048,ci,GHE,16.0,2,0.21809365000081016,55.8319744002074
fGn_0.65_n2048,ci,GHE,32.0,2,0.22008699999969394,56.34227199992165
fGn_0.65_n2048,ci,GPH,8.0,2,0.15434879999975237,39.51329279993661
fGn_0.65_n2048,ci,GPH,16.0,2,0.16539425000064512,42.34092800016515
fGn_0.65_n2048,ci,GPH,32.0,2,0.16119775000061054,41.2666240001563
fGn_0.65_n2048,ci,Higuchi,8.0,2,1.31862695000018,337.56849920004606
fGn_0.65_n2048,ci,Higuchi,16.0,2,1.2219190000005256,312.81126400013454
fGn_0.65_n2048,ci,Higuchi,32.0,2,1.2726882999995723,325.8082047998905
fGn_0.65_n2048,point,AbsoluteMoment,,2,0.0007432000002154382,0.19025920005515218
fGn_0.65_n2048,point,DFA::balanced_scales,,2,0.01753924999957235,4.490047999890521
fGn_0.65_n2048,point,DFA::long_scales,,2,0.011150850000376522,2.8546176000963897
fGn_0.65_n2048,point,DFA::short_scales,,2,0.021965699999782373,5.6232191999442875
fGn_0.65_n2048,point,DMA::balanced_windows,,2,0.0012920500003019697,0.33076480007730424
fGn_0.65_n2048,point,DMA::long_windows,,2,0.0014430999999603955,0.36943359998986125
fGn_0.65_n2048,point,DMA::short_windows,,2,0.0010142500004803878,0.2596480001229793
fGn_0.65_n2048,point,GHE,,2,0.0006775000001653098,0.1734400000423193
fGn_0.65_n2048,point,GPH::narrow_band,,2,0.0005013999998482177,0.12835839996114373
fGn_0.65_n2048,point,GPH::wider_band,,2,0.0006251000004340312,0.160025600111112
fGn_0.65_n2048,point,Higuchi,,2,0.0041132000005745795,1.0529792001470923
fGn_0.65_n2048,point,ModifiedLocalWhittle,,2,0.0008323499996549799,0.21308159991167486
fGn_0.65_n2048,point,RS,,2,0.02031840000017837,5.201510400045663
fGn_0.65_n2048,point,Variance,,2,0.0005999000004521804,0.15357440011575818
fGn_0.65_n2048,point,VarianceResidual,,2,0.016723199999432836,4.281139199854806
fGn_0.65_n2048,point,WaveletOLS::broad_band,,2,0.000622099999418424,0.15925759985111654
fGn_0.65_n2048,point,WaveletOLS::conservative_band,,2,0.0009424500003660796,0.24126720009371638
fGn_0.65_n2048,point,WaveletOLS::upper_band,,2,0.0007276500000443775,0.18627840001136065
fGn_0.65_n2048,point,WhittleMLE,,2,0.0009085999990929849,0.23260159976780415
fGn_0.65_n512,ci,GHE,8.0,2,0.11615850000089267,29.736576000228524
fGn_0.65_n512,ci,GHE,16.0,2,0.13148995000028663,33.661427200073376
fGn_0.65_n512,ci,GHE,32.0,2,0.1252310000008947,32.059136000229046
fGn_0.65_n512,ci,GPH,8.0,2,0.07286944999941625,18.65457919985056
fGn_0.65_n512,ci,GPH,16.0,2,0.06507474999943952,16.659135999856517
fGn_0.65_n512,ci,GPH,32.0,2,0.07211269999970682,18.460851199924946
fGn_0.65_n512,ci,Higuchi,8.0,2,1.300933749998876,333.03903999971226
fGn_0.65_n512,ci,Higuchi,16.0,2,1.257837200000722,322.00632320018485
fGn_0.65_n512,ci,Higuchi,32.0,2,1.30863915000009,335.01162240002304
fGn_0.65_n512,point,AbsoluteMoment,,2,0.0005312000002959394,0.13598720007576048
fGn_0.65_n512,point,DFA::balanced_scales,,2,0.005466799999339855,1.399500799831003
fGn_0.65_n512,point,DFA::long_scales,,2,0.00419659999988653,1.0743295999709517
fGn_0.65_n512,point,DFA::short_scales,,2,0.006201450000844488,1.587571200216189
fGn_0.65_n512,point,DMA::balanced_windows,,2,0.0008657500002300367,0.2216320000588894
fGn_0.65_n512,point,DMA::long_windows,,2,0.0007855000003473833,0.20108800008893013
fGn_0.65_n512,point,DMA::short_windows,,2,0.0006353500002660439,0.16264960006810725
fGn_0.65_n512,point,GHE,,2,0.0010301000002073124,0.263705600053072
fGn_0.65_n512,point,GPH::narrow_band,,2,0.0004157999992457917,0.10644479980692267
fGn_0.65_n512,point,GPH::wider_band,,2,0.00041495000004942995,0.10622720001265407
fGn_0.65_n512,point,Higuchi,,2,0.0034993999997823266,0.8958463999442756
fGn_0.65_n512,point,ModifiedLocalWhittle,,2,0.0006921499998497893,0.17719039996154606
fGn_0.65_n512,point,RS,,2,0.0063045500000953325,1.6139648000244051
fGn_0.65_n512,point,Variance,,2,0.00042785000005096663,0.10952960001304746
fGn_0.65_n512,point,VarianceResidual,,2,0.005691000000297208,1.4568960000760853
fGn_0.65_n512,point,WaveletOLS::broad_band,,2,0.0010625499999150634,0.2720127999782562
fGn_0.65_n512,point,WaveletOLS::conservative_band,,2,0.0005572999998548767,0.14266879996284842
fGn_0.65_n512,point,WaveletOLS::upper_band,,2,0.0008625499995105201,0.22081279987469316
fGn_0.65_n512,point,WhittleMLE,,2,0.000825500000246393,0.21132800006307662
fGn_0.8_n1024,ci,GHE,8.0,2,0.14655455000047368,37.51796480012126
fGn_0.8_n1024,ci,GHE,16.0,2,0.15670614999999088,40.11677439999767
fGn_0.8_n1024,ci,GHE,32.0,2,0.17987174999962008,46.04716799990274
fGn_0.8_n1024,ci,GPH,8.0,2,0.09364629999981844,23.97345279995352
fGn_0.8_n1024,ci,GPH,16.0,2,0.1073616999992737,27.484595199814066
fGn_0.8_n1024,ci,GPH,32.0,2,0.10675005000121018,27.328012800309807
fGn_0.8_n1024,ci,Higuchi,8.0,2,1.2193513499996698,312.15394559991546
fGn_0.8_n1024,ci,Higuchi,16.0,2,1.2268329499993342,314.06923519982956
fGn_0.8_n1024,ci,Higuchi,32.0,2,1.3726222499999494,351.39129599998705
fGn_0.8_n1024,point,AbsoluteMoment,,2,0.0006082499994590762,0.1557119998615235
fGn_0.8_n1024,point,DFA::balanced_scales,,2,0.007085850000294158,1.8139776000753045
fGn_0.8_n1024,point,DFA::long_scales,,2,0.006866799999443174,1.7579007998574525
fGn_0.8_n1024,point,DFA::short_scales,,2,0.010405800000626186,2.6638848001603037
fGn_0.8_n1024,point,DMA::balanced_windows,,2,0.0010022499991464429,0.2565759997814894
fGn_0.8_n1024,point,DMA::long_windows,,2,0.0009205499991367105,0.2356607997789979
fGn_0.8_n1024,point,DMA::short_windows,,2,0.0006655000006503542,0.17036800016649067
fGn_0.8_n1024,point,GHE,,2,0.0007581499994557817,0.1940863998606801
fGn_0.8_n1024,point,GPH::narrow_band,,2,0.0005279999995764229,0.13516799989156425
fGn_0.8_n1024,point,GPH::wider_band,,2,0.0006848000011814293,0.1753088003024459
fGn_0.8_n1024,point,Higuchi,,2,0.0029673000008187955,0.7596288002096117
fGn_0.8_n1024,point,ModifiedLocalWhittle,,2,0.0007439000000886153,0.19043840002268553
fGn_0.8_n1024,point,RS,,2,0.007796099998813588,1.9958015996962786
fGn_0.8_n1024,point,Variance,,2,0.0005030499996792059,0.12878079991787672
fGn_0.8_n1024,point,VarianceResidual,,2,0.009342500001366716,2.3916800003498793
fGn_0.8_n1024,point,WaveletOLS::broad_band,,2,0.0005931999994572834,0.15185919986106455
fGn_0.8_n1024,point,WaveletOLS::conservative_band,,2,0.0008104999997158302,0.20748799992725253
fGn_0.8_n1024,point,WaveletOLS::upper_band,,2,0.000640249999378284,0.1639039998408407
fGn_0.8_n1024,point,WhittleMLE,,2,0.0008355000009032665,0.21388800023123622
fGn_0.8_n2048,ci,GHE,8.0,2,0.21054925000044022,53.9006080001127
fGn_0.8_n2048,ci,GHE,16.0,2,0.22816074999991542,58.40915199997835
fGn_0.8_n2048,ci,GHE,32.0,2,0.22960764999879757,58.77955839969218
fGn_0.8_n2048,ci,GPH,8.0,2,0.14031379999960336,35.92033279989846
fGn_0.8_n2048,ci,GPH,16.0,2,0.15174015000047802,38.845478400122374
fGn_0.8_n2048,ci,GPH,32.0,2,0.16641229999913776,42.601548799779266
fGn_0.8_n2048,ci,Higuchi,8.0,2,1.3479952500001673,345.0867840000428
fGn_0.8_n2048,ci,Higuchi,16.0,2,1.4097650000003341,360.89984000008553
fGn_0.8_n2048,ci,Higuchi,32.0,2,1.3407927000007476,343.2429312001914
fGn_0.8_n2048,point,AbsoluteMoment,,2,0.0005798500005766982,0.14844160014763474
fGn_0.8_n2048,point,DFA::balanced_scales,,2,0.014650449999862758,3.750515199964866
fGn_0.8_n2048,point,DFA::long_scales,,2,0.013321200000063982,3.4102272000163794
fGn_0.8_n2048,point,DFA::short_scales,,2,0.023869700000432204,6.110643200110644
fGn_0.8_n2048,point,DMA::balanced_windows,,2,0.0009378000004289788,0.24007680010981858
fGn_0.8_n2048,point,DMA::long_windows,,2,0.0013842500002283487,0.35436800005845726
fGn_0.8_n2048,point,DMA::short_windows,,2,0.0012042500002280576,0.30828800005838275
fGn_0.8_n2048,point,GHE,,2,0.0010257500007355702,0.262592000188306
fGn_0.8_n2048,point,GPH::narrow_band,,2,0.00044114999946032185,0.1129343998618424
fGn_0.8_n2048,point,GPH::wider_band,,2,0.0005951499997536303,0.15235839993692935
fGn_0.8_n2048,point,Higuchi,,2,0.0036733000006279326,0.9403648001607507
fGn_0.8_n2048,point,ModifiedLocalWhittle,,2,0.0008227499993154197,0.21062399982474744
fGn_0.8_n2048,point,RS,,2,0.016004500000235566,4.097152000060305
fGn_0.8_n2048,point,Variance,,2,0.0006711000005452661,0.17180160013958812
fGn_0.8_n2048,point,VarianceResidual,,2,0.01661074999901757,4.252351999748498
fGn_0.8_n2048,point,WaveletOLS::broad_band,,2,0.0006137500004115282,0.1571200001053512
fGn_0.8_n2048,point,WaveletOLS::conservative_band,,2,0.0007101999999576947,0.18181119998916984
fGn_0.8_n2048,point,WaveletOLS::upper_band,,2,0.0005752999995820574,0.14727679989300668
fGn_0.8_n2048,point,WhittleMLE,,2,0.0008741500005271519,0.22378240013495088
fGn_0.8_n512,ci,GHE,8.0,2,0.13412109999990207,34.33500159997493
fGn_0.8_n512,ci,GHE,16.0,2,0.14736939999966125,37.72656639991328
fGn_0.8_n512,ci,GHE,32.0,2,0.13767580000057933,35.24500480014831
fGn_0.8_n512,ci,GPH,8.0,2,0.06887410000035743,17.631769600091502
fGn_0.8_n512,ci,GPH,16.0,2,0.08331259999977192,21.32802559994161
fGn_0.8_n512,ci,GPH,32.0,2,0.09541449999869656,24.42611199966632
fGn_0.8_n512,ci,Higuchi,8.0,2,1.2406772000003912,317.61336320010014
fGn_0.8_n512,ci,Higuchi,16.0,2,1.3632811999996193,348.99998719990253
fGn_0.8_n512,ci,Higuchi,32.0,2,1.492541650000021,382.0906624000054
fGn_0.8_n512,point,AbsoluteMoment,,2,0.000622049999947194,0.15924479998648167
fGn_0.8_n512,point,DFA::balanced_scales,,2,0.0034360500003458583,0.8796288000885397
fGn_0.8_n512,point,DFA::long_scales,,2,0.004037699999571487,1.0336511998903006
fGn_0.8_n512,point,DFA::short_scales,,2,0.00918450000062876,2.3512320001609623
fGn_0.8_n512,point,DMA::balanced_windows,,2,0.0007703999999648659,0.19722239999100566
fGn_0.8_n512,point,DMA::long_windows,,2,0.0008893499998521293,0.2276735999621451
fGn_0.8_n512,point,DMA::short_windows,,2,0.0007500000001527951,0.19200000003911555
fGn_0.8_n512,point,GHE,,2,0.0006316500002867542,0.16170240007340908
fGn_0.8_n512,point,GPH::narrow_band,,2,0.00046785000085947104,0.11976960022002459
fGn_0.8_n512,point,GPH::wider_band,,2,0.00046630000088043744,0.11937280022539198
fGn_0.8_n512,point,Higuchi,,2,0.003745099999832746,0.958745599957183
fGn_0.8_n512,point,ModifiedLocalWhittle,,2,0.0007049999985611066,0.1804799996316433
fGn_0.8_n512,point,RS,,2,0.003450400000474474,0.8833024001214653
fGn_0.8_n512,point,Variance,,2,0.0007212999998955638,0.18465279997326434
fGn_0.8_n512,point,VarianceResidual,,2,0.004432099999576167,1.1346175998914987
fGn_0.8_n512,point,WaveletOLS::broad_band,,2,0.0010261500001433888,0.2626944000367075
fGn_0.8_n512,point,WaveletOLS::conservative_band,,2,0.0005638500006170943,0.14434560015797615
fGn_0.8_n512,point,WaveletOLS::upper_band,,2,0.0006514000006063725,0.16675840015523136
fGn_0.8_n512,point,WhittleMLE,,2,0.0008735999999771593,0.22364159999415278
