time_seconds,value
0.0,109.45077500000116
0.004,109.71054062500116
0.008,107.66952500000116
0.012,105.97811875000116
0.016,115.14022812500116
0.02,111.98593125000116
0.024,112.33554062500116
0.028,117.71249375000116
0.032,109.89218125000116
0.036,110.86679062500116
0.04,104.45468125000116
0.044,105.86093125000116
0.048,95.72616562500116
0.052,97.62655625000116
0.056,120.63436875000116
0.06,104.58749375000116
0.064,110.72030625000116
0.068,105.62850937500116
0.072,100.47030625000116
0.076,109.05819687500116
0.08,110.94491562500116
0.084,94.96054062500116
0.088,108.61093125000116
0.092,108.59335312500116
0.096,97.42929062500116
0.1,111.66952500000116
0.104,109.16952500000116
0.108,89.06600937500116
0.112,101.59140000000116
0.116,98.28085312500116
0.12,111.65780625000116
0.124,93.18319687500116
0.128,89.29843125000116
0.132,107.46835312500116
0.136,91.24960312500116
0.14,96.28280625000116
0.144,101.14218125000116
0.148,100.51132187500116
0.152,86.58944687500116
0.156,96.04843125000116
0.16,100.87460312500116
0.164,96.94296250000116
0.168,92.72616562500116
0.172,103.71444687500116
0.176,108.14218125000116
0.18,105.99765000000116
0.184,103.10702500000116
0.188,105.11288437500116
0.192,110.26327500000116
0.196,99.54452500000116
0.2,92.94296250000116
0.204,94.89022812500116
0.208,86.46054062500116
0.212,103.65194687500116
0.216,100.67733750000116
0.22,75.96640000000116
0.224,102.76522812500116
0.228,95.21054062500116
0.232,90.35116562500116
0.236,93.01718125000116
0.24,98.70858750000116
0.244,82.65194687500116
0.248,82.26327500000116
0.252,86.64999375000116
0.256,87.07186875000116
0.26,87.42147812500116
0.264,86.45077500000116
0.268,105.30819687500116
0.272,95.86874375000116
0.276,88.65585312500116
0.28,90.45468125000116
0.284,83.51327500000116
0.288,81.82772812500116
0.292,75.72811875000116
0.296,90.50546250000116
0.3,86.07772812500116
0.304,76.25741562500116
0.308,92.48397812500116
0.312,91.09140000000116
0.316,90.55233750000116
0.32,95.38436875000116
0.324,96.66171250000116
0.328,94.42733750000116
0.332,93.72030625000116
0.336,101.38436875000116
0.34,82.91952500000116
0.344,108.17733750000116
0.348,79.22421250000116
0.352,109.14218125000116
0.356,96.74569687500116
0.36,82.72030625000116
0.364,103.29061875000116
0.368,95.77304062500116
0.372,79.47421250000116
0.376,96.05819687500116
0.38,112.38827500000116
0.384,100.43515000000116
0.388,87.75350937500116
0.392,84.63632187500116
0.396,97.02304062500116
0.4,96.86093125000116
0.404,105.54061875000116
0.408,136.12069687500116
0.412,62.09725937500116
0.416,99.95858750000116
0.42,83.78866562500116
0.424,103.48788437500116
0.428,87.18905625000116
0.432,89.23397812500116
0.436,49.98397812500116
0.44,114.29647812500116
0.444,95.19882187500116
0.448,68.43124375000116
0.452,89.56796250000116
0.456,111.65780625000116
0.46,83.01913437500116
0.464,74.64608750000116
0.468,80.74374375000116
0.472,67.64804062500116
0.476,80.76132187500116
0.48,83.47616562500116
0.484,79.29257187500116
0.488,100.72811875000116
0.492,98.92929062500116
0.496,65.87069687500116
0.5,93.36093125000116
0.504,97.33944687500116
0.508,115.02304062500116
0.512,87.67538437500116
0.516,135.17733750000116
0.52,115.41952500000116
0.524,84.37069687500116
0.528,102.34725937500116
0.532,78.05819687500116
0.536,96.65194687500116
0.54,82.94296250000116
0.544,107.20077500000116
0.548,85.50155625000116
0.552,91.76718125000116
0.556,69.11679062500116
0.56,78.91952500000116
0.564,85.10507187500116
0.568,82.55819687500116
0.572,114.03671250000116
0.576,74.71444687500116
0.58,107.65780625000116
0.584,97.56991562500116
0.588,96.43319687500116
0.592,87.29452500000116
0.596,97.20468125000116
0.6,84.23007187500116
0.604,59.50936875000116
0.608,80.61679062500116
0.612,96.02108750000116
0.616,89.03280625000116
0.62,57.27890000000116
0.624,103.02108750000116
0.628,68.89804062500116
0.632,83.85311875000116
0.636,75.80233750000116
0.64,74.14218125000116
0.644,70.35702500000116
0.648,95.50350937500116
0.652,52.34140000000116
0.656,95.12655625000116
0.66,75.22616562500116
0.664,74.79452500000116
0.668,69.95468125000116
0.672,76.85702500000116
0.676,75.75350937500116
0.68,77.60897812500116
0.684,89.19491562500116
0.688,80.23593125000116
0.692,80.25936875000116
0.696,67.95858750000116
0.7,69.77108750000116
0.704,100.45077500000116
0.708,73.78671250000116
0.712,84.15975937500116
0.716,96.83163437500116
0.72,78.17147812500116
0.724,81.44296250000116
0.728,75.81405625000116
0.732,47.17343125000116
0.736,78.61874375000116
0.74,90.03671250000116
0.744,85.98202500000116
0.748,76.30819687500116
0.752,85.07968125000116
0.756,80.11874375000116
0.76,88.27108750000116
0.764,88.67929062500116
0.768,88.35507187500116
0.772,80.82772812500116
0.776,76.95077500000116
0.78,97.45272812500116
0.784,82.41952500000116
0.788,95.36874375000116
0.792,74.28866562500116
0.796,80.68124375000116
0.8,61.23593125000116
0.804,137.19491562500116
0.808,66.28280625000116
0.812,89.98202500000116
0.816,80.22616562500116
0.82,78.13632187500116
0.824,89.13241562500116
0.828,86.07968125000116
0.832,89.60116562500116
0.836,74.34921250000116
0.84,79.98397812500116
0.844,99.43905625000116
0.848,75.53671250000116
0.852,78.42733750000116
0.856,82.53280625000116
0.86,77.85311875000116
0.864,85.15194687500116
0.868,73.66561875000116
0.872,85.84140000000116
0.876,85.95077500000116
0.88,77.99569687500116
0.884,84.01327500000116
0.888,85.43710312500116
0.892,88.70077500000116
0.896,93.20663437500116
0.9,101.88632187500116
0.904,84.23593125000116
0.908,99.85702500000116
0.912,91.20858750000116
0.916,85.79061875000116
0.92,95.90194687500116
0.924,85.73007187500116
0.928,90.05819687500116
0.932,85.14413437500116
0.936,99.82186875000116
0.94,93.42929062500116
0.944,101.08944687500116
0.948,90.27499375000116
0.952,113.84725937500116
0.956,103.97225937500116
0.96,89.06600937500116
0.964,86.53475937500116
0.968,84.34921250000116
0.972,93.33749375000116
0.976,91.39804062500116
0.98,91.69100937500116
0.984,93.15780625000116
0.988,101.02694687500116
0.992,87.09335312500116
0.996,85.34530625000116
1.0,95.95077500000116
1.004,87.86483750000116
1.008,76.75350937500116
1.012,60.66171250000116
1.016,94.03671250000116
1.02,101.16757187500116
1.024,96.44491562500116
1.028,75.29843125000116
1.032,84.85116562500116
1.036,92.66952500000116
1.04,90.92147812500116
1.044,105.01718125000116
1.048,96.95663437500116
1.052,83.17538437500116
1.056,76.87850937500116
1.06,94.20663437500116
1.064,82.79061875000116
1.068,81.81600937500116
1.072,93.00350937500116
1.076,86.42147812500116
1.08,94.56991562500116
1.084,85.74374375000116
1.088,89.74374375000116
1.092,82.16561875000116
1.096,83.43319687500116
1.1,94.45858750000116
1.104,87.49569687500116
1.108,88.68319687500116
1.112,85.81991562500116
1.116,96.31796250000116
1.12,89.72616562500116
1.124,87.14999375000116
1.128,79.72616562500116
1.132,87.58749375000116
1.136,86.18319687500116
1.14,90.13241562500116
1.144,89.72225937500116
1.148,90.57382187500116
1.152,91.50741562500116
1.156,84.17733750000116
1.16,90.06015000000116
1.164,79.09335312500116
1.168,83.60116562500116
1.172,84.34140000000116
1.176,71.29257187500116
1.18,82.85897812500116
1.184,78.76327500000116
1.188,84.48202500000116
1.192,66.98007187500116
1.196,52.93124375000116
1.2,78.13632187500116
1.204,83.00155625000116
1.208,69.24374375000116
1.212,83.81015000000116
1.216,95.78866562500116
1.22,85.78671250000116
1.224,87.74179062500116
1.228,84.94100937500116
1.232,107.66561875000116
1.236,98.76913437500116
1.24,98.03866562500116
1.244,106.13632187500116
1.248,115.74765000000116
1.252,119.35507187500116
1.256,113.85897812500116
1.26,109.68905625000116
1.264,114.07382187500116
1.268,103.49765000000116
1.272,113.23397812500116
1.276,114.60702500000116
1.28,112.47616562500116
1.284,104.38046250000116
1.288,103.40390000000116
1.292,102.42147812500116
1.296,102.70272812500116
1.3,105.75155625000116
1.304,111.73397812500116
1.308,101.21054062500116
1.312,87.77499375000116
1.316,102.05038437500116
1.32,99.35702500000116
1.324,82.22030625000116
1.328,86.81796250000116
1.332,92.93319687500116
1.336,83.47225937500116
1.34,89.58944687500116
1.344,77.24374375000116
1.348,87.71835312500116
1.352,86.41561875000116
1.356,93.09725937500116
1.36,87.55233750000116
1.364,85.56210312500116
1.368,80.81015000000116
1.372,69.68710312500116
1.376,67.46640000000116
1.38,73.41561875000116
1.384,59.11874375000116
1.388,66.59335312500116
1.392,54.87460312500116
1.396,50.92929062500116
1.4,56.49569687500116
1.404,59.13827500000116
1.408,40.00936875000116
1.412,62.60116562500116
1.416,60.26522812500116
1.42,52.56991562500116
1.424,68.44491562500116
1.428,69.68515000000116
1.432,64.84921250000116
1.436,73.21835312500116
1.44,62.84725937500116
1.444,54.09725937500116
1.448,77.28866562500116
1.452,73.88241562500116
1.456,74.53085312500116
1.46,82.18319687500116
1.464,67.69296250000116
1.468,65.86874375000116
1.472,61.78671250000116
1.476,76.45272812500116
1.48,75.05624375000116
1.484,44.70272812500116
1.488,50.14218125000116
1.492,46.75155625000116
1.496,53.29061875000116
1.5,62.68515000000116
1.504,49.20077500000116
1.508,38.76718125000116
1.512,56.71249375000116
1.516,44.29061875000116
1.52,56.72225937500116
1.524,54.16171250000116
1.528,60.64804062500116
1.532,60.82186875000116
1.536,55.80429062500116
1.54,56.78671250000116
1.544,59.73007187500116
1.548,46.02304062500116
1.552,59.86093125000116
1.556,64.67538437500116
1.56,61.29647812500116
1.564,54.45077500000116
1.568,54.90975937500116
1.572,53.23007187500116
1.576,48.71835312500116
1.58,57.52108750000116
1.584,54.55429062500116
1.588,48.58163437500116
1.592,46.46249375000116
1.596,33.26718125000116
1.6,48.19686875000116
1.604,47.29452500000116
1.608,47.20468125000116
1.612,51.21444687500116
1.616,40.94100937500116
1.62,48.04647812500116
1.624,45.20663437500116
1.628,46.35507187500116
1.632,42.25936875000116
1.636,56.77890000000116
1.64,48.93905625000116
1.644,47.78671250000116
1.648,51.13436875000116
1.652,45.82577500000116
1.656,47.73593125000116
1.66,48.16757187500116
1.664,55.11288437500116
1.668,58.83163437500116
1.672,51.72811875000116
1.676,44.77890000000116
1.68,58.82382187500116
1.684,59.15975937500116
1.688,56.04452500000116
1.692,56.43710312500116
1.696,51.49569687500116
1.7,50.48983750000116
1.704,29.43515000000116
1.708,42.09335312500116
1.712,58.61679062500116
1.716,45.00546250000116
1.72,38.50350937500116
1.724,44.41952500000116
1.728,37.73007187500116
1.732,42.47030625000116
1.736,37.40780625000116
1.74,36.75350937500116
1.744,41.70858750000116
1.748,42.06405625000116
1.752,40.78671250000116
1.756,53.65585312500116
1.76,47.35311875000116
1.764,54.89022812500116
1.768,56.69491562500116
1.772,65.47811875000116
1.776,60.01522812500116
1.78,62.68319687500116
1.784,59.15585312500116
1.788,63.41952500000116
1.792,64.05429062500116
1.796,57.00546250000116
1.8,55.09335312500116
1.804,53.94686875000116
1.808,46.55624375000116
1.812,56.08358750000116
1.816,58.73202500000116
1.82,49.54452500000116
1.824,47.24765000000116
1.828,48.96835312500116
1.832,38.28866562500116
1.836,42.78085312500116
1.84,41.23007187500116
1.844,51.05819687500116
1.848,45.88436875000116
1.852,56.04452500000116
1.856,48.18124375000116
1.86,59.46444687500116
1.864,60.30038437500116
1.868,55.53671250000116
1.872,81.45858750000116
1.876,52.86093125000116
1.88,62.64413437500116
1.884,60.23397812500116
1.888,64.78280625000116
1.892,69.22616562500116
1.896,66.71835312500116
1.9,74.05624375000116
1.904,61.17343125000116
1.908,40.31991562500116
1.912,28.05429062500116
1.916,63.83554062500116
1.92,64.41171250000116
1.924,44.84921250000116
1.928,58.56600937500116
1.932,38.45468125000116
1.936,49.28085312500116
1.94,56.78866562500116
1.944,50.14413437500116
1.948,35.25741562500116
1.952,51.61874375000116
1.956,45.88632187500116
1.96,50.09725937500116
1.964,49.96054062500116
1.968,50.31210312500116
1.972,37.69100937500116
1.976,38.63632187500116
1.98,37.06600937500116
1.984,37.90975937500116
1.988,48.33163437500116
1.992,35.27108750000116
1.996,38.97421250000116
2.0,44.63241562500116
2.004,44.76327500000116
2.008,39.97616562500116
2.012,38.94882187500116
2.016,44.56405625000116
2.02,44.51327500000116
2.024,40.86288437500116
2.028,50.80819687500116
2.032,44.78671250000116
2.036,39.92343125000116
2.04,42.02499375000116
2.044,48.90780625000116
2.048,49.83749375000116
2.052,54.96640000000116
2.056,49.38241562500116
2.06,48.87265000000116
2.064,55.62069687500116
2.068,51.86093125000116
2.072,51.53085312500116
2.076,46.31015000000116
2.08,50.44686875000116
2.084,45.18515000000116
2.088,52.06991562500116
2.092,47.90390000000116
2.096,58.83554062500116
2.1,55.14608750000116
2.104,58.29843125000116
2.108,60.23397812500116
2.112,63.03280625000116
2.116,61.16561875000116
2.12,56.72616562500116
2.124,60.41171250000116
2.128,58.58358750000116
2.132,59.83358750000116
2.136,61.06015000000116
2.14,55.38827500000116
2.144,60.89218125000116
2.148,77.66952500000116
2.152,68.58944687500116
2.156,72.41952500000116
2.16,53.92538437500116
2.164,75.70468125000116
2.168,87.21640000000116
2.172,70.46835312500116
2.176,102.39413437500116
2.18,113.19296250000116
2.184,120.49179062500116
2.188,146.50350937500116
2.192,144.26522812500116
2.196,118.23202500000116
2.2,168.77304062500116
2.204,169.69100937500116
2.208,157.40390000000116
2.212,170.56015000000116
2.216,183.70858750000116
2.22,197.02108750000116
2.224,192.36679062500116
2.228,192.23983750000116
2.232,185.29452500000116
2.236,179.78085312500116
2.24,214.60311875000116
2.244,183.89218125000116
2.248,183.56015000000116
2.252,172.90780625000116
2.256,189.10311875000116
2.26,176.18124375000116
2.264,158.57772812500116
2.268,155.21640000000116
2.272,158.71835312500116
2.276,159.83749375000116
2.28,153.18319687500116
2.284,157.64804062500116
2.288,146.61679062500116
2.292,144.02499375000116
2.296,156.87655625000116
2.3,140.31991562500116
2.304,146.23397812500116
2.308,143.15585312500116
2.312,146.10311875000116
2.316,150.97421250000116
2.32,143.59725937500116
2.324,132.76913437500116
2.328,135.12655625000116
2.332,136.61288437500116
2.336,134.33749375000116
2.34,114.79452500000116
2.344,126.84140000000116
2.348,128.29061875000116
2.352,129.20468125000116
2.356,126.19882187500116
2.36,118.76718125000116
2.364,117.23983750000116
2.368,108.30429062500116
2.372,107.01913437500116
2.376,111.44882187500116
2.38,105.13632187500116
2.384,99.80038437500116
2.388,105.10897812500116
2.392,96.94882187500116
2.396,94.33163437500116
2.4,96.48202500000116
2.404,107.25546250000116
2.408,95.63046250000116
2.412,107.35507187500116
2.416,97.38827500000116
2.42,101.10702500000116
2.424,90.78866562500116
2.428,78.72421250000116
2.432,97.22225937500116
2.436,84.75155625000116
2.44,77.33358750000116
2.444,89.88436875000116
2.448,84.99179062500116
2.452,81.90194687500116
2.456,96.06600937500116
2.46,76.11874375000116
2.464,65.10311875000116
2.468,83.63436875000116
2.472,79.23202500000116
2.476,83.40975937500116
2.48,80.93124375000116
2.484,73.49179062500116
2.488,78.86874375000116
2.492,70.62850937500116
2.496,80.34335312500116
2.5,79.30038437500116
2.504,73.84725937500116
2.508,78.85116562500116
2.512,70.21249375000116
2.516,71.47225937500116
2.52,75.80819687500116
2.524,69.91952500000116
2.528,73.61288437500116
2.532,71.31991562500116
2.536,78.30038437500116
2.54,82.10897812500116
2.544,75.95077500000116
2.548,75.80624375000116
2.552,66.96640000000116
2.556,82.91757187500116
2.56,66.76132187500116
2.564,82.72616562500116
2.568,74.30429062500116
2.572,71.25936875000116
2.576,59.07772812500116
2.58,73.62069687500116
2.584,66.56015000000116
2.588,83.04452500000116
2.592,63.30624375000116
2.596,56.75936875000116
2.6,59.32772812500116
2.604,62.21249375000116
2.608,58.86288437500116
2.612,59.09140000000116
2.616,53.34725937500116
2.62,47.74765000000116
2.624,59.95663437500116
2.628,50.58944687500116
2.632,59.74765000000116
2.636,56.42538437500116
2.64,62.48007187500116
2.644,64.03866562500116
2.648,56.23007187500116
2.652,73.48397812500116
2.656,63.27304062500116
2.66,61.66561875000116
2.664,58.47030625000116
2.668,47.59335312500116
2.672,58.09921250000116
2.676,48.27499375000116
2.68,50.73007187500116
2.684,47.54647812500116
2.688,56.44100937500116
2.692,57.87460312500116
2.696,51.43124375000116
2.7,57.70077500000116
2.704,53.25741562500116
2.708,62.20663437500116
2.712,60.68905625000116
2.716,59.42343125000116
2.72,46.78671250000116
2.724,41.98983750000116
2.728,57.18710312500116
2.732,56.09140000000116
2.736,51.25741562500116
2.74,47.99374375000116
2.744,71.43905625000116
2.748,55.00350937500116
2.752,58.39218125000116
2.756,58.48593125000116
2.76,68.65585312500116
2.764,57.61483750000116
2.768,60.69296250000116
2.772,66.97421250000116
2.776,56.27108750000116
2.78,66.14804062500116
2.784,57.31210312500116
2.788,69.20468125000116
2.792,64.65194687500116
2.796,60.90585312500116
2.8,61.80624375000116
2.804,57.87460312500116
2.808,48.31991562500116
2.812,59.68319687500116
2.816,48.63241562500116
2.82,43.89999375000116
2.824,44.46835312500116
2.828,49.99179062500116
2.832,39.10311875000116
2.836,47.20858750000116
2.84,45.10897812500116
2.844,36.82968125000116
2.848,31.18319687500116
2.852,29.50155625000116
2.856,38.27499375000116
2.86,20.14413437500116
2.864,21.44686875000116
2.868,15.956634375001158
2.872,-3.4300843749988417
2.876,34.15390000000116
2.88,47.39804062500116
2.884,14.757415625001158
2.888,23.24374375000116
2.892,29.89804062500116
2.896,34.09725937500116
2.9,30.50546250000116
2.904,40.05624375000116
2.908,44.72616562500116
2.912,50.50350937500116
2.916,42.78475937500116
2.92,44.59725937500116
2.924,47.44100937500116
2.928,39.72030625000116
2.932,52.08358750000116
2.936,37.54843125000116
2.94,38.17733750000116
2.944,40.03280625000116
2.948,33.21249375000116
2.952,39.16757187500116
2.956,33.57382187500116
2.96,43.04843125000116
2.964,35.59335312500116
2.968,28.64022812500116
2.972,26.29647812500116
2.976,23.98788437500116
2.98,19.59335312500116
2.984,22.05819687500116
2.988,41.03475937500116
2.992,25.81405625000116
2.996,29.72811875000116
3.0,36.65585312500116
3.004,43.78085312500116
3.008,24.17343125000116
3.012,34.98202500000116
3.016,35.98593125000116
3.02,34.81796250000116
3.024,25.12460312500116
3.028,23.93319687500116
3.032,44.03866562500116
3.036,58.78866562500116
3.04,50.56210312500116
3.044,30.22030625000116
3.048,41.87069687500116
3.052,33.08554062500116
3.056,25.20077500000116
3.06,26.66952500000116
3.064,31.07968125000116
3.068,29.48593125000116
3.072,26.42733750000116
3.076,31.71835312500116
3.08,24.06600937500116
3.084,34.65780625000116
3.088,26.11093125000116
3.092,41.02890000000116
3.096,31.07968125000116
3.1,31.86874375000116
3.104,34.94296250000116
3.108,26.40585312500116
3.112,21.35507187500116
3.116,14.198821875001158
3.12,33.23397812500116
3.124,18.14999375000116
3.128,33.56015000000116
3.132,13.567962500001158
3.136,21.73983750000116
3.14,16.74960312500116
3.144,26.47811875000116
3.148,19.32382187500116
3.152,27.53671250000116
3.156,2.7437437500011583
3.16,11.989837500001158
3.164,21.61874375000116
3.168,18.64999375000116
3.172,14.804290625001158
3.176,13.962493750001158
3.18,14.302337500001158
3.184,21.10116562500116
3.188,30.05624375000116
3.192,23.39022812500116
3.196,22.94296250000116
3.2,20.95663437500116
3.204,28.87265000000116
3.208,24.76522812500116
3.212,16.56210312500116
3.216,25.17147812500116
3.22,18.57577500000116
3.224,18.50350937500116
3.228,9.515228125001158
3.232,5.157806250001158
3.236,18.85311875000116
3.24,10.890228125001158
3.244,15.007415625001158
3.248,16.13827500000116
3.252,8.540618750001158
3.256,23.51913437500116
3.26,9.890228125001158
3.264,21.46640000000116
3.268,29.08163437500116
3.272,23.99374375000116
3.276,18.34335312500116
3.28,21.68710312500116
3.284,20.94882187500116
3.288,27.13046250000116
3.292,27.15390000000116
3.296,21.98983750000116
3.3,24.02694687500116
3.304,30.75155625000116
3.308,25.58163437500116
3.312,24.13827500000116
3.316,20.99179062500116
3.32,27.17733750000116
3.324,20.19686875000116
3.328,20.15975937500116
3.332,22.42929062500116
3.336,15.671478125001158
3.34,-2.8851624999988417
3.344,47.69882187500116
3.348,36.02890000000116
3.352,16.91757187500116
3.356,18.80819687500116
3.36,24.54843125000116
3.364,23.36679062500116
3.368,22.86679062500116
3.372,21.87850937500116
3.376,20.06015000000116
3.38,15.831634375001158
3.384,14.351165625001158
3.388,19.29257187500116
3.392,11.235931250001158
3.396,22.51718125000116
3.4,23.28085312500116
3.404,25.07186875000116
3.408,18.21835312500116
3.412,23.54647812500116
3.416,23.36483750000116
3.42,29.97811875000116
3.424,23.88436875000116
3.428,23.96054062500116
3.432,17.80233750000116
3.436,18.19491562500116
3.44,25.46835312500116
3.444,9.478118750001158
3.448,14.950775000001158
3.452,11.173431250001158
3.456,5.773040625001158
3.46,5.999603125001158
3.464,4.933196875001158
3.468,8.069915625001158
3.472,0.8277281250011583
3.476,7.542571875001158
3.48,12.097259375001158
3.484,2.9331968750011583
3.488,4.925384375001158
3.492,-2.3753968749988417
3.496,4.165618750001158
3.5,-3.9828187499988417
3.504,16.00741562500116
3.508,9.026946875001158
3.512,15.644134375001158
3.516,18.59921250000116
3.52,23.52890000000116
3.524,11.726165625001158
3.528,20.50546250000116
3.532,22.80429062500116
3.536,17.54843125000116
3.54,16.81991562500116
3.544,8.390228125001158
3.548,18.05429062500116
3.552,19.15194687500116
3.556,6.931243750001158
3.56,22.15780625000116
3.564,12.437103125001158
3.568,7.833587500001158
3.572,16.77499375000116
3.576,13.784759375001158
3.58,22.08749375000116
3.584,40.17343125000116
3.588,29.98007187500116
3.592,30.07968125000116
3.596,31.16171250000116
3.6,22.34530625000116
3.604,32.99765000000116
3.608,27.97616562500116
3.612,58.10116562500116
3.616,24.90780625000116
3.62,44.69686875000116
3.624,46.39413437500116
3.628,18.67147812500116
3.632,64.04647812500116
3.636,80.14022812500116
3.64,46.56210312500116
3.644,77.99960312500116
3.648,68.16757187500116
3.652,85.71444687500116
3.656,137.01327500000116
3.66,121.98983750000116
3.664,85.93905625000116
3.668,115.69686875000116
3.672,124.87850937500116
3.676,137.10897812500116
3.68,124.80429062500116
3.684,127.07382187500116
3.688,125.57577500000116
3.692,129.14218125000116
3.696,132.53475937500116
3.7,125.18905625000116
3.704,119.66757187500116
3.708,119.82186875000116
3.712,118.94296250000116
3.716,100.48202500000116
3.72,108.86679062500116
3.724,94.72030625000116
3.728,102.81600937500116
3.732,103.42147812500116
3.736,86.58749375000116
3.74,89.38241562500116
3.744,75.88436875000116
3.748,90.44296250000116
3.752,77.05038437500116
3.756,79.52499375000116
3.76,64.21249375000116
3.764,65.26718125000116
3.768,65.63046250000116
3.772,56.96835312500116
3.776,49.32772812500116
3.78,47.81405625000116
3.784,44.52304062500116
3.788,56.18710312500116
3.792,52.57382187500116
3.796,47.27890000000116
3.8,47.89022812500116
3.804,41.51522812500116
3.808,43.82382187500116
3.812,40.23397812500116
3.816,44.95077500000116
3.82,55.05624375000116
3.824,41.34725937500116
3.828,42.95272812500116
3.832,26.15390000000116
3.836,47.83749375000116
3.84,32.69296250000116
3.844,39.82382187500116
3.848,34.12069687500116
3.852,34.17147812500116
3.856,44.62850937500116
3.86,45.44882187500116
3.864,44.53085312500116
3.868,47.01522812500116
3.872,48.94882187500116
3.876,45.32186875000116
3.88,43.67343125000116
3.884,51.46054062500116
3.888,46.66561875000116
3.892,44.34335312500116
3.896,36.25155625000116
3.9,44.01132187500116
3.904,41.88632187500116
3.908,40.47421250000116
3.912,28.04061875000116
3.916,13.651946875001158
3.92,21.19100937500116
3.924,44.10116562500116
3.928,32.03671250000116
3.932,25.53085312500116
3.936,18.54843125000116
3.94,28.86093125000116
3.944,25.76718125000116
3.948,10.505462500001158
3.952,22.05429062500116
3.956,18.02304062500116
3.96,21.11483750000116
3.964,22.16171250000116
3.968,21.00936875000116
3.972,11.114837500001158
3.976,23.09140000000116
3.98,12.503509375001158
3.984,18.91171250000116
3.988,16.63241562500116
3.992,5.876556250001158
3.996,17.06015000000116
4.0,16.88827500000116
4.004,17.54061875000116
4.008,6.737884375001158
4.012,10.364837500001158
4.016,14.515228125001158
4.02,17.12460312500116
4.024,9.796478125001158
4.028,9.155853125001158
4.032,11.017181250001158
4.036,4.718353125001158
4.04,6.661712500001158
4.044,1.5503843750011583
4.048,11.314056250001158
4.052,15.198821875001158
4.056,15.110931250001158
4.06,21.13436875000116
4.064,12.136321875001158
4.068,14.646087500001158
4.072,3.8121031250011583
4.076,11.462493750001158
4.08,16.70663437500116
4.084,23.99179062500116
4.088,19.20272812500116
4.092,-6.658599999998842
4.096,29.11093125000116
4.1,12.116790625001158
4.104,6.774993750001158
4.108,7.095306250001158
4.112,-6.312896874998842
4.116,-0.5785218749988417
4.12,-1.4007874999988417
4.124,-17.44570937499884
4.128,0.7105406250011583
4.132,-28.51797499999884
4.136,-9.392974999998842
4.14,-4.016021874998842
4.144,-10.475006249998842
4.148,-4.951568749998842
4.152,2.3628843750011583
4.156,-4.000396874998842
4.16,-3.2308656249988417
4.164,-7.928131249998842
4.168,1.8277281250011583
4.172,-1.7289124999988417
4.176,-8.262115624998842
4.18,-2.3441468749988417
4.184,-9.412506249998842
4.188,-13.971099999998842
4.192,-15.178131249998842
4.196,-17.16250624999884
4.2,-7.658599999998842
4.204,-3.9046937499988417
4.208,0.10897812500115833
4.212,0.09921250000115833
4.216,2.0757750000011583
4.22,2.5249937500011583
4.224,-0.6234437499988417
4.228,1.5757750000011583
4.232,2.9156187500011583
4.236,-2.9574281249988417
4.24,11.044525000001158
4.244,0.07382187500115833
4.248,-1.3656312499988417
4.252,-5.365631249998842
4.256,-11.447662499998842
4.26,-12.621490624998842
4.264,-7.945709374998842
4.268,-12.449615624998842
4.272,-11.371490624998842
4.276,-18.43203749999884
4.28,-10.131256249998842
4.284,-14.693756249998842
4.288,-8.297271874998842
4.292,-14.947662499998842
4.296,-12.236724999998842
4.3,-6.957428124998842
4.304,-9.857818749998842
4.308,-20.47305312499884
4.312,-8.756256249998842
4.316,-2.4300843749988417
4.32,-6.312896874998842
4.324,-6.504303124998842
4.328,-7.217193749998842
4.332,1.8941343750011583
4.336,-27.05899062499884
4.34,-21.67617812499884
4.344,3.9839781250011583
4.348,-7.623443749998842
4.352,-10.187896874998842
4.356,-16.85195937499884
4.36,-10.562896874998842
4.364,-7.531646874998842
4.368,-4.725006249998842
4.372,9.993743750001158
4.376,-14.375396874998842
4.38,-12.672271874998842
4.384,-4.019928124998842
4.388,-1.8148499999988417
4.392,-10.139068749998842
4.396,-2.7621156249988417
4.4,-9.771881249998842
4.404,14.583587500001158
4.408,-7.609771874998842
4.412,-1.8851624999988417
4.416,-12.965240624998842
4.42,0.5074156250011583
4.424,-3.1097718749988417
4.428,-10.185943749998842
4.432,-20.74063124999884
4.436,9.187103125001158
4.44,0.26522812500115833
4.444,-3.6468812499988417
4.448,-16.14492812499884
4.452,-13.424224999998842
4.456,-8.326568749998842
4.46,-4.613678124998842
4.464,-9.176178124998842
4.468,-2.0238343749988417
4.472,-12.053131249998842
4.476,-7.057037499998842
4.48,3.1558531250011583
4.484,13.317962500001158
4.488,0.9839781250011583
4.492,9.105071875001158
4.496,-15.211334374998842
4.5,3.5171812500011583
4.504,0.6460875000011583
4.508,-7.367584374998842
4.512,-5.801178124998842
4.516,-5.586334374998842
4.52,2.3453062500011583
4.524,-15.203521874998842
4.528,-17.77578749999884
4.532,4.816009375001158
4.536,-18.67617812499884
4.54,-6.478912499998842
4.544,-12.055084374998842
4.548,-14.281646874998842
4.552,0.8160093750011583
4.556,-15.965240624998842
4.56,-21.63516249999884
4.564,-21.62930312499884
4.568,13.923431250001158
4.572,-2.8656312499988417
4.576,-20.16445937499884
4.58,-9.082428124998842
4.584,-16.27774062499884
4.588,-10.170318749998842
4.592,-15.256256249998842
4.596,-4.908599999998842
4.6,-6.328521874998842
4.604,-12.611724999998842
4.608,-10.051178124998842
4.612,-14.137115624998842
4.616,-12.326568749998842
4.62,-10.920318749998842
4.624,-14.514068749998842
4.628,-17.63711562499884
4.632,-9.850006249998842
4.636,-7.582428124998842
4.64,-12.539459374998842
4.644,-14.723053124998842
4.648,-1.9691468749988417
4.652,-0.6058656249988417
4.656,-5.672271874998842
4.66,-11.062896874998842
4.664,-9.074615624998842
4.668,-15.676178124998842
4.672,-7.984771874998842
4.676,-19.90274062499884
4.68,-12.631256249998842
4.684,-6.514068749998842
4.688,-11.533599999998842
4.692,-12.158599999998842
4.696,-10.873443749998842
4.7,-18.38125624999884
4.704,-23.59609999999884
4.708,-27.07070937499884
4.712,-9.017974999998842
4.716,-19.59805312499884
4.72,-19.10781874999884
4.724,-17.28164687499884
4.728,-16.90664687499884
4.732,-20.04531874999884
4.736,-11.008209374998842
4.74,-6.443756249998842
4.744,-7.951568749998842
4.748,-16.84609999999884
4.752,-16.41250624999884
4.756,-18.77969374999884
4.76,-20.12149062499884
4.764,-16.29922499999884
4.768,-33.37734999999884
4.772,-26.25234999999884
4.776,-27.06484999999884
4.78,-9.154693749998842
4.784,-19.14297499999884
4.788,-13.484771874998842
4.792,-18.23086562499884
4.796,-12.139068749998842
4.8,-14.521881249998842
4.804,-12.666412499998842
4.808,-9.365631249998842
4.812,-12.027740624998842
4.816,-13.971099999998842
4.82,-16.81289687499884
4.824,-14.156646874998842
4.828,-24.16250624999884
4.832,-13.346099999998842
4.836,-19.18594374999884
4.84,-19.44375624999884
4.844,-18.71133437499884
4.848,-8.973053124998842
4.852,-10.920318749998842
4.856,-13.562896874998842
4.86,-17.94766249999884
4.864,-8.879303124998842
4.868,-13.892974999998842
4.872,-29.28359999999884
4.876,-9.930084374998842
4.88,-37.92422499999884
4.884,1.6734312500011583
4.888,-0.44570937499884167
4.892,-11.016021874998842
4.896,-8.226959374998842
4.9,-17.48086562499884
4.904,-7.615631249998842
4.908,-14.217193749998842
4.912,-11.267974999998842
4.916,-24.06680312499884
4.92,-21.00234999999884
4.924,-15.670318749998842
4.928,-23.33438124999884
4.932,-12.228912499998842
4.936,-14.519928124998842
4.94,-24.78555312499884
4.944,-21.65274062499884
4.948,-18.43203749999884
4.952,-19.82070937499884
4.956,-17.55899062499884
4.96,-15.965240624998842
4.964,-11.912506249998842
4.968,-12.389068749998842
4.972,-20.19961562499884
4.976,-12.771881249998842
4.98,-16.59414687499884
4.984,-17.13906874999884
4.988,-6.609771874998842
4.992,-15.117584374998842
4.996,-12.146881249998842
5.0,-16.26797499999884
5.004,-20.60586562499884
5.008,-18.74063124999884
5.012,-20.76992812499884
5.016,-23.30313124999884
5.02,-25.01797499999884
5.024,-24.67617812499884
5.028,-27.42422499999884
5.032,-24.74258437499884
5.036,-24.21719374999884
5.04,-29.02383437499884
5.044,-20.24453749999884
5.048,-26.62149062499884
5.052,-10.891021874998842
5.056,-29.01797499999884
5.06,-21.56289687499884
5.064,-25.07852187499884
5.068,-21.66250624999884
5.072,-23.45352187499884
5.076,-15.168365624998842
5.08,-15.918365624998842
5.084,-14.701568749998842
5.088,-25.14102187499884
5.092,-15.494537499998842
5.096,-19.45742812499884
5.1,-22.64297499999884
5.104,-19.35781874999884
5.108,-16.02969374999884
5.112,-21.31875624999884
5.116,-12.285553124998842
5.12,-14.351959374998842
5.124,-22.12539687499884
5.128,-22.29727187499884
5.132,-19.11367812499884
5.136,-27.03750624999884
5.14,-46.98086562499884
5.144,-22.96133437499884
5.148,-11.709381249998842
5.152,-32.93789687499884
5.156,-25.04336562499884
5.16,-25.44766249999884
5.164,-31.90078749999884
5.168,-37.32266249999884
5.172,-26.37344374999884
5.176,-22.00430312499884
5.18,-27.42617812499884
5.184,-24.28555312499884
5.188,-27.97305312499884
5.192,-26.52969374999884
5.196,-26.26797499999884
5.2,-31.76016249999884
5.204,-31.79727187499884
5.208,-25.29531874999884
5.212,-26.60586562499884
5.216,-29.46719374999884
5.22,-26.86758437499884
5.224,-31.24258437499884
5.228,-27.48867812499884
5.232,-23.08242812499884
5.236,-31.91641249999884
5.24,-17.52774062499884
5.244,-24.49453749999884
5.248,-15.828521874998842
5.252,-17.48867812499884
5.256,-28.95352187499884
5.26,-29.25625624999884
5.264,-28.94375624999884
5.268,-31.06094374999884
5.272,-28.58242812499884
5.276,-27.33438124999884
5.28,-21.46914687499884
5.284,-25.04727187499884
5.288,-20.30313124999884
5.292,-24.21914687499884
5.296,-28.21524062499884
5.3,-43.19570937499884
5.304,-24.35977187499884
5.308,-15.080474999998842
5.312,-33.07070937499884
5.316,-37.28359999999884
5.32,-32.30703749999884
5.324,-36.23867812499884
5.328,-32.35781874999884
5.332,-32.83242812499884
5.336,-30.33828749999884
5.34,-32.35781874999884
5.344,-31.59609999999884
5.348,-26.36563124999884
5.352,-20.39297499999884
5.356,-19.73672499999884
5.36,-14.486724999998842
5.364,-12.623443749998842
5.368,-13.834381249998842
5.372,-22.61172499999884
5.376,-26.13906874999884
5.38,-10.842193749998842
5.384,-17.28164687499884
5.388,-18.01211562499884
5.392,-17.66250624999884
5.396,-25.10391249999884
5.4,-24.51016249999884
5.404,-26.67617812499884
5.408,-34.95547499999884
5.412,-37.50234999999884
5.416,-34.29141249999884
5.42,-35.21914687499884
5.424,-34.02578749999884
5.428,-39.79922499999884
5.432,-22.40078749999884
5.436,-28.95547499999884
5.44,-29.67422499999884
5.444,-31.73672499999884
5.448,-20.23477187499884
5.452,-28.35195937499884
5.456,-33.51211562499884
5.46,-32.25820937499884
5.464,-27.68008437499884
5.468,-20.78164687499884
5.472,-24.05508437499884
5.476,-38.45938124999884
5.48,-19.88516249999884
5.484,-25.36367812499884
5.488,-21.82461562499884
5.492,-25.73281874999884
5.496,-27.98672499999884
5.5,-24.01602187499884
5.504,-12.293365624998842
5.508,-29.01602187499884
5.512,-18.65469374999884
5.516,-24.15274062499884
5.52,-17.99258437499884
5.524,-24.74063124999884
5.528,-25.08047499999884
5.532,-27.71524062499884
5.536,-19.85586562499884
5.54,-17.69961562499884
5.544,-21.03750624999884
5.548,-23.34609999999884
5.552,-24.92227187499884
5.556,-49.60391249999884
5.56,-38.07266249999884
5.564,-10.939849999998842
5.568,-13.055084374998842
5.572,-29.80899062499884
5.576,-25.47109999999884
5.58,-23.97500624999884
5.584,-26.52774062499884
5.588,-22.85000624999884
5.592,-31.03555312499884
5.596,-29.13711562499884
5.6,-26.39492812499884
5.604,-27.29727187499884
5.608,-27.77188124999884
5.612,-25.73281874999884
5.616,-29.83633437499884
5.62,-31.66055312499884
5.624,-23.69766249999884
5.628,-29.63516249999884
5.632,-23.24063124999884
5.636,-19.98672499999884
5.64,-35.08242812499884
5.644,-26.21914687499884
5.648,-31.13711562499884
5.652,-25.10391249999884
5.656,-26.83828749999884
5.66,-22.90469374999884
5.664,-26.38906874999884
5.668,-26.74258437499884
5.672,-32.99453749999884
5.676,-30.89883437499884
5.68,-40.34414687499884
5.684,-14.228912499998842
5.688,-31.86758437499884
5.692,-34.34024062499884
5.696,-30.42422499999884
5.7,-25.69961562499884
5.704,-26.29922499999884
5.708,-29.94961562499884
5.712,-14.062896874998842
5.716,-17.04922499999884
5.72,-13.584381249998842
5.724,-19.66836562499884
5.728,-22.20742812499884
5.732,-27.22109999999884
5.736,-27.81484999999884
5.74,-29.35195937499884
5.744,-23.94570937499884
5.748,-31.01602187499884
5.752,-26.01992812499884
5.756,-31.05313124999884
5.76,-35.91055312499884
5.764,-35.02969374999884
5.768,-37.02578749999884
5.772,-30.92422499999884
5.776,-36.75820937499884
5.78,-34.09024062499884
5.784,-30.23477187499884
5.788,-34.82266249999884
5.792,-35.40274062499884
5.796,-29.74844374999884
5.8,-35.53945937499884
5.804,-22.47500624999884
5.808,-32.49258437499884
5.812,-42.53359999999884
5.816,-8.574615624998842
5.82,-43.42617812499884
5.824,-26.98086562499884
5.828,-35.60977187499884
5.832,-28.18984999999884
5.836,-17.84805312499884
5.84,-30.09414687499884
5.844,-21.60391249999884
5.848,-10.441803124998842
5.852,-17.36172499999884
5.856,-23.93008437499884
5.86,-24.36367812499884
5.864,-24.89492812499884
5.868,-26.03555312499884
5.872,-23.90469374999884
5.876,-30.57852187499884
5.88,-32.39688124999884
5.884,-28.62149062499884
5.888,-29.79336562499884
5.892,-39.95352187499884
5.896,-48.17031874999884
5.9,-32.33633437499884
5.904,-31.53945937499884
5.908,-35.36758437499884
5.912,-46.96133437499884
5.916,-37.56289687499884
5.92,-36.82266249999884
5.924,-45.69570937499884
5.928,-44.90859999999884
5.932,-39.80899062499884
5.936,-46.05899062499884
5.94,-48.59609999999884
5.944,-44.11367812499884
5.948,-52.86758437499884
5.952,-37.03555312499884
5.956,-42.35000624999884
5.96,-43.71719374999884
5.964,-54.53164687499884
5.968,-32.60781874999884
5.972,-45.25625624999884
5.976,-43.09219374999884
5.98,-47.00234999999884
5.984,-40.62344374999884
5.988,-40.62930312499884
5.992,-41.77383437499884
5.996,-43.33633437499884
6.0,-52.31680312499884
6.004,-24.27969374999884
6.008,-50.26992812499884
6.012,-44.78359999999884
6.016,-56.81875624999884
6.02,-36.41055312499884
6.024,-43.29141249999884
6.028,-48.24649062499884
6.032,-49.29141249999884
6.036,-46.09024062499884
6.04,-37.88125624999884
6.044,-46.32461562499884
6.048,-33.83438124999884
6.052,-35.30703749999884
6.056,-36.14883437499884
6.06,-37.97695937499884
6.064,-32.08828749999884
6.068,-29.67422499999884
6.072,-38.62539687499884
6.076,-29.33633437499884
6.08,-26.13906874999884
6.084,-29.74844374999884
6.088,-27.55508437499884
6.092,-43.42617812499884
6.096,-41.59414687499884
6.1,-39.83438124999884
6.104,-32.37344374999884
6.108,-38.31875624999884
6.112,-38.01211562499884
6.116,-38.91055312499884
6.12,-36.19570937499884
6.124,-38.25234999999884
6.128,-37.08438124999884
6.132,-40.48086562499884
6.136,-33.02969374999884
6.14,-39.75234999999884
6.144,-34.86758437499884
6.148,-33.85781874999884
6.152,-33.30508437499884
6.156,-33.09805312499884
6.16,-35.83438124999884
6.164,-27.56484999999884
6.168,-35.93008437499884
6.172,-46.59219374999884
6.176,-22.91836562499884
6.18,-25.44766249999884
6.184,-31.73477187499884
6.188,-35.62539687499884
6.192,-52.62344374999884
6.196,-35.19375624999884
6.2,-33.32656874999884
6.204,-35.25430312499884
6.208,-38.61563124999884
6.212,-39.92422499999884
6.216,-35.69180312499884
6.22,-31.07852187499884
6.224,-31.77969374999884
6.228,-27.23867812499884
6.232,-28.72305312499884
6.236,-29.70938124999884
6.24,-32.52969374999884
6.244,-26.16445937499884
6.248,-30.64688124999884
6.252,-22.02578749999884
6.256,-28.25430312499884
6.26,-34.48086562499884
6.264,-19.57266249999884
6.268,-27.95156874999884
6.272,-28.46133437499884
6.276,-44.12149062499884
6.28,-34.36758437499884
6.284,-29.05313124999884
6.288,-29.62734999999884
6.292,-40.30899062499884
6.296,-41.05508437499884
6.3,-24.86953749999884
6.304,-24.09414687499884
6.308,-29.79336562499884
6.312,-35.25430312499884
6.316,-30.93399062499884
6.32,-20.51992812499884
6.324,-22.72305312499884
6.328,-28.54922499999884
6.332,-29.64297499999884
6.336,-28.20352187499884
6.34,-33.26016249999884
6.344,-31.45938124999884
6.348,-27.05899062499884
6.352,-30.28750624999884
6.356,-28.31484999999884
6.36,-24.39492812499884
6.364,-17.09219374999884
6.368,-36.75820937499884
6.372,-39.50625624999884
6.376,-27.93789687499884
6.38,-8.971099999998842
6.384,-20.32070937499884
6.388,-33.65859999999884
6.392,-19.73477187499884
6.396,-17.93399062499884
6.4,-18.90469374999884
6.404,-21.47695937499884
6.408,-39.47500624999884
6.412,-23.19766249999884
6.416,-25.36172499999884
6.42,-24.94961562499884
6.424,-29.15469374999884
6.428,-30.56875624999884
6.432,-25.25234999999884
6.436,-33.45938124999884
6.44,-29.82656874999884
6.444,-40.55117812499884
6.448,-28.88711562499884
6.452,-32.81680312499884
6.456,-35.51016249999884
6.46,-32.64297499999884
6.464,-29.36172499999884
6.468,-37.81875624999884
6.472,-45.41445937499884
6.476,-48.73281874999884
6.48,-46.05508437499884
6.484,-43.30508437499884
6.488,-41.68984999999884
6.492,-43.22500624999884
6.496,-38.59219374999884
6.5,-36.22109999999884
6.504,-30.37734999999884
6.508,-34.15078749999884
6.512,-30.87149062499884
6.516,-29.30703749999884
6.52,-26.76406874999884
6.524,-30.51016249999884
6.528,-34.66836562499884
6.532,-32.26797499999884
6.536,-27.46133437499884
6.54,-37.61367812499884
6.544,-25.90078749999884
6.548,-25.72109999999884
6.552,-27.09219374999884
6.556,-44.26797499999884
6.56,-19.06875624999884
6.564,-31.00234999999884
6.568,-34.90078749999884
6.572,-37.49063124999884
6.576,-36.18594374999884
6.58,-30.70547499999884
6.584,-30.64102187499884
6.588,-42.27578749999884
6.592,-39.45938124999884
6.596,-35.98086562499884
6.6,-34.73672499999884
6.604,-35.49649062499884
6.608,-44.84609999999884
6.612,-36.61367812499884
6.616,-34.86563124999884
6.62,-36.44180312499884
6.624,-37.36367812499884
6.628,-36.11953749999884
6.632,-36.94766249999884
6.636,-35.05899062499884
6.64,-34.55703749999884
6.644,-41.77383437499884
6.648,-44.21719374999884
6.652,-37.36367812499884
6.656,-43.66641249999884
6.66,-40.25234999999884
6.664,-43.00234999999884
6.668,-33.61563124999884
6.672,-43.26992812499884
6.676,-60.20547499999884
6.68,-29.72500624999884
6.684,-22.72891249999884
6.688,-30.18789687499884
6.692,-38.82266249999884
6.696,-36.99258437499884
6.7,-26.17617812499884
6.704,-30.02383437499884
6.708,-38.68984999999884
6.712,-37.61367812499884
6.716,-40.51406874999884
6.72,-30.75625624999884
6.724,-37.68203749999884
6.728,-38.69570937499884
6.732,-34.87149062499884
6.736,-32.90078749999884
6.74,-45.91055312499884
6.744,-42.15274062499884
6.748,-50.00625624999884
6.752,-35.28359999999884
6.756,-47.16641249999884
6.76,-45.06289687499884
6.764,-48.70547499999884
6.768,-44.81289687499884
6.772,-44.01992812499884
6.776,-50.93203749999884
6.78,-51.27774062499884
6.784,-47.07656874999884
6.788,-53.31875624999884
6.792,-45.07461562499884
6.796,-44.44766249999884
6.8,-48.43984999999884
6.804,-48.35195937499884
6.808,-44.78555312499884
6.812,-48.34414687499884
6.816,-40.65469374999884
6.82,-42.99844374999884
6.824,-47.77578749999884
6.828,-58.93789687499884
6.832,-49.59609999999884
6.836,-43.26211562499884
6.84,-44.99453749999884
6.844,-44.20742812499884
6.848,-52.85586562499884
6.852,-37.74453749999884
6.856,-40.79141249999884
6.86,-49.21719374999884
6.864,-46.65859999999884
6.868,-44.57266249999884
6.872,-42.95156874999884
6.876,-36.09414687499884
6.88,-41.78945937499884
6.884,-36.09219374999884
6.888,-44.52578749999884
6.892,-43.79336562499884
6.896,-41.89492812499884
6.9,-48.69961562499884
6.904,-47.68789687499884
6.908,-48.41836562499884
6.912,-49.43203749999884
6.916,-53.29922499999884
6.92,-63.42422499999884
6.924,-43.93008437499884
6.928,-41.10977187499884
6.932,-60.98086562499884
6.936,-46.42617812499884
6.94,-56.61367812499884
6.944,-50.50234999999884
6.948,-52.17422499999884
6.952,-44.25820937499884
6.956,-52.24258437499884
6.96,-54.82656874999884
6.964,-47.25430312499884
6.968,-44.11953749999884
6.972,-52.35195937499884
6.976,-46.37734999999884
6.98,-56.95742812499884
6.984,-47.50820937499884
6.988,-42.23477187499884
6.992,-55.83438124999884
6.996,-49.73281874999884
7.0,-50.64883437499884
7.004,-48.42422499999884
7.008,-55.83828749999884
7.012,-49.19180312499884
7.016,-59.91836562499884
7.02,-49.79336562499884
7.024,-56.99844374999884
7.028,-52.20156874999884
7.032,-61.30703749999884
7.036,-58.29922499999884
7.04,-38.42422499999884
7.044,-56.94961562499884
7.048,-45.42813124999884
7.052,-60.26211562499884
7.056,-60.20938124999884
7.06,-62.52578749999884
7.064,-79.69375624999884
7.068,-62.47695937499884
7.072,-50.00234999999884
7.076,-45.15274062499884
7.08,-52.96133437499884
7.084,-49.07852187499884
7.088,-52.17031874999884
7.092,-37.57852187499884
7.096,-35.47891249999884
7.1,-49.74453749999884
7.104,-52.28555312499884
7.108,-51.22891249999884
7.112,-54.72891249999884
7.116,-54.12149062499884
7.12,-56.33633437499884
7.124,-46.96328749999884
7.128,-58.83047499999884
7.132,-45.24453749999884
7.136,-49.26992812499884
7.14,-60.21328749999884
7.144,-27.51992812499884
7.148,-47.66250624999884
7.152,-46.77188124999884
7.156,-46.15274062499884
7.16,-52.86758437499884
7.164,-51.04336562499884
7.168,-34.33242812499884
7.172,-50.33633437499884
7.176,-60.70156874999884
7.18,-58.31289687499884
7.184,-47.00234999999884
7.188,-60.16055312499884
7.192,-53.51602187499884
7.196,-50.56875624999884
7.2,-59.17617812499884
7.204,-50.54531874999884
7.208,-53.57461562499884
7.212,-54.46328749999884
7.216,-42.68008437499884
7.22,-50.44375624999884
7.224,-51.73477187499884
7.228,-54.41836562499884
7.232,-50.16641249999884
7.236,-55.70547499999884
7.24,-57.92617812499884
7.244,-62.97305312499884
7.248,-55.23086562499884
7.252,-54.84609999999884
7.256,-48.34414687499884
7.26,-42.12930312499884
7.264,-48.81875624999884
7.268,-45.28555312499884
7.272,-57.24453749999884
7.276,-62.23867812499884
7.28,-59.38125624999884
7.284,-27.35977187499884
7.288,-44.76992812499884
7.292,-63.78555312499884
7.296,-61.22109999999884
7.3,-40.50820937499884
7.304,-46.16641249999884
7.308,-44.18984999999884
7.312,-51.19766249999884
7.316,-51.13906874999884
7.32,-47.87539687499884
7.324,-54.48867812499884
7.328,-46.49453749999884
7.332,-48.32461562499884
7.336,-34.45547499999884
7.34,-46.21133437499884
7.344,-43.63906874999884
7.348,-41.67617812499884
7.352,-49.06094374999884
7.356,-47.93203749999884
7.36,-50.33828749999884
7.364,-46.20547499999884
7.368,-50.83633437499884
7.372,-50.21328749999884
7.376,-48.16250624999884
7.38,-59.12344374999884
7.384,-44.92813124999884
7.388,-76.55117812499884
7.392,-54.19570937499884
7.396,-59.79727187499884
7.4,-46.89297499999884
7.404,-47.77578749999884
7.408,-42.68984999999884
7.412,-54.03945937499884
7.416,-51.04531874999884
7.42,-44.29727187499884
7.424,-46.02969374999884
7.428,-34.05899062499884
7.432,-37.33633437499884
7.436,-40.17813124999884
7.44,-64.57461562499884
7.444,-60.77188124999884
7.448,-26.30508437499884
7.452,-38.47109999999884
7.456,-47.97109999999884
7.46,-44.92813124999884
7.464,-47.67227187499884
7.468,-33.68008437499884
7.472,-46.04531874999884
7.476,-43.67617812499884
7.48,-48.91055312499884
7.484,-56.01992812499884
7.488,-29.69180312499884
7.492,-31.78750624999884
7.496,-36.56680312499884
7.5,-32.42617812499884
7.504,-38.47500624999884
7.508,-39.76992812499884
7.512,-45.01406874999884
7.516,-40.78359999999884
7.52,-40.45547499999884
7.524,-50.66250624999884
7.528,-32.26797499999884
7.532,-39.74453749999884
7.536,-30.63125624999884
7.54,-46.66250624999884
7.544,-39.04922499999884
7.548,-40.39297499999884
7.552,-36.60977187499884
7.556,-41.32266249999884
7.56,-45.44180312499884
7.564,-68.72500624999884
7.568,-53.02774062499884
7.572,-56.61172499999884
7.576,-61.40274062499884
7.58,-53.42617812499884
7.584,-50.83828749999884
7.588,-52.50430312499884
7.592,-51.05313124999884
7.596,-43.30117812499884
7.6,-40.44570937499884
7.604,-42.10391249999884
7.608,-45.35391249999884
7.612,-40.21719374999884
7.616,-45.91641249999884
7.62,-34.50430312499884
7.624,-45.80703749999884
7.628,-35.37930312499884
7.632,-55.91445937499884
7.636,-51.95938124999884
7.64,-41.82852187499884
7.644,-42.97109999999884
7.648,-47.77969374999884
7.652,-61.87149062499884
7.656,-47.00430312499884
7.66,-62.28555312499884
7.664,-54.41836562499884
7.668,-46.15664687499884
7.672,-49.25820937499884
7.676,-64.77383437499884
7.68,-56.14688124999884
7.684,-59.16055312499884
7.688,-54.61758437499884
7.692,-51.65078749999884
7.696,-57.94375624999884
7.7,-53.20352187499884
7.704,-58.18984999999884
7.708,-50.94375624999884
7.712,-60.91836562499884
7.716,-51.44180312499884
7.72,-48.42813124999884
7.724,-58.19375624999884
7.728,-58.99844374999884
7.732,-58.31289687499884
7.736,-51.65274062499884
7.74,-62.02578749999884
7.744,-74.43008437499884
7.748,-58.68399062499884
7.752,-51.11367812499884
7.756,-51.74649062499884
7.76,-65.48086562499884
7.764,-35.08438124999884
7.768,-46.56484999999884
7.772,-34.92617812499884
7.776,-40.09805312499884
7.78,-39.28945937499884
7.784,-33.47695937499884
7.788,-40.31680312499884
7.792,-37.86953749999884
7.796,-52.46133437499884
7.8,-42.64688124999884
7.804,-47.48867812499884
7.808,-58.72695937499884
7.812,-59.06484999999884
7.816,-58.53945937499884
7.82,-57.86563124999884
7.824,-62.52774062499884
7.828,-69.73281874999884
7.832,-73.31094374999884
7.836,-37.14492812499884
7.84,-55.27578749999884
7.844,-49.53359999999884
7.848,-46.16250624999884
7.852,-40.39297499999884
7.856,-45.17422499999884
7.86,-33.36953749999884
7.864,-36.91641249999884
7.868,-46.88516249999884
7.872,-39.83438124999884
7.876,-48.60195937499884
7.88,-45.58828749999884
7.884,-49.17422499999884
7.888,-46.71914687499884
7.892,-68.20742812499884
7.896,-50.36172499999884
7.9,-59.44766249999884
7.904,-54.35781874999884
7.908,-61.77774062499884
7.912,-63.16250624999884
7.916,-58.42813124999884
7.92,-63.08633437499884
7.924,-71.40859999999884
7.928,-66.14492812499884
7.932,-62.74258437499884
7.936,-55.13516249999884
7.94,-68.17422499999884
7.944,-63.83828749999884
7.948,-58.04922499999884
7.952,-67.52578749999884
7.956,-60.41445937499884
7.96,-57.53359999999884
7.964,-59.13516249999884
7.968,-56.98281874999884
7.972,-77.55313124999884
7.976,-65.72891249999884
7.98,-67.94961562499884
7.984,-59.42617812499884
7.988,-68.10391249999884
7.992,-68.24063124999884
7.996,-70.09609999999884
8.0,-72.04922499999884
8.004,-63.34024062499884
8.008,-63.96914687499884
8.012,-69.00820937499884
8.016,-52.49649062499884
8.02,-49.56680312499884
8.024,-56.20938124999884
8.028,-50.44375624999884
8.032,-67.07852187499884
8.036,-47.17227187499884
8.04,-45.43984999999884
8.044,-53.98281874999884
8.048,-66.65274062499884
8.052,-47.88320937499884
8.056,-55.20547499999884
8.06,-60.53945937499884
8.064,-42.77383437499884
8.068,-51.02774062499884
8.072,-65.04922499999884
8.076,-65.76211562499884
8.08,-64.67422499999884
8.084,-79.33047499999884
8.088,-69.93203749999884
8.092,-62.50625624999884
8.096,-68.66055312499884
8.1,-72.09805312499884
8.104,-71.42422499999884
8.108,-71.15859999999884
8.112,-53.01602187499884
8.116,-58.39688124999884
8.12,-52.34805312499884
8.124,-65.21133437499884
8.128,-61.24649062499884
8.132,-61.34219374999884
8.136,-62.10586562499884
8.14,-65.91641249999884
8.144,-62.42227187499884
8.148,-69.55117812499884
8.152,-62.88125624999884
8.156,-75.37930312499884
8.16,-70.10391249999884
8.164,-72.97305312499884
8.168,-80.88906874999884
8.172,-82.45938124999884
8.176,-85.41055312499884
8.18,-75.12930312499884
8.184,-80.85391249999884
8.188,-77.32070937499884
8.192,-78.27774062499884
8.196,-75.82852187499884
8.2,-76.16250624999884
8.204,-79.70156874999884
8.208,-66.89688124999884
8.212,-75.89102187499884
8.216,-74.41055312499884
8.22,-74.03945937499884
8.224,-74.03164687499884
8.228,-74.21133437499884
8.232,-69.62344374999884
8.236,-70.21524062499884
8.24,-83.25039687499884
8.244,-63.62344374999884
8.248,-73.53945937499884
8.252,-71.21914687499884
8.256,-68.66055312499884
8.26,-74.63906874999884
8.264,-74.13320937499884
8.268,-69.94961562499884
8.272,-67.37149062499884
8.276,-70.15469374999884
8.28,-66.53359999999884
8.284,-67.51016249999884
8.288,-69.75234999999884
8.292,-71.84609999999884
8.296,-67.27578749999884
8.3,-78.99453749999884
8.304,-60.20156874999884
8.308,-88.66641249999884
8.312,-67.01602187499884
8.316,-55.38125624999884
8.32,-63.46524062499884
8.324,-63.80508437499884
8.328,-62.20547499999884
8.332,-67.30899062499884
8.336,-57.13125624999884
8.34,-56.32852187499884
8.344,-61.43984999999884
8.348,-63.94180312499884
8.352,-53.77383437499884
8.356,-58.99649062499884
8.36,-62.60586562499884
8.364,-66.38320937499884
8.368,-57.07656874999884
8.372,-65.45352187499884
8.376,-60.92617812499884
8.38,-58.47891249999884
8.384,-56.14883437499884
8.388,-57.74453749999884
8.392,-45.96328749999884
8.396,-57.35586562499884
8.4,-68.81094374999884
8.404,-47.64102187499884
8.408,-52.33828749999884
8.412,-61.67227187499884
8.416,-55.63125624999884
8.42,-24.99649062499884
8.424,-40.79727187499884
8.428,-42.24844374999884
8.432,-44.55313124999884
8.436,-29.18789687499884
8.44,-38.31875624999884
8.444,-33.60586562499884
8.448,-28.29336562499884
8.452,-24.58047499999884
8.456,-30.62344374999884
8.46,-32.90078749999884
8.464,-40.49649062499884
8.468,-46.32266249999884
8.472,-44.64297499999884
8.476,-57.66055312499884
8.48,-37.21719374999884
8.484,-40.30703749999884
8.488,-50.09609999999884
8.492,-44.41641249999884
8.496,-52.87344374999884
8.5,-51.21719374999884
8.504,-53.10781874999884
8.508,-50.94961562499884
8.512,-45.78750624999884
8.516,-45.85781874999884
8.52,-41.56680312499884
8.524,-52.34219374999884
8.528,-48.98086562499884
8.532,-40.32656874999884
8.536,-46.63320937499884
8.54,-42.61953749999884
8.544,-59.76992812499884
8.548,-42.92031874999884
8.552,-42.22891249999884
8.556,-57.37539687499884
8.56,-50.50820937499884
8.564,-58.89492812499884
8.568,-38.22500624999884
8.572,-55.78750624999884
8.576,-40.19570937499884
8.58,-40.50820937499884
8.584,-42.32070937499884
8.588,-56.25625624999884
8.592,-55.90469374999884
8.596,-54.55703749999884
8.6,-58.85977187499884
8.604,-61.06875624999884
8.608,-60.26211562499884
8.612,-61.82461562499884
8.616,-60.73672499999884
8.62,-51.97500624999884
8.624,-53.72695937499884
8.628,-50.87539687499884
8.632,-40.70156874999884
8.636,-48.41445937499884
8.64,-48.44766249999884
8.644,-56.11953749999884
8.648,-57.37344374999884
8.652,-52.15664687499884
8.656,-57.45938124999884
8.66,-61.96328749999884
8.664,-75.58047499999884
8.668,-72.88320937499884
8.672,-48.82656874999884
8.676,-68.24649062499884
8.68,-73.25039687499884
8.684,-82.49844374999884
8.688,-57.44180312499884
8.692,-58.57852187499884
8.696,-68.82461562499884
8.7,-66.49063124999884
8.704,-68.84609999999884
8.708,-71.51992812499884
8.712,-75.55313124999884
8.716,-62.57656874999884
8.72,-63.49453749999884
8.724,-77.70742812499884
8.728,-53.85195937499884
8.732,-61.93984999999884
8.736,-54.83438124999884
8.74,-51.67813124999884
8.744,-64.18984999999884
8.748,-66.14297499999884
8.752,-52.22500624999884
8.756,-70.14688124999884
8.76,-71.71719374999884
8.764,-69.91445937499884
8.768,-75.49258437499884
8.772,-75.42227187499884
8.776,-78.49258437499884
8.78,-69.43008437499884
8.784,-76.60781874999884
8.788,-78.15859999999884
8.792,-65.10586562499884
8.796,-80.22500624999884
8.8,-71.95156874999884
8.804,-79.79922499999884
8.808,-71.75234999999884
8.812,-65.29141249999884
8.816,-73.19766249999884
8.82,-72.14297499999884
8.824,-72.18399062499884
8.828,-71.50625624999884
8.832,-73.51602187499884
8.836,-77.33242812499884
8.84,-67.96133437499884
8.844,-81.50039687499884
8.848,-84.46719374999884
8.852,-91.32461562499884
8.856,-83.36563124999884
8.86,-82.75820937499884
8.864,-82.35391249999884
8.868,-77.66445937499884
8.872,-80.40664687499884
8.876,-81.95156874999884
8.88,-70.86367812499884
8.884,-67.12930312499884
8.888,-67.18203749999884
8.892,-68.90274062499884
8.896,-68.67813124999884
8.9,-73.66836562499884
8.904,-69.68984999999884
8.908,-81.65274062499884
8.912,-64.92422499999884
8.916,-60.03750624999884
8.92,-67.33633437499884
8.924,-74.87344374999884
8.928,-84.68789687499884
8.932,-81.35000624999884
8.936,-80.55313124999884
8.94,-90.82070937499884
8.944,-82.95156874999884
8.948,-81.43008437499884
8.952,-80.15274062499884
8.956,-82.86953749999884
8.96,-83.55508437499884
8.964,-80.16055312499884
8.968,-71.87539687499884
8.972,-75.48086562499884
8.976,-78.91055312499884
8.98,-77.61367812499884
8.984,-68.47695937499884
8.988,-68.65664687499884
8.992,-70.41055312499884
8.996,-69.02578749999884
9.0,-61.53164687499884
9.004,-72.92031874999884
9.008,-72.53945937499884
9.012,-78.66250624999884
9.016,-72.93594374999884
9.02,-78.16445937499884
9.024,-87.02383437499884
9.028,-84.54727187499884
9.032,-78.86953749999884
9.036,-85.20352187499884
9.04,-80.31680312499884
9.044,-82.27578749999884
9.048,-82.32656874999884
9.052,-79.50039687499884
9.056,-83.66641249999884
9.06,-79.21524062499884
9.064,-81.12930312499884
9.068,-79.39492812499884
9.072,-74.95547499999884
9.076,-73.77969374999884
9.08,-75.59414687499884
9.084,-70.38320937499884
9.088,-72.07070937499884
9.092,-78.37734999999884
9.096,-70.87930312499884
9.1,-75.62930312499884
9.104,-72.28945937499884
9.108,-80.09219374999884
9.112,-80.22500624999884
9.116,-75.49844374999884
9.12,-86.45352187499884
9.124,-82.04531874999884
9.128,-80.68984999999884
9.132,-83.32070937499884
9.136,-104.43008437499884
9.14,-88.73281874999884
9.144,-75.55508437499884
9.148,-80.35977187499884
9.152,-73.70547499999884
9.156,-77.60781874999884
9.16,-70.19180312499884
9.164,-73.84024062499884
9.168,-57.70742812499884
9.172,-73.35391249999884
9.176,-75.20742812499884
9.18,-67.92227187499884
9.184,-68.64883437499884
9.188,-76.96719374999884
9.192,-74.95352187499884
9.196,-76.11953749999884
9.2,-76.80508437499884
9.204,-77.00039687499884
9.208,-80.77188124999884
9.212,-83.91445937499884
9.216,-82.94766249999884
9.22,-86.84219374999884
9.224,-82.89883437499884
9.228,-86.80117812499884
9.232,-76.73477187499884
9.236,-80.43984999999884
9.24,-77.71719374999884
9.244,-76.30313124999884
9.248,-75.13711562499884
9.252,-61.28555312499884
9.256,-70.59414687499884
9.26,-75.45547499999884
9.264,-53.90859999999884
9.268,-56.27578749999884
9.272,-64.83828749999884
9.276,-80.59024062499884
9.28,-65.39883437499884
9.284,-73.60000624999884
9.288,-73.22891249999884
9.292,-78.08242812499884
9.296,-71.61758437499884
9.3,-78.77969374999884
9.304,-79.21914687499884
9.308,-86.10000624999884
9.312,-79.16641249999884
9.316,-81.49063124999884
9.32,-81.70156874999884
9.324,-87.43789687499884
9.328,-82.79141249999884
9.332,-83.01602187499884
9.336,-77.78945937499884
9.34,-64.03750624999884
9.344,-65.90859999999884
9.348,-62.06094374999884
9.352,-67.68789687499884
9.356,-74.54922499999884
9.36,-90.43203749999884
9.364,-52.63906874999884
9.368,-64.03945937499884
9.372,-62.18789687499884
9.376,-72.85781874999884
9.38,-76.18789687499884
9.384,-68.34219374999884
9.388,-83.43399062499884
9.392,-92.50820937499884
9.396,-85.69180312499884
9.4,-88.82266249999884
9.404,-91.00234999999884
9.408,-92.43789687499884
9.412,-85.97109999999884
9.416,-79.07266249999884
9.42,-67.80313124999884
9.424,-72.28359999999884
9.428,-66.35000624999884
9.432,-71.79141249999884
9.436,-68.47109999999884
9.44,-73.26406874999884
9.444,-77.07266249999884
9.448,-75.21524062499884
9.452,-84.66836562499884
9.456,-85.36563124999884
9.46,-75.02774062499884
9.464,-81.75820937499884
9.468,-79.07266249999884
9.472,-88.98672499999884
9.476,-82.25625624999884
9.48,-81.87930312499884
9.484,-83.81289687499884
9.488,-85.54141249999884
9.492,-82.75820937499884
9.496,-77.38906874999884
9.5,-73.43984999999884
9.504,-89.92227187499884
9.508,-81.09414687499884
9.512,-82.41250624999884
9.516,-79.63711562499884
9.52,-75.16641249999884
9.524,-72.70547499999884
9.528,-71.47500624999884
9.532,-74.35781874999884
9.536,-72.10781874999884
9.54,-81.80508437499884
9.544,-77.82266249999884
9.548,-75.43789687499884
9.552,-82.15664687499884
9.556,-87.75820937499884
9.56,-89.81875624999884
9.564,-92.46524062499884
9.568,-98.49844374999884
9.572,-91.92813124999884
9.576,-94.89883437499884
9.58,-91.38906874999884
9.584,-86.85000624999884
9.588,-88.62734999999884
9.592,-90.86758437499884
9.596,-82.46719374999884
9.6,-79.06484999999884
9.604,-75.85195937499884
9.608,-82.82266249999884
9.612,-80.03555312499884
9.616,-81.71719374999884
9.62,-101.56680312499884
9.624,-66.22891249999884
9.628,-67.44375624999884
9.632,-78.80117812499884
9.636,-71.48867812499884
9.64,-87.02383437499884
9.644,-92.58633437499884
9.648,-89.33633437499884
9.652,-94.94961562499884
9.656,-100.39688124999884
9.66,-99.79727187499884
9.664,-88.98086562499884
9.668,-92.87539687499884
9.672,-86.73867812499884
9.676,-95.06289687499884
9.68,-77.36172499999884
9.684,-80.98867812499884
9.688,-76.14102187499884
9.692,-84.59609999999884
9.696,-85.96524062499884
9.7,-80.91445937499884
9.704,-82.53359999999884
9.708,-87.32656874999884
9.712,-82.27774062499884
9.716,-77.86367812499884
9.72,-85.72695937499884
9.724,-90.86758437499884
9.728,-98.58047499999884
9.732,-88.03750624999884
9.736,-108.09609999999884
9.74,-97.67422499999884
9.744,-101.71914687499884
9.748,-95.51211562499884
9.752,-98.07656874999884
9.756,-101.97500624999884
9.76,-97.68789687499884
9.764,-99.57656874999884
9.768,-91.53750624999884
9.772,-99.45352187499884
9.776,-100.33242812499884
9.78,-86.66055312499884
9.784,-88.00625624999884
9.788,-84.62149062499884
9.792,-93.20352187499884
9.796,-100.46328749999884
9.8,-106.62734999999884
9.804,-68.56875624999884
9.808,-74.44570937499884
9.812,-97.90664687499884
9.816,-100.32656874999884
9.82,-95.88320937499884
9.824,-100.15274062499884
9.828,-100.59414687499884
9.832,-107.99453749999884
9.836,-105.82656874999884
9.84,-105.39492812499884
9.844,-110.08047499999884
9.848,-93.16055312499884
9.852,-101.20742812499884
9.856,-103.15274062499884
9.86,-98.60000624999884
9.864,-98.78750624999884
9.868,-101.96914687499884
9.872,-94.41641249999884
9.876,-96.86563124999884
9.88,-79.18399062499884
9.884,-87.57461562499884
9.888,-80.48281874999884
9.892,-90.17813124999884
9.896,-87.05899062499884
9.9,-86.27969374999884
9.904,-96.76797499999884
9.908,-105.24649062499884
9.912,-106.91250624999884
9.916,-103.25625624999884
9.92,-105.02383437499884
9.924,-113.43789687499884
9.928,-103.10000624999884
9.932,-102.01016249999884
9.936,-108.00039687499884
9.94,-101.70742812499884
9.944,-104.24453749999884
9.948,-92.78945937499884
9.952,-100.60391249999884
9.956,-91.95156874999884
9.96,-91.88320937499884
9.964,-91.59805312499884
9.968,-93.59219374999884
9.972,-87.94766249999884
9.976,-93.87149062499884
9.98,-93.59414687499884
9.984,-103.81484999999884
9.988,-94.75039687499884
9.992,-103.79141249999884
9.996,-102.51602187499884
